model,horizon,item_id,n,mae,rmse,mase,rmsse,mean_actual,bias,worst_abs_error
Chronos2-COV-LEAN,6,BE_BLOCK_OHT,142,0.6430201609873435,0.9971374880181849,0.6779545169102105,0.6238569738450024,1.7737323943661973,0.09485076469434821,5.188808526992798
Chronos2-COV-LEAN,6,BE_BLOCK_RO,142,0.005991355188085999,0.010406881666024645,0.4540649585721771,0.16737191243625194,0.009788732394366197,0.0011641685087496127,0.04102112695574761
Chronos2-COV-LEAN,6,CRICKET_GROUND_OHT,142,0.013754474278539422,0.05303770738163629,0.2436303252639995,0.41289871092826397,0.013380281690140848,0.012212771414713544,0.5586762925982476
Chronos2-COV-LEAN,6,F_BLOCK,142,0.27932097898402686,0.5998002782863469,0.47898583868484584,0.4967483119568832,0.6871126760563381,0.13224697915601058,4.617387590408325
Chronos2-COV-LEAN,6,GJBC_BLOCK_1_A1_BOYS,142,0.060959065978375956,0.08890408364998889,0.4589130062270829,0.41462096251497654,0.15492957746478872,0.011180910898346299,0.4175019037723541
Chronos2-COV-LEAN,6,GJBC_BLOCK_1_A2_GIRLS,142,0.05210020966093305,0.07898177847741543,0.382676412643921,0.3689898020557133,0.15971830985915494,0.009322481100827876,0.43523113608360287
Chronos2-COV-LEAN,6,GJBC_BLOCK_1_A3,142,0.08905272128086696,0.12539244816697734,0.5285405016999529,0.45690330004362323,0.18105633802816903,0.019753630830788276,0.5813740247488022
Chronos2-COV-LEAN,6,GJBC_BLOCK_1_A4_RO,142,0.006104093278745111,0.0366043310592849,0.10236059890936539,0.18451392447099332,0.0060563380281690145,0.005927056369378272,0.42998501618392765
Chronos2-COV-LEAN,6,GJBC_BLOCK_2_A1,142,0.11818392912686713,0.21137859921929295,0.567364874397469,0.5980298578453358,0.42133802816901406,0.012804409580331447,0.981817331314087
Chronos2-COV-LEAN,6,GJBC_LAW_BLOCK_3_A4_BOYS,142,0.5641022245648881,0.917865884462377,0.6815414667538702,0.5730754765440649,1.1424647887323942,0.05275296479883326,3.9776394653320315
Chronos2-COV-LEAN,6,GJBC_LAW_BLOCK_3__A1,139,0.269762855202174,0.9479660409928017,1.1034906746135504,0.8685292161663826,0.5150359712230216,0.13343756402139184,6.6474626994133
Chronos2-COV-LEAN,6,GJBC_LAW_BLOCK_3__A2,142,0.18949711707276362,0.416241133467854,0.4445525171116516,0.22792385549136548,0.3630985915492958,-0.02924614600732293,2.4464177322387695
Chronos2-COV-LEAN,6,GJBC_LAW_BLOCK_3__A3_GIRLS,142,0.14180494868419544,0.19097728182432253,0.5561457156154168,0.4220375476305172,0.3047887323943662,-0.03708841306222996,0.6077976822853088
Chronos2-COV-LEAN,6,G_BLOCK,142,0.34218593686399335,0.5372181560988054,0.6775721070024042,0.4691335142973586,0.9742957746478871,-0.09420268863019808,2.655339035987854
Chronos2-COV-LEAN,6,I&H_BLOCK,142,0.4299938299412459,1.5965697945501012,1.1328199773569523,1.4843278108424907,0.43302816901408453,0.4118702273511551,12.210231827497482
Chronos2-COV-LEAN,6,INFORMATION_CENTRE,142,0.01439847617449475,0.05988194831960313,1.6645295565144014,0.997738118162245,0.014084507042253521,0.013529514251145678,0.4795316034182906
Chronos2-COV-LEAN,6,IT_BLOCK,142,0.06521693394532506,0.11763451700311117,1.1122493134456217,0.7258537421642002,0.09190140845070423,0.022553604825491638,0.48980269014835354
Chronos2-COV-LEAN,6,ME_WORKSHOP_BLOCK,142,0.025666637726023168,0.03708458875663362,0.15497879344160523,0.05020123783993406,0.03492957746478873,0.007780206947469377,0.17563163608312607
Chronos2-COV-LEAN,6,MM_BLOCK,142,0.26055105283226765,0.40859878698854346,0.5891564305819722,0.526031789631192,1.0646478873239438,-0.1088857260892089,1.6609578132629395
Chronos2-COV-LEAN,6,MRD_BLOCK,142,0.6349874687194824,1.228061753888462,0.5272653990001167,0.42780127128514267,1.3928873239436619,0.3436985455096608,5.612053592205047
Chronos2-COV-LEAN,6,NBX,142,0.34574798714107186,0.5801114756159419,0.815018547253125,0.5642743647384582,0.7847887323943662,0.09105824439458443,2.893035478591919
Chronos2-COV-LEAN,6,NEW_BLOCK,142,0.033366160449427626,0.06013232975590064,0.482804755959049,0.45207367168828794,0.17204225352112676,0.0013844039259662086,0.3258364903926849
Chronos2-COV-LEAN,6,NEW_BLOCK_RO,142,0.0004218068011400198,0.0016516810800264992,0.20896259152896712,0.04963134906910141,0.00028169014084507044,0.00012985505604736088,0.00983344553038478
Chronos2-COV-LEAN,6,TECH_PARK,142,0.1433843831906856,0.2376039541284426,0.4184352841641237,0.2383311929962317,0.3949295774647887,-0.016686461118745135,1.1641495752334594
Chronos2-COV-LEAN,12,BE_BLOCK_OHT,286,0.671793472841903,1.086313813546633,0.7084572462235206,0.6799592324813222,1.8353846153846152,0.1804620051967514,5.539589929580688
Chronos2-COV-LEAN,12,BE_BLOCK_RO,286,0.00712243662456741,0.012396393665889741,0.5402043612914267,0.19949876698716676,0.010944055944055946,0.001014848914179769,0.05639921873807907
Chronos2-COV-LEAN,12,CRICKET_GROUND_OHT,286,0.011231390062224615,0.04392938050080414,0.19905879624515674,0.3421532070102577,0.010769230769230769,0.009637328958646819,0.55871876090765
Chronos2-COV-LEAN,12,F_BLOCK,286,0.33589131760013685,0.6759148011545305,0.5763674041012888,0.5608926814011572,0.6956993006993007,0.13834983360934092,4.6235986328125
Chronos2-COV-LEAN,12,GJBC_BLOCK_1_A1_BOYS,286,0.07170051320762068,0.11406271523855052,0.5398031429911777,0.5324681618247336,0.1651048951048951,0.02080954134985284,0.9476841545104981
Chronos2-COV-LEAN,12,GJBC_BLOCK_1_A2_GIRLS,286,0.06911684741402839,0.12668067163561267,0.5078664761928545,0.5930655783424648,0.1715034965034965,0.023446531651111747,1.0306029099225997
Chronos2-COV-LEAN,12,GJBC_BLOCK_1_A3,286,0.09794202719430824,0.15473266845675065,0.5812821189682462,0.5644290033789312,0.19671328671328672,0.032030425920978295,1.2471254694461822
Chronos2-COV-LEAN,12,GJBC_BLOCK_1_A4_RO,286,0.004860044099920482,0.026198426846996022,0.08154083228126546,0.13206863712117994,0.004825174825174826,0.00469843424430485,0.42998576985672116
Chronos2-COV-LEAN,12,GJBC_BLOCK_2_A1,286,0.11342802744228522,0.20855393044281728,0.5446880324452451,0.5899976976848932,0.40248251748251745,-0.007633944020404676,0.9763608241081239
Chronos2-COV-LEAN,12,GJBC_LAW_BLOCK_3_A4_BOYS,286,0.5495965974064139,0.9246411767505816,0.6638542809964169,0.5774601099483876,1.1934965034965035,0.11190171726100093,4.382665605545044
Chronos2-COV-LEAN,12,GJBC_LAW_BLOCK_3__A1,283,0.3516127668968781,1.3345111003749748,1.431686275328392,1.2186705318728503,0.6009540636042403,0.20986232501036708,14.598924474716187
Chronos2-COV-LEAN,12,GJBC_LAW_BLOCK_3__A2,286,0.17215872998421008,0.33401254681208353,0.4039590144910279,0.1829567090603225,0.42363636363636364,-0.010561202151792036,2.4509813022613525
Chronos2-COV-LEAN,12,GJBC_LAW_BLOCK_3__A3_GIRLS,286,0.1455964401781142,0.19369809902526994,0.5712799929221218,0.4285176304206851,0.3105594405594405,-0.029855726613448208,0.6114268898963928
Chronos2-COV-LEAN,12,G_BLOCK,286,0.375236125984392,0.6705587113834898,0.7432716180815183,0.586300172265574,0.9605244755244755,-0.10947913215710567,6.983377161026001
Chronos2-COV-LEAN,12,I&H_BLOCK,286,0.3070484622145866,1.3141792368667335,0.8118173819787768,1.2369015910165975,0.3064685314685314,0.2885118109467146,12.219499887824059
Chronos2-COV-LEAN,12,INFORMATION_CENTRE,286,0.016810808581645256,0.06732469311860144,1.9188629794108816,1.1199294105768363,0.01646853146853147,0.015939305383529695,0.4795221709832549
Chronos2-COV-LEAN,12,IT_BLOCK,286,0.05887263177366523,0.1088458644028715,1.0052436756374017,0.6723343080945813,0.08947552447552448,0.021270665034547553,0.4973957657814026
Chronos2-COV-LEAN,12,ME_WORKSHOP_BLOCK,286,0.025420602193766538,0.0448972487596592,0.15349989294743868,0.060494307119870916,0.035419580419580425,0.009520062672404144,0.47332734197378157
Chronos2-COV-LEAN,12,MM_BLOCK,286,0.2398652060465379,0.37715549873389426,0.5423173679391031,0.4853753268665961,1.1268881118881118,-0.0493674416558726,1.7388367652893066
Chronos2-COV-LEAN,12,MRD_BLOCK,286,0.6840879504080419,1.2450753546092834,0.5683635133127481,0.4338741822566922,1.3086013986013987,0.25755661791854806,5.610307652950286
Chronos2-COV-LEAN,12,NBX,286,0.33697760926259984,0.6142258748950824,0.7955149981634269,0.6017978508794433,0.786923076923077,0.09881785782067092,4.416161160469056
Chronos2-COV-LEAN,12,NEW_BLOCK,286,0.034280812923724834,0.06305259261194686,0.4962187782225966,0.47415214423525026,0.1729020979020979,0.0015962869866744621,0.3520630896091461
Chronos2-COV-LEAN,12,NEW_BLOCK_RO,286,0.0005694267264945054,0.0020969289296605183,0.2838106280613685,0.06339298987914947,0.00045454545454545455,0.00032270152626520063,0.009861375952605158
Chronos2-COV-LEAN,12,TECH_PARK,286,0.15760295489868084,0.27943960056652545,0.45993115614601177,0.2809604156800444,0.3816083916083916,-0.031007555348056166,1.2032006311416625
Chronos2-COV-LEAN,24,BE_BLOCK_OHT,564,0.7117061311556092,1.2278282562365401,0.7506753107652766,0.7687777417062189,1.9401241134751774,0.31231413809965686,6.958429441452026
Chronos2-COV-LEAN,24,BE_BLOCK_RO,564,0.007758001103065908,0.014137810109965253,0.5874237356741868,0.22653245855657295,0.01148936170212766,0.0024952250516623374,0.0899064476788044
Chronos2-COV-LEAN,24,CRICKET_GROUND_OHT,564,0.008877819136498457,0.03441119938994789,0.15738706803508626,0.26797382767463496,0.008421985815602837,0.007392566545423886,0.558829759657383
Chronos2-COV-LEAN,24,F_BLOCK,564,0.36636399454470225,0.827350552408564,0.6284515655381634,0.6868707419754295,0.709822695035461,0.1697999097290614,11.487160210609437
Chronos2-COV-LEAN,24,GJBC_BLOCK_1_A1_BOYS,564,0.07777439417304301,0.11475702660338048,0.5852899178605059,0.5350238093922023,0.15852836879432625,0.012249443778860655,0.948790312409401
Chronos2-COV-LEAN,24,GJBC_BLOCK_1_A2_GIRLS,564,0.07370566698623464,0.11843234945445659,0.541325302715486,0.5536280572078159,0.1647340425531915,0.018607365581477787,1.0323862063884734
Chronos2-COV-LEAN,24,GJBC_BLOCK_1_A3,564,0.09955027640499968,0.14753834503579766,0.5905377536700027,0.5375382475700936,0.1895390070921986,0.0222315436506525,1.248716138601303
Chronos2-COV-LEAN,24,GJBC_BLOCK_1_A4_RO,564,0.004039080759224726,0.019077465261915567,0.06773378059302762,0.0961698188299078,0.0040070921985815595,0.003885121667429025,0.429986510258168
Chronos2-COV-LEAN,24,GJBC_BLOCK_2_A1,564,0.11804991804221844,0.21282047243557722,0.5665826689068881,0.6018227984171544,0.4049468085106383,0.0008285791199680787,1.253579602241516
Chronos2-COV-LEAN,24,GJBC_LAW_BLOCK_3_A4_BOYS,564,0.5786907097253393,0.9676010388117278,0.6988399501960311,0.6040740478715726,1.280709219858156,0.17214598365286563,5.381608967781067
Chronos2-COV-LEAN,24,GJBC_LAW_BLOCK_3__A1,561,0.373482764672468,1.4209605380703394,1.5134634090513872,1.2903492870761695,0.6260071301247772,0.23147478519488995,14.60906996011734
Chronos2-COV-LEAN,24,GJBC_LAW_BLOCK_3__A2,564,0.17562696870548505,0.35403501885420646,0.41136578338084695,0.1933094461250361,0.4324468085106383,-0.040656192938909465,2.7586755752563477
Chronos2-COV-LEAN,24,GJBC_LAW_BLOCK_3__A3_GIRLS,564,0.14622983294175873,0.201595807094127,0.5733830548000189,0.4451735449929673,0.3408333333333334,-0.024571073955677925,1.1427481651306153
Chronos2-COV-LEAN,24,G_BLOCK,564,0.34360177598523756,0.7663718055836869,0.6809872781087516,0.6721089526907928,1.0315248226950353,-0.06010365576186078,12.524676141738892
Chronos2-COV-LEAN,24,I&H_BLOCK,564,0.315497121125037,1.4855423344082361,0.8363409165154102,1.4143154100488726,0.3141134751773049,0.29762442968098823,19.726419677734373
Chronos2-COV-LEAN,24,INFORMATION_CENTRE,564,0.017655352710528264,0.07091516978320572,2.0585143595242124,1.1891296814700774,0.017304964539007095,0.016656495224922265,0.5892469698190689
Chronos2-COV-LEAN,24,IT_BLOCK,564,0.063845056370297,0.12906062483390096,1.0931856869200678,0.7989765711096983,0.09443262411347518,0.029892650162470894,1.0616391241550445
Chronos2-COV-LEAN,24,ME_WORKSHOP_BLOCK,564,0.026557743778148443,0.049852006586032276,0.16024511144434067,0.06728474797034475,0.037429078014184394,0.012334954338082188,0.5590403442084789
Chronos2-COV-LEAN,24,MM_BLOCK,564,0.23735087212095868,0.3689423734192513,0.5365822751097211,0.4746736568278155,1.1443617021276598,-0.03451677684242844,1.740241527557373
Chronos2-COV-LEAN,24,MRD_BLOCK,564,0.7360476157048069,1.2938853047625238,0.611493353429428,0.4503131232475073,1.388758865248227,0.3191027012657612,10.635611433982849
Chronos2-COV-LEAN,24,NBX,561,0.349578699759621,0.8816391757585432,0.8253926442423455,0.8673376948192717,0.8031729055258466,0.11748874838551948,15.803887534141541
Chronos2-COV-LEAN,24,NEW_BLOCK,564,0.035322030802250756,0.06431588053884295,0.5109289422703744,0.48300982409363236,0.17489361702127657,0.005073210725441892,0.3604277181625366
Chronos2-COV-LEAN,24,NEW_BLOCK_RO,564,0.0004901979971038844,0.0019435943926790539,0.24411820261286518,0.058734968441924315,0.0003900709219858156,0.00027593479899017483,0.00989130871836096
Chronos2-COV-LEAN,24,TECH_PARK,564,0.17818219563639756,0.34103142461942365,0.5196545682288497,0.341364583286874,0.40037234042553194,-0.008440296123636526,3.7708055114746095
Chronos2-COV-LEAN,48,BE_BLOCK_OHT,1139,0.7302337854174378,1.2367045278584363,0.7702560252389975,0.7743276227186728,1.935873573309921,0.341253835834674,6.946977005004882
Chronos2-COV-LEAN,48,BE_BLOCK_RO,1139,0.00797312606811275,0.014623488617182892,0.6037151949245014,0.23425796520329886,0.01141352063213345,0.0027428542196757185,0.10582827135920525
Chronos2-COV-LEAN,48,CRICKET_GROUND_OHT,1139,0.009123406416398847,0.03471828595445187,0.1618156220312429,0.27035771681174986,0.008674275680421421,0.007676732274323467,0.5591566687822342
Chronos2-COV-LEAN,48,F_BLOCK,1139,0.37511293014692987,0.8409016050062853,0.6434526575067294,0.6980552251025265,0.716865671641791,0.18418248944475107,11.456866924762727
Chronos2-COV-LEAN,48,GJBC_BLOCK_1_A1_BOYS,1139,0.07990821041094828,0.11605553039340763,0.601257676621816,0.5409351971477504,0.15848990342405617,0.011718218081922676,0.9499619609117509
Chronos2-COV-LEAN,48,GJBC_BLOCK_1_A2_GIRLS,1139,0.07574496066052208,0.11949944788380751,0.5562233523866567,0.5584585998885799,0.16414398595259,0.01877220564944583,1.0338924604654312
Chronos2-COV-LEAN,48,GJBC_BLOCK_1_A3,1139,0.10156202077028309,0.14838539590146968,0.6023674021729369,0.5404664606699996,0.18919227392449517,0.02113844726878996,1.2489145028591155
Chronos2-COV-LEAN,48,GJBC_BLOCK_1_A4_RO,1139,0.004016453673271176,0.018999281015732,0.0673494429890174,0.09573369593676515,0.00398595258999122,0.0038691057575007213,0.4299865732388571
Chronos2-COV-LEAN,48,GJBC_BLOCK_2_A1,1138,0.11890729827757252,0.2143294829944427,0.5707034116777634,0.6061589792751428,0.4074692442882249,0.0011187422280780927,1.2576029157638549
Chronos2-COV-LEAN,48,GJBC_LAW_BLOCK_3_A4_BOYS,1139,0.5849085571579602,0.9719560100168245,0.7063349465509747,0.6067772440721894,1.2830465320456539,0.17193080654889475,5.368768339157104
Chronos2-COV-LEAN,48,GJBC_LAW_BLOCK_3__A1,1133,0.38518376695615264,1.439924007529927,1.5621912963442208,1.3090593233195096,0.6342365401588703,0.24301030752833505,14.625534193515778
Chronos2-COV-LEAN,48,GJBC_LAW_BLOCK_3__A2,1139,0.17778328481319183,0.35150149741675457,0.4163160845320187,0.1918256802179306,0.4311676909569798,-0.04350658512827175,2.7957825660705566
Chronos2-COV-LEAN,48,GJBC_LAW_BLOCK_3__A3_GIRLS,1139,0.15204806727783213,0.20692389166955988,0.5961310261358618,0.4568498992778807,0.33749780509218613,-0.03046306641662821,1.1359925746917725
Chronos2-COV-LEAN,48,G_BLOCK,1139,0.3485739806684305,0.7651429894850537,0.690880403542578,0.67091098976255,1.0233450395083408,-0.07657973998465802,12.530480918884278
Chronos2-COV-LEAN,48,I&H_BLOCK,1139,0.31401679518141173,1.5123035604880273,0.832178000953781,1.4385619929999565,0.3123090430201932,0.29665215610515877,19.726230343580244
Chronos2-COV-LEAN,48,INFORMATION_CENTRE,1139,0.017713189286304942,0.07046081695621699,2.0646224645544535,1.181129873326294,0.017383669885864792,0.016719901485530504,0.5892676097899675
Chronos2-COV-LEAN,48,IT_BLOCK,1139,0.06344068781032021,0.12947694508866556,1.086697003740128,0.8017966496852211,0.09395083406496928,0.03114395210566858,1.0663348972797393
Chronos2-COV-LEAN,48,ME_WORKSHOP_BLOCK,1139,0.026011902385761697,0.047623290144259846,0.15699391672221008,0.06433125283722743,0.036523266022827044,0.011639470375479053,0.5601277378201485
Chronos2-COV-LEAN,48,MM_BLOCK,1139,0.242507041090931,0.37697731182313726,0.5481973325243307,0.4849620190999518,1.1396049165935032,-0.04078163960610073,1.7493312358856201
Chronos2-COV-LEAN,48,MRD_BLOCK,1139,0.7919187023955755,1.3566045240962883,0.6580003175926209,0.4721513556377913,1.4137137840210712,0.35271498341221263,10.591685671806335
Chronos2-COV-LEAN,48,NBX,1133,0.34011166530589776,0.8594562155070775,0.8031899630357038,0.846258907100159,0.7871138570167696,0.0985565657596723,15.836695659160615
Chronos2-COV-LEAN,48,NEW_BLOCK,1139,0.03554739041533567,0.0646772213748344,0.5141689186220011,0.48568005937016845,0.17575065847234417,0.006364963700417577,0.3648920464515686
Chronos2-COV-LEAN,48,NEW_BLOCK_RO,1139,0.00046615272975744247,0.0019368460869496691,0.23210348851762588,0.058527583930834744,0.00038630377524143984,0.0002940813992125464,0.009938507389742881
Chronos2-COV-LEAN,48,TECH_PARK,1139,0.1796919295000758,0.34137028331320274,0.524070921475189,0.34167196930176513,0.4035557506584723,-0.00762874665649655,3.768695387840271
Chronos2-COV-LEAN,72,BE_BLOCK_OHT,1715,0.725816036591377,1.2080041516149482,0.765576078323196,0.7561965977564284,1.9161574344023324,0.34153343968627753,6.965458974838256
Chronos2-COV-LEAN,72,BE_BLOCK_RO,1715,0.007926274981718977,0.014342922824910648,0.6001571551381054,0.22990835549408947,0.01113119533527697,0.003004366598578045,0.10540463320910931
Chronos2-COV-LEAN,72,CRICKET_GROUND_OHT,1715,0.009622964885574563,0.03538326720559546,0.1708812712764261,0.27565674224880554,0.00917201166180758,0.008123913931103732,0.5590970045328141
Chronos2-COV-LEAN,72,F_BLOCK,1715,0.37759989976465874,0.8477314345282768,0.6476725832338301,0.703598323733093,0.7209271137026239,0.1944220635091598,11.462493841648103
Chronos2-COV-LEAN,72,GJBC_BLOCK_1_A1_BOYS,1715,0.08057243332066967,0.11693340125510356,0.6062247608815121,0.5449824617107465,0.158600583090379,0.011952608054824197,0.9669781482219697
Chronos2-COV-LEAN,72,GJBC_BLOCK_1_A2_GIRLS,1715,0.07669245823444498,0.12049360027824517,0.5631654478905544,0.5630399726193752,0.16416909620991255,0.019432938986895035,1.0360197055339813
Chronos2-COV-LEAN,72,GJBC_BLOCK_1_A3,1715,0.1027456934804819,0.15005455326167047,0.6093543682006086,0.5464908893427151,0.18946938775510205,0.02158942914791079,1.2583110707998275
Chronos2-COV-LEAN,72,GJBC_BLOCK_1_A4_RO,1715,0.0042779245635931745,0.021631232443599213,0.071696484884044,0.1088864813211733,0.0042507288629737615,0.004139046754385278,0.42998451012652367
Chronos2-COV-LEAN,72,GJBC_BLOCK_2_A1,1713,0.11969562631215676,0.21497410970360997,0.5744507162831217,0.6079564662892317,0.405563339171045,0.0021533513264007514,1.25408802986145
Chronos2-COV-LEAN,72,GJBC_LAW_BLOCK_3_A4_BOYS,1715,0.5908910342805935,0.9795764854212186,0.7135640331904102,0.6115520420350831,1.2839475218658893,0.17405038264054945,5.372851972579956
Chronos2-COV-LEAN,72,GJBC_LAW_BLOCK_3__A1,1706,0.3833808466697774,1.4359325820253062,1.5549449779968845,1.3060408934005647,0.6290328253223916,0.23830710563123023,14.652413742542267
Chronos2-COV-LEAN,72,GJBC_LAW_BLOCK_3__A2,1715,0.18354891144499486,0.36064446845635606,0.4297549610601673,0.19677435165324658,0.427399416909621,-0.05132380835724989,2.813396453857422
Chronos2-COV-LEAN,72,GJBC_LAW_BLOCK_3__A3_GIRLS,1715,0.1552783329935185,0.2108293414262475,0.6087392975910776,0.4654078397345618,0.3349037900874635,-0.038040568303436294,1.1366547226905823
Chronos2-COV-LEAN,72,G_BLOCK,1715,0.3565270885107468,0.7693144228531209,0.7066124929826233,0.6743821670244622,1.0166763848396503,-0.08440467341300698,12.532572922706605
Chronos2-COV-LEAN,72,I&H_BLOCK,1715,0.3007293292954781,1.4756915996640017,0.7973403294561445,1.4078401927191677,0.29879883381924194,0.2839277071452349,19.728700717687605
Chronos2-COV-LEAN,72,INFORMATION_CENTRE,1715,0.01758402167969864,0.07011672073666965,2.04803979047933,1.1747020640985533,0.017247813411078717,0.01660527780718298,0.5892806231603026
Chronos2-COV-LEAN,72,IT_BLOCK,1715,0.06325504074378195,0.13031800839470511,1.0837554750898626,0.8071357756227168,0.09289795918367347,0.03185362715267579,1.0746159717440604
Chronos2-COV-LEAN,72,ME_WORKSHOP_BLOCK,1715,0.02575597420273995,0.04663910536092472,0.15544166952183183,0.06300615366979927,0.0361399416909621,0.010991011931145505,0.5656334114074707
Chronos2-COV-LEAN,72,MM_BLOCK,1715,0.24243266495601776,0.3760997103872369,0.5480113422248976,0.4838337411347526,1.136932944606414,-0.04114470744480545,1.765167474746704
Chronos2-COV-LEAN,72,MRD_BLOCK,1715,0.8130211809355733,1.368861279557426,0.6755482985878931,0.47654609244158835,1.4237551020408161,0.37521645525245556,10.570625443458557
Chronos2-COV-LEAN,72,NBX,1706,0.3327911781838463,0.8434496066779213,0.7859474735714689,0.8309734089806583,0.7730070339976554,0.08207316235459004,15.850837337970734
Chronos2-COV-LEAN,72,NEW_BLOCK,1715,0.035536361024956664,0.06464026763738989,0.5139796430496361,0.48534597128263585,0.17590087463556853,0.007207379022075553,0.3793932795524597
Chronos2-COV-LEAN,72,NEW_BLOCK_RO,1715,0.00043960109517336677,0.0019225443179825734,0.21881018494712662,0.05808354125553888,0.00037900874635568517,0.00030818222022721266,0.009982555280439556
Chronos2-COV-LEAN,72,TECH_PARK,1715,0.18076294065147377,0.343184988828773,0.5271848360093382,0.34339949683037246,0.40137609329446067,-0.008372106452725023,3.7931257820129396
Chronos2-COV-LEAN,168,BE_BLOCK_OHT,4019,0.7210017113502893,1.1838030461578293,0.7604796058696518,0.7409891298642107,1.8786290121920877,0.342172370830796,6.968673572540283
Chronos2-COV-LEAN,168,BE_BLOCK_RO,4019,0.00809810601075651,0.014319483490052548,0.613020906975413,0.229539398587432,0.01094302065190346,0.0038359628293527007,0.10557190619409085
Chronos2-COV-LEAN,168,CRICKET_GROUND_OHT,4019,0.009085662982445819,0.03190850908462987,0.16163321033679673,0.2488229979048232,0.008621547648668822,0.007486106134658208,0.5590452826023102
Chronos2-COV-LEAN,168,F_BLOCK,4019,0.3577538625999421,0.7648298203927371,0.6135700745199945,0.6344118739833424,0.712963423737248,0.19493031839762023,11.462493603229523
Chronos2-COV-LEAN,168,GJBC_BLOCK_1_A1_BOYS,4019,0.08297315683166728,0.12003977350174241,0.6242078847810306,0.5592664013627571,0.15860413038069174,0.01164667126476305,0.9856548613309861
Chronos2-COV-LEAN,168,GJBC_BLOCK_1_A2_GIRLS,4019,0.08002324109240296,0.12444476727245085,0.5875360068524921,0.5811971619423345,0.16429957700920625,0.0203954106162187,1.0599247294664382
Chronos2-COV-LEAN,168,GJBC_BLOCK_1_A3,4019,0.10537587771526348,0.15355387977433857,0.6248455742274458,0.5589915194672042,0.18890768847972134,0.021209067832877845,1.282014809846878
Chronos2-COV-LEAN,168,GJBC_BLOCK_1_A4_RO,4019,0.004184239914763716,0.0201492495171379,0.07007231708087035,0.10123594510684925,0.0041602388653894,0.004061838210480783,0.43
Chronos2-COV-LEAN,168,GJBC_BLOCK_2_A1,4013,0.12133999664914778,0.21695104710639634,0.5822887128052179,0.6134767801079548,0.3998504859207575,0.0008381383706588848,1.2736815071105956
Chronos2-COV-LEAN,168,GJBC_LAW_BLOCK_3_A4_BOYS,4019,0.6075556608663027,0.994881917368919,0.7337239958248215,0.6210654514532091,1.2819656631002738,0.18294741266371156,5.366082792282104
Chronos2-COV-LEAN,168,GJBC_LAW_BLOCK_3__A1,3995,0.41388451184379,1.5736486854265361,1.6791198346278362,1.4302387493993325,0.6534518147684606,0.2659995009758893,18.12611847758293
Chronos2-COV-LEAN,168,GJBC_LAW_BLOCK_3__A2,4019,0.19189066436819308,0.37823128024684094,0.44897756103291775,0.2060922047688308,0.41123413784523516,-0.069986824714654,2.889831066131592
Chronos2-COV-LEAN,168,GJBC_LAW_BLOCK_3__A3_GIRLS,4019,0.1665943825271599,0.22736659094523856,0.6528567126393142,0.5015367830029351,0.323018163722319,-0.059388389990501174,1.1791313767433167
Chronos2-COV-LEAN,168,G_BLOCK,4019,0.3663012364178221,0.7834088746225256,0.7260464556016433,0.6861640212163028,1.0174222443393879,-0.08738022991779817,12.550844368934632
Chronos2-COV-LEAN,168,I&H_BLOCK,4019,0.30694828527206275,1.457066488129688,0.8143803375903096,1.3950728367233758,0.30510077133615326,0.29030110972249173,19.732473036050795
Chronos2-COV-LEAN,168,INFORMATION_CENTRE,4019,0.0157165124467508,0.06524535478290217,1.8232659432898297,1.0914134108436513,0.015349589450111969,0.014705631424994774,0.5896713511645794
Chronos2-COV-LEAN,168,IT_BLOCK,4019,0.06197793295956883,0.12934783267449645,1.0627457521722083,0.801552794764369,0.09161731774073154,0.033188358751283446,1.0831342056393622
Chronos2-COV-LEAN,168,ME_WORKSHOP_BLOCK,4019,0.025245263960289404,0.04496979742826482,0.15231878553506686,0.06071418163366486,0.03508584224931575,0.009374123328574175,0.5628482390940189
Chronos2-COV-LEAN,168,MM_BLOCK,4019,0.24951397035097594,0.3861376902003498,0.5640126010002029,0.496731514275356,1.1247001741726799,-0.050668937204844555,1.8244661092758179
Chronos2-COV-LEAN,168,MRD_BLOCK,4019,0.8249103398760861,1.3789084327565848,0.6852737953559562,0.4799335050290801,1.4343468524508582,0.4026737653642604,10.560436744689941
Chronos2-COV-LEAN,168,NBX,3998,0.3086446554339367,0.6423348615420028,0.7286997405617429,0.6312972305574341,0.7322611305652826,0.04072662785120043,15.849554646015168
Chronos2-COV-LEAN,168,NEW_BLOCK,4019,0.03563672905657593,0.0654036398926339,0.5154942118771317,0.49112713884641446,0.17475491415775066,0.006971744895129691,0.39136481285095215
Chronos2-COV-LEAN,168,NEW_BLOCK_RO,4019,0.0004033351551500826,0.0019145067605552354,0.2008476145819206,0.057864460617935515,0.0003732271709380443,0.00033605047425152754,0.01
Chronos2-COV-LEAN,168,TECH_PARK,4019,0.17543949886811672,0.33616614917271187,0.5116321361852307,0.3361641549151839,0.39104005971634737,-0.014769142241909833,3.9619554018974306
Chronos2-COV-XL,6,BE_BLOCK_OHT,142,0.6441651659280482,0.994364276121754,0.679162799485032,0.6221425741160839,1.7737323943661973,0.08129992280207891,5.238066997528076
Chronos2-COV-XL,6,BE_BLOCK_RO,142,0.006048882821915856,0.0104792364573932,0.45839625806752266,0.1685043254340888,0.009788732394366197,0.0016023842313549893,0.03957183070480824
Chronos2-COV-XL,6,CRICKET_GROUND_OHT,142,0.013675907945496517,0.05308308498341952,0.24221472287986,0.41325588813838704,0.013380281690140848,0.012444043535949061,0.558809538781643
Chronos2-COV-XL,6,F_BLOCK,142,0.2909310695067258,0.617578881985952,0.4989031188912119,0.5114751467582256,0.6871126760563381,0.14652789714470715,4.759930429458618
Chronos2-COV-XL,6,GJBC_BLOCK_1_A1_BOYS,142,0.06123474285006523,0.08864087592281848,0.4609918667396563,0.4134048272822459,0.15492957746478872,0.012620258236854849,0.4139812064170837
Chronos2-COV-XL,6,GJBC_BLOCK_1_A2_GIRLS,142,0.052203067979762256,0.07839632120844847,0.38342951864924835,0.3662710345764108,0.15971830985915494,0.011883178019607572,0.4328649061918258
Chronos2-COV-XL,6,GJBC_BLOCK_1_A3,142,0.08623241602744856,0.12135728403190399,0.5117953413580353,0.4422398627928482,0.18105633802816903,0.022766096379975197,0.5657133811712265
Chronos2-COV-XL,6,GJBC_BLOCK_1_A4_RO,142,0.006088249598815054,0.03660673878070364,0.10209099593163738,0.18452652855506554,0.0060563380281690145,0.00596316094568465,0.42997855245601385
Chronos2-COV-XL,6,GJBC_BLOCK_2_A1,142,0.11477378090082761,0.19859626771309552,0.5509929213726683,0.5618612403738189,0.42133802816901406,0.01963474277459399,0.8994358444213868
Chronos2-COV-XL,6,GJBC_LAW_BLOCK_3_A4_BOYS,142,0.5694727990325068,0.9167286670773238,0.6880121595863387,0.5723668964356365,1.1424647887323942,0.065974844878828,3.9615564632415774
Chronos2-COV-XL,6,GJBC_LAW_BLOCK_3__A1,139,0.2696573922188162,0.9468177102534762,1.1030563459858242,0.8674801590678147,0.5150359712230216,0.1251038244045038,6.65436616897583
Chronos2-COV-XL,6,GJBC_LAW_BLOCK_3__A2,142,0.19054007493274314,0.40101500423244973,0.446970014276515,0.21957014876742936,0.3630985915492958,-0.018394990303147,2.1269093775749206
Chronos2-COV-XL,6,GJBC_LAW_BLOCK_3__A3_GIRLS,142,0.1424665335408399,0.19924120414990207,0.5587618049605054,0.4403641201907959,0.3047887323943662,-0.04312406302757665,0.6416453123092651
Chronos2-COV-XL,6,G_BLOCK,142,0.34187420347207037,0.5315866907348997,0.6769912741048335,0.46426974397751913,0.9742957746478871,-0.09640727995986668,2.579193744659424
Chronos2-COV-XL,6,I&H_BLOCK,142,0.4292644394031713,1.5980755967508375,1.130896086465413,1.485728301920704,0.43302816901408453,0.4156663555662397,12.209575163125992
Chronos2-COV-XL,6,INFORMATION_CENTRE,142,0.01438240149438801,0.05990208078442313,1.6629551867217907,0.998074645556054,0.014084507042253521,0.013593241795372794,0.47957293085753916
Chronos2-COV-XL,6,IT_BLOCK,142,0.0638526988076702,0.11819816757875709,1.0887967334424036,0.7293738905071412,0.09190140845070423,0.024391005007209074,0.5100346300005912
Chronos2-COV-XL,6,ME_WORKSHOP_BLOCK,142,0.025575459637272528,0.037230557544644105,0.1544086673600387,0.05039644774105794,0.03492957746478873,0.009165098595787104,0.1748363834619522
Chronos2-COV-XL,6,MM_BLOCK,142,0.25775768285066314,0.410817551148736,0.5829028723379701,0.5289312149877584,1.0646478873239438,-0.11457199199098936,1.6719108819961548
Chronos2-COV-XL,6,MRD_BLOCK,142,0.6307027958480406,1.2313698555383628,0.523728268219586,0.428896483911134,1.3928873239436619,0.3382552033746747,5.656403381824493
Chronos2-COV-XL,6,NBX,142,0.3472264753764783,0.5844000984013707,0.8184888273423414,0.5683800754259278,0.7847887323943662,0.08897241825788792,2.9528427791595457
Chronos2-COV-XL,6,NEW_BLOCK,142,0.03367449246661765,0.06100226880315102,0.48725149683274005,0.45863323718266114,0.17204225352112676,0.0029103121623186984,0.3445094037055969
Chronos2-COV-XL,6,NEW_BLOCK_RO,142,0.00035997395931651265,0.0016607111555185373,0.17813152992978362,0.049901267373613216,0.00028169014084507044,0.0001962660246817264,0.009933954619336874
Chronos2-COV-XL,6,TECH_PARK,142,0.14233605362579857,0.23489628837913484,0.415365618793572,0.235590341718603,0.3949295774647887,-0.011655019399985457,1.14205997467041
Chronos2-COV-XL,12,BE_BLOCK_OHT,286,0.6743266795898651,1.08936062174616,0.7111410419902704,0.6818931627527581,1.8353846153846152,0.16720055506779596,5.621921825408935
Chronos2-COV-XL,12,BE_BLOCK_RO,286,0.007086822213018899,0.01218554156925296,0.5374883095916312,0.19616719794366347,0.010944055944055946,0.001557746655014637,0.04987860627472401
Chronos2-COV-XL,12,CRICKET_GROUND_OHT,286,0.011144965831450858,0.04396935757434076,0.1974990643659606,0.3424680482438712,0.010769230769230769,0.009843396201755826,0.5588503642380238
Chronos2-COV-XL,12,F_BLOCK,286,0.3383989944116219,0.6833892724630584,0.580683999215769,0.5670937633636015,0.6956993006993007,0.14773675466334069,4.763535914421081
Chronos2-COV-XL,12,GJBC_BLOCK_1_A1_BOYS,286,0.0720589783433434,0.11388763554124263,0.5425108985259427,0.5316686742453391,0.1651048951048951,0.021697086266704375,0.9442921733856202
Chronos2-COV-XL,12,GJBC_BLOCK_1_A2_GIRLS,286,0.0692850827816483,0.1264951810857339,0.5091029020202615,0.5922015985949037,0.1715034965034965,0.026080982001511363,1.0267754423618316
Chronos2-COV-XL,12,GJBC_BLOCK_1_A3,286,0.09655601398198754,0.1521865016105233,0.573066018228513,0.555175291925975,0.19671328671328672,0.03514008214319503,1.2297089028358459
Chronos2-COV-XL,12,GJBC_BLOCK_1_A4_RO,286,0.004851348969012408,0.026205417287452397,0.08139199121673336,0.13210460223917764,0.004825174825174826,0.0047407580190989475,0.42998007365502416
Chronos2-COV-XL,12,GJBC_BLOCK_2_A1,286,0.11146811834998896,0.2010161885379006,0.5352672604793746,0.5686602585773484,0.40248251748251745,-0.0036652263728055075,0.9492172002792358
Chronos2-COV-XL,12,GJBC_LAW_BLOCK_3_A4_BOYS,286,0.551937178565072,0.9208814313617996,0.6666694840442058,0.5751127702628351,1.1934965034965035,0.12073136197937118,4.412437410354614
Chronos2-COV-XL,12,GJBC_LAW_BLOCK_3__A1,283,0.3497917708407022,1.331210392478197,1.4242148517114794,1.2156468345531313,0.6009540636042403,0.20182161830760564,14.574343638420105
Chronos2-COV-XL,12,GJBC_LAW_BLOCK_3__A2,286,0.17401729980548777,0.32500106426035097,0.4082289394999362,0.17799987234138237,0.42363636363636364,-0.004002073519713395,2.1164268684387206
Chronos2-COV-XL,12,GJBC_LAW_BLOCK_3__A3_GIRLS,286,0.1460713200510799,0.1993600598877065,0.5731432299886109,0.44107337451862993,0.3105594405594405,-0.041221729187698626,0.644985556602478
Chronos2-COV-XL,12,G_BLOCK,286,0.37591287097730836,0.6715401018336532,0.7446675542300981,0.5872259991102032,0.9605244755244755,-0.10835258582255224,7.0132495784759525
Chronos2-COV-XL,12,I&H_BLOCK,286,0.305994755473587,1.3142830870111177,0.8090421510363514,1.2370272086057856,0.3064685314685314,0.29159712877932126,12.189805062413216
Chronos2-COV-XL,12,INFORMATION_CENTRE,286,0.016790318254094858,0.06734491071734247,1.9166391353711807,1.1202646347821772,0.01646853146853147,0.015990313471561962,0.4795626425370574
Chronos2-COV-XL,12,IT_BLOCK,286,0.05825191909955305,0.10933206200222273,0.9944626137161373,0.6753351851988028,0.08947552447552448,0.021540907524734528,0.5093640255928039
Chronos2-COV-XL,12,ME_WORKSHOP_BLOCK,286,0.02537474242748914,0.0450834623988216,0.15322622021318663,0.06074894328558215,0.035419580419580425,0.010982199399829747,0.4735520440340042
Chronos2-COV-XL,12,MM_BLOCK,286,0.23675346759649424,0.377893068057493,0.5353114676052586,0.48633957624497065,1.1268881118881118,-0.05438986052999963,1.767755150794983
Chronos2-COV-XL,12,MRD_BLOCK,286,0.6861826418746602,1.2562727361250245,0.5701087731725965,0.4377247064662859,1.3086013986013987,0.2536720014868917,5.651522417068481
Chronos2-COV-XL,12,NBX,286,0.3375271987164771,0.614976620529275,0.7968035113922954,0.6024670009303645,0.786923076923077,0.09359693401343339,4.393296043872834
Chronos2-COV-XL,12,NEW_BLOCK,286,0.03458459470134515,0.06379211879684701,0.5006114954532208,0.4797385275720339,0.1729020979020979,0.0034303417833118173,0.353237509727478
Chronos2-COV-XL,12,NEW_BLOCK_RO,286,0.0005178573501289829,0.002107099198789039,0.2581035549652192,0.0636998169412344,0.00045454545454545455,0.00037975549505749994,0.009942459573503584
Chronos2-COV-XL,12,TECH_PARK,286,0.1558131087534911,0.27130249751166813,0.4547024819773983,0.2727310131522652,0.3816083916083916,-0.02199468584744246,1.146146945953369
Chronos2-COV-XL,24,BE_BLOCK_OHT,564,0.7132452180115043,1.2239607484062482,0.7523060136624594,0.7663608213694443,1.9401241134751774,0.3086343119837714,6.860858545303344
Chronos2-COV-XL,24,BE_BLOCK_RO,564,0.00783223675167624,0.01438516379039847,0.5930019672433475,0.23037746941789283,0.01148936170212766,0.0032658083488543836,0.0971061709523201
Chronos2-COV-XL,24,CRICKET_GROUND_OHT,564,0.008782792392233056,0.03445898991678581,0.155681257850908,0.26834921713213106,0.008421985815602837,0.007612703881616182,0.5589753477275372
Chronos2-COV-XL,24,F_BLOCK,564,0.364112695210369,0.8230988957280688,0.6246019140862645,0.6833126206603665,0.709822695035461,0.17548134473198695,11.21693265914917
Chronos2-COV-XL,24,GJBC_BLOCK_1_A1_BOYS,564,0.07752087333523636,0.11419643912483492,0.5833916051928555,0.5324439236890779,0.15852836879432625,0.013625824579321748,0.9450963592529298
Chronos2-COV-XL,24,GJBC_BLOCK_1_A2_GIRLS,564,0.07401619006555976,0.11857311506920372,0.5436104642235032,0.5542925604706519,0.1647340425531915,0.02143496663963541,1.0278365540504455
Chronos2-COV-XL,24,GJBC_BLOCK_1_A3,564,0.09825621023298578,0.14552321910694788,0.5828785150181599,0.5302279624724954,0.1895390070921986,0.02462907304841999,1.22930379986763
Chronos2-COV-XL,24,GJBC_BLOCK_1_A4_RO,564,0.004030817366231576,0.019084672159654766,0.06759273769938817,0.09620715168061386,0.0040070921985815595,0.003920959448260221,0.4299848479637876
Chronos2-COV-XL,24,GJBC_BLOCK_2_A1,564,0.11824038073526208,0.20894533708637816,0.5674834324340435,0.5908493477231154,0.4049468085106383,0.0038811524011564636,1.177337155342102
Chronos2-COV-XL,24,GJBC_LAW_BLOCK_3_A4_BOYS,564,0.5843954079286426,0.9702262632593817,0.7057280740394479,0.6057138156176236,1.280709219858156,0.1774449928770674,5.353580002784729
Chronos2-COV-XL,24,GJBC_LAW_BLOCK_3__A1,561,0.37182889631831495,1.4207139312853139,1.506759081618848,1.2900528205473718,0.6260071301247772,0.22715617297061202,14.593414800167084
Chronos2-COV-XL,24,GJBC_LAW_BLOCK_3__A2,564,0.17500351969654682,0.33635681178051413,0.4098476523295437,0.18362810528249665,0.4324468085106383,-0.03442041265203598,2.7038819789886475
Chronos2-COV-XL,24,GJBC_LAW_BLOCK_3__A3_GIRLS,564,0.14837360788427348,0.20550975580606845,0.5817676057422121,0.4538555145410084,0.3408333333333334,-0.032741437732962,1.1233855366706849
Chronos2-COV-XL,24,G_BLOCK,564,0.3485379506552473,0.7671694528836771,0.6907792011292637,0.6728314998312905,1.0315248226950353,-0.048960336400262,12.527405200004578
Chronos2-COV-XL,24,I&H_BLOCK,564,0.3143759712185843,1.4859185324512043,0.833386074454008,1.41468611635949,0.3141134751773049,0.3015468241380038,19.72695597052574
Chronos2-COV-XL,24,INFORMATION_CENTRE,564,0.017618297121606452,0.07091784130459228,2.05431485414511,1.1891676174945653,0.017304964539007095,0.016722526027662485,0.5891355957463383
Chronos2-COV-XL,24,IT_BLOCK,564,0.06329048471604572,0.12880617745407769,1.0836260561279019,0.7974076100933943,0.09443262411347518,0.029750320862661654,1.0605366840958594
Chronos2-COV-XL,24,ME_WORKSHOP_BLOCK,564,0.026582892806341886,0.0501409192669663,0.1603982900633922,0.0676772637249554,0.037429078014184394,0.013707468029613616,0.5594504353404045
Chronos2-COV-XL,24,MM_BLOCK,564,0.23742966966003393,0.3697840515889931,0.5367655169001165,0.4757593771764771,1.1443617021276598,-0.03859864801802534,1.7578363418579102
Chronos2-COV-XL,24,MRD_BLOCK,564,0.7341628942295169,1.2966511460471866,0.6099429811246051,0.45126180063910537,1.388758865248227,0.32754625106956947,10.603290457725524
Chronos2-COV-XL,24,NBX,561,0.35149108437505844,0.8827588041156683,0.829893870198353,0.8683982593593287,0.8031729055258466,0.1137040149379329,15.800305235385895
Chronos2-COV-XL,24,NEW_BLOCK,564,0.035904352409197086,0.06500101732129886,0.519352076643129,0.4881709665364112,0.17489361702127657,0.006971176844750737,0.36204914331436155
Chronos2-COV-XL,24,NEW_BLOCK_RO,564,0.0004355678779522208,0.001953031620466103,0.2169016843862021,0.05901961680201381,0.0003900709219858156,0.0003353329702009652,0.009959451495669782
Chronos2-COV-XL,24,TECH_PARK,564,0.17497187835527653,0.333131152376547,0.5102870743365587,0.3333826725620822,0.40037234042553194,-0.00042723436727591354,3.8072735404968263
Chronos2-COV-XL,48,BE_BLOCK_OHT,1139,0.7296920766926733,1.230890213136885,0.7696843031232289,0.7706860844482718,1.935873573309921,0.3467274305776507,6.868753538131713
Chronos2-COV-XL,48,BE_BLOCK_RO,1139,0.007952447927117846,0.014714519341984707,0.6021163787273082,0.23561365247977,0.01141352063213345,0.0033364872582243715,0.10805609740316868
Chronos2-COV-XL,48,CRICKET_GROUND_OHT,1139,0.00905297132246556,0.03474716780528568,0.16055410594870242,0.270584899303535,0.008674275680421421,0.007828199169823379,0.5590905448794365
Chronos2-COV-XL,48,F_BLOCK,1139,0.3709749484794824,0.8366847141114171,0.6363683865891571,0.6945596287916506,0.716865671641791,0.1915907201042711,11.386319582462312
Chronos2-COV-XL,48,GJBC_BLOCK_1_A1_BOYS,1139,0.0798917814306882,0.11570221299780768,0.601147136266935,0.5393203877022235,0.15848990342405617,0.013228405313182026,0.945177779197693
Chronos2-COV-XL,48,GJBC_BLOCK_1_A2_GIRLS,1139,0.07625286691015074,0.11983367116148994,0.5599609879636628,0.5600342480823055,0.16414398595259,0.021871352745735196,1.028056972026825
Chronos2-COV-XL,48,GJBC_BLOCK_1_A3,1139,0.10059613161986077,0.1470488132794663,0.596662715218052,0.5356297746813117,0.18919227392449517,0.023421172302631667,1.2305002737045287
Chronos2-COV-XL,48,GJBC_BLOCK_1_A4_RO,1139,0.004010107461948731,0.01900504008719451,0.06724051221574306,0.09576359558607857,0.00398595258999122,0.0038963182650588674,0.42998778046574443
Chronos2-COV-XL,48,GJBC_BLOCK_2_A1,1138,0.11792023506702987,0.21006750724338422,0.5659604680553372,0.5941002948921639,0.4074692442882249,0.00012390810230285623,1.1969477987289427
Chronos2-COV-XL,48,GJBC_LAW_BLOCK_3_A4_BOYS,1139,0.587991897664225,0.9747966648963959,0.7100550916036139,0.6085542399282725,1.2830465320456539,0.17530583122511303,5.349125986099243
Chronos2-COV-XL,48,GJBC_LAW_BLOCK_3__A1,1133,0.3829618788133757,1.4401018068216511,1.5532369279956038,1.3091692540069133,0.6342365401588703,0.24102120586443246,14.613330202102661
Chronos2-COV-XL,48,GJBC_LAW_BLOCK_3__A2,1139,0.17784174794790725,0.3421573457715554,0.41642417413690097,0.18670442331681872,0.4311676909569798,-0.04104079037407597,2.785668134689331
Chronos2-COV-XL,48,GJBC_LAW_BLOCK_3__A3_GIRLS,1139,0.1535356056454728,0.2098428350712619,0.601954910259802,0.4633381335066246,0.33749780509218613,-0.041540223752018435,1.1776686787605286
Chronos2-COV-XL,48,G_BLOCK,1139,0.3512643400287293,0.7650719290316547,0.6962185912869245,0.670866510368156,1.0233450395083408,-0.06969787972239258,12.533941922187806
Chronos2-COV-XL,48,I&H_BLOCK,1139,0.31316637011501636,1.5127402860757366,0.8299372274188607,1.438979946304102,0.3123090430201932,0.30002258872493937,19.726158102750777
Chronos2-COV-XL,48,INFORMATION_CENTRE,1139,0.017701699642286264,0.07045604195524735,2.0633311089773243,1.1810439451230736,0.017383669885864792,0.016730512996205014,0.5890973323583603
Chronos2-COV-XL,48,IT_BLOCK,1139,0.06302870563103036,0.12894501669209946,1.0796154460877059,0.7985067400854476,0.09395083406496928,0.030807104733779938,1.0663851141929626
Chronos2-COV-XL,48,ME_WORKSHOP_BLOCK,1139,0.025969783029763504,0.04773009012990558,0.15673616921270594,0.06447610622259055,0.036523266022827044,0.012498438200006578,0.5611507546901703
Chronos2-COV-XL,48,MM_BLOCK,1139,0.2435665769551907,0.3778295500171641,0.5505895952139632,0.4860503612209512,1.1396049165935032,-0.04353089892728168,1.7532405853271484
Chronos2-COV-XL,48,MRD_BLOCK,1139,0.7842680566220874,1.3483504327677875,0.6516625652725309,0.46927214320595756,1.4137137840210712,0.3553157377347704,10.540153284072876
Chronos2-COV-XL,48,NBX,1133,0.3417543868300984,0.8607419932628836,0.8070584950208755,0.8474996965837984,0.7871138570167696,0.09548723178423305,15.855870771408082
Chronos2-COV-XL,48,NEW_BLOCK,1139,0.03578940808616048,0.06498763861832528,0.5176679826259313,0.4880326903365157,0.17575065847234417,0.007816119091985934,0.3716575014591217
Chronos2-COV-XL,48,NEW_BLOCK_RO,1139,0.0004105433644121799,0.0019485179856850035,0.20442471126791498,0.058879984767145864,0.00038630377524143984,0.00035511826742702114,0.01
Chronos2-COV-XL,48,TECH_PARK,1139,0.17824172809209815,0.3366007580126062,0.5198391242304307,0.33687166588663875,0.4035557506584723,-0.0031834885307945,3.7856821155548097
Chronos2-COV-XL,72,BE_BLOCK_OHT,1715,0.7249199833397267,1.202767773651755,0.7646292954941697,0.7529167618740052,1.9161574344023324,0.34749446618522223,6.898261651992797
Chronos2-COV-XL,72,BE_BLOCK_RO,1715,0.00791580386816065,0.01443885262493809,0.5993554860383621,0.23136704811036873,0.01113119533527697,0.00360924038968698,0.10738372161984444
Chronos2-COV-XL,72,CRICKET_GROUND_OHT,1715,0.00952210304227932,0.0354407883409688,0.16907490084165294,0.2761075267742769,0.00917201166180758,0.008358051104118108,0.5591814121603966
Chronos2-COV-XL,72,F_BLOCK,1715,0.3748417821479608,0.842806369391088,0.6429562285257694,0.6995187770020976,0.7209271137026239,0.19797555641738734,11.359810178279877
Chronos2-COV-XL,72,GJBC_BLOCK_1_A1_BOYS,1715,0.08056090982384308,0.1166969047869531,0.6061474672056865,0.5439063751795931,0.158600583090379,0.01396631664506896,0.9640638238191606
Chronos2-COV-XL,72,GJBC_BLOCK_1_A2_GIRLS,1715,0.07733474141654745,0.12103588664499695,0.567881347609504,0.565581217638068,0.16416909620991255,0.023146650257680576,1.0387216734886169
Chronos2-COV-XL,72,GJBC_BLOCK_1_A3,1715,0.10191604244413599,0.1488243185000393,0.6044540485453891,0.5420349341913866,0.18946938775510205,0.02413049495480846,1.2422995942831039
Chronos2-COV-XL,72,GJBC_BLOCK_1_A4_RO,1715,0.004273665852639037,0.021637107802895062,0.07162252514225588,0.10891690189168941,0.0042507288629737615,0.004168059341923766,0.42998757301364093
Chronos2-COV-XL,72,GJBC_BLOCK_2_A1,1713,0.11882957352509084,0.2104360121417999,0.570288141160149,0.5951145445479374,0.405563339171045,0.0026000543177928164,1.188000783920288
Chronos2-COV-XL,72,GJBC_LAW_BLOCK_3_A4_BOYS,1715,0.5946220766559633,0.9820523050916361,0.7180648854257462,0.6130973668249547,1.2839475218658893,0.17767463010254128,5.344888095855713
Chronos2-COV-XL,72,GJBC_LAW_BLOCK_3__A1,1706,0.3812150108185351,1.4353504904048353,1.5462033994042181,1.305465926599804,0.6290328253223916,0.23600646423986069,14.608287708759308
Chronos2-COV-XL,72,GJBC_LAW_BLOCK_3__A2,1715,0.18379809041899078,0.3497788987196842,0.4303225738314625,0.19083289156607028,0.427399416909621,-0.04369818865940105,2.7694754600524902
Chronos2-COV-XL,72,GJBC_LAW_BLOCK_3__A3_GIRLS,1715,0.15705657554194116,0.2137081040808942,0.615697174412209,0.4718099758731425,0.3349037900874635,-0.047065791756696666,1.1789745569229126
Chronos2-COV-XL,72,G_BLOCK,1715,0.35880172471610866,0.769202757811178,0.7111258704946811,0.6742983493960907,1.0166763848396503,-0.07429078415600969,12.541067776679993
Chronos2-COV-XL,72,I&H_BLOCK,1715,0.29986237897574036,1.4761775297228625,0.7950572399346986,1.4083019865965996,0.29879883381924194,0.28789308252869816,19.729029228687285
Chronos2-COV-XL,72,INFORMATION_CENTRE,1715,0.017561738446593807,0.07011590553241683,2.045544669100307,1.1746817751941916,0.017247813411078717,0.016624726799243393,0.5892054076865315
Chronos2-COV-XL,72,IT_BLOCK,1715,0.06295923168370744,0.13004661934137562,1.0786794404895836,0.8054705829169198,0.09289795918367347,0.03124813207193297,1.0683230251073836
Chronos2-COV-XL,72,ME_WORKSHOP_BLOCK,1715,0.025752419645949633,0.04686712400191109,0.15541804608059798,0.06331481908346308,0.0361399416909621,0.012204913334231337,0.5650698345899582
Chronos2-COV-XL,72,MM_BLOCK,1715,0.24362052316776867,0.3767140303532783,0.5506925774857373,0.48461381410899906,1.136932944606414,-0.04446121921900758,1.7633321285247803
Chronos2-COV-XL,72,MRD_BLOCK,1715,0.8066453525568236,1.3636010524591982,0.6702706528839355,0.4747040253296439,1.4237551020408161,0.3822370062360958,10.550301094055175
Chronos2-COV-XL,72,NBX,1706,0.3340278255757805,0.8444698918167356,0.7888567458023267,0.8319501819742751,0.7730070339976554,0.080135586812376,15.858799862861634
Chronos2-COV-XL,72,NEW_BLOCK,1715,0.036020707746462634,0.06503566784230844,0.5209698218051254,0.4883079059022206,0.17590087463556853,0.008817471032761277,0.3738504648208618
Chronos2-COV-XL,72,NEW_BLOCK_RO,1715,0.0003934167683431363,0.0019350575012031313,0.19583199115168556,0.05846061520342055,0.00037900874635568517,0.0003598654926645925,0.01
Chronos2-COV-XL,72,TECH_PARK,1715,0.17840224069443805,0.3370004423692078,0.5202957879613574,0.33717118880858066,0.40137609329446067,-0.0004157627807066632,3.8189165925979616
Chronos2-COV-XL,168,BE_BLOCK_OHT,4019,0.7210092360548013,1.1803471663615368,0.7604834830765161,0.7388152290307959,1.8786290121920877,0.35435708335217747,6.922384128570556
Chronos2-COV-XL,168,BE_BLOCK_RO,4019,0.008131271866230147,0.014428724678245207,0.6155119994737958,0.23123987561164705,0.01094302065190346,0.0042726019992738494,0.10854334115982056
Chronos2-COV-XL,168,CRICKET_GROUND_OHT,4019,0.00897655701457075,0.03197276398335447,0.15967983157719456,0.24932610162223848,0.008621547648668822,0.007745209887056513,0.559208938330412
Chronos2-COV-XL,168,F_BLOCK,4019,0.35536437542380966,0.7609887271540358,0.609481542855018,0.6312344160718043,0.712963423737248,0.19583792978775802,11.390058581829072
Chronos2-COV-XL,168,GJBC_BLOCK_1_A1_BOYS,4019,0.08296471806560532,0.1196671609721679,0.6241406448885898,0.5575378489522742,0.15860413038069174,0.01371311386171696,0.9725380396842958
Chronos2-COV-XL,168,GJBC_BLOCK_1_A2_GIRLS,4019,0.08061016065040967,0.12467054166270197,0.5918279630653905,0.5822354227524426,0.16429957700920625,0.024073598894737168,1.0541896003484725
Chronos2-COV-XL,168,GJBC_BLOCK_1_A3,4019,0.10419252011358633,0.15160050145978982,0.6178284195992012,0.5518794373370798,0.18890768847972134,0.02362093348183066,1.2486255246400833
Chronos2-COV-XL,168,GJBC_BLOCK_1_A4_RO,4019,0.004181133896537318,0.020154967630524222,0.07001785638980113,0.10126566665582781,0.0041602388653894,0.00408588153531596,0.43
Chronos2-COV-XL,168,GJBC_BLOCK_2_A1,4013,0.12025620213788908,0.2128071935798221,0.5770898890336165,0.6017571187867962,0.3998504859207575,0.0014735794523366554,1.2247420406341551
Chronos2-COV-XL,168,GJBC_LAW_BLOCK_3_A4_BOYS,4019,0.6106315607447979,0.9961293710527384,0.7374334141160818,0.6218450473526168,1.2819656631002738,0.1855407795540638,5.339996819496155
Chronos2-COV-XL,168,GJBC_LAW_BLOCK_3__A1,3995,0.4116139094055221,1.5728002305265574,1.6699125146712,1.4294592832619448,0.6534518147684606,0.2638115534330339,18.10039895415306
Chronos2-COV-XL,168,GJBC_LAW_BLOCK_3__A2,4019,0.19222156721105857,0.3709974187086559,0.44976769884392387,0.20215297095275098,0.41123413784523516,-0.06120800293479638,2.8283801078796387
Chronos2-COV-XL,168,GJBC_LAW_BLOCK_3__A3_GIRLS,4019,0.16739867738302325,0.2292390665558337,0.6560015543183622,0.5057375813578607,0.323018163722319,-0.06787401795387267,1.1993489742279053
Chronos2-COV-XL,168,G_BLOCK,4019,0.3677799039083976,0.7823490690655369,0.7289799790110826,0.6852463213433154,1.0174222443393879,-0.07692493904583131,12.585513529777527
Chronos2-COV-XL,168,I&H_BLOCK,4019,0.30632279965942194,1.4577386782529729,0.8127332735655285,1.3957020772506952,0.30510077133615326,0.2943811705038897,19.73445495009422
Chronos2-COV-XL,168,INFORMATION_CENTRE,4019,0.01570617511863379,0.06524239468039919,1.822190158319793,1.0913574984116088,0.015349589450111969,0.014709978750715707,0.5897609760612249
Chronos2-COV-XL,168,IT_BLOCK,4019,0.061775722920516446,0.12905263574965573,1.0592621993964024,0.7997363915544398,0.09161731774073154,0.0322001500247159,1.0787104159593581
Chronos2-COV-XL,168,ME_WORKSHOP_BLOCK,4019,0.025326449258406384,0.045239178535761405,0.15280482121472605,0.0610779777125204,0.03508584224931575,0.010511998353712772,0.5642080371081829
Chronos2-COV-XL,168,MM_BLOCK,4019,0.25122357364197995,0.38687742556711574,0.5678736884633039,0.4976768931022598,1.1247001741726799,-0.053152327474654384,1.8313777446746826
Chronos2-COV-XL,168,MRD_BLOCK,4019,0.8193783822970829,1.3718061818456695,0.6806900768098593,0.47744654609570536,1.4343468524508582,0.4088500919262549,10.543529529571533
Chronos2-COV-XL,168,NBX,3998,0.3084230274683598,0.6426244837110994,0.7281750360880913,0.6315898892988385,0.7322611305652826,0.04164868916404909,15.857347059249879
Chronos2-COV-XL,168,NEW_BLOCK,4019,0.03607447593862899,0.06575426367747812,0.5218098437310802,0.49374188720364376,0.17475491415775066,0.008509325406301612,0.384579062461853
Chronos2-COV-XL,168,NEW_BLOCK_RO,4019,0.0003772402932823611,0.0019268988461418456,0.1878687537489146,0.05823852291394939,0.0003732271709380443,0.00036723429724886,0.01
Chronos2-COV-XL,168,TECH_PARK,4019,0.17361920932419536,0.33072462152257504,0.5063205434080711,0.3307081624329237,0.39104005971634737,-0.0060784189337431144,3.913960728645325
Chronos2-COV,6,BE_BLOCK_OHT,142,0.6490460810023294,1.000541240036065,0.6843173419057601,0.6260049362285288,1.7737323943661973,0.09046014888185852,5.279791679382324
Chronos2-COV,6,BE_BLOCK_RO,142,0.005985072617169837,0.010402759003035889,0.4535822112673272,0.16730142184780136,0.009788732394366197,0.0012713432742256518,0.04059995867311955
Chronos2-COV,6,CRICKET_GROUND_OHT,142,0.013716778302119235,0.05307719294596939,0.2429483759696354,0.4132081776813965,0.013380281690140848,0.01234919378848773,0.5588377504050732
Chronos2-COV,6,F_BLOCK,142,0.28099066823301183,0.6048779645970345,0.481860152257068,0.500963659473552,0.6871126760563381,0.13732083755479732,4.677282152175903
Chronos2-COV,6,GJBC_BLOCK_1_A1_BOYS,142,0.06150949273940543,0.08876827207297763,0.46305168822760223,0.41399818430542473,0.15492957746478872,0.01184843370402363,0.41847179055213923
Chronos2-COV,6,GJBC_BLOCK_1_A2_GIRLS,142,0.05289095938205719,0.07895501056579457,0.38848208115026134,0.36887034214018605,0.15971830985915494,0.010890307090651823,0.43682487487792965
Chronos2-COV,6,GJBC_BLOCK_1_A3,142,0.08848363414196903,0.12473231949126645,0.5251632987361002,0.4545038980528303,0.18105633802816903,0.021201738740356874,0.5778634750843048
Chronos2-COV,6,GJBC_BLOCK_1_A4_RO,142,0.00609131774737198,0.036607479922436854,0.1021442663138614,0.18453006411036393,0.0060563380281690145,0.005962958438157984,0.4299839421361685
Chronos2-COV,6,GJBC_BLOCK_2_A1,142,0.11632733937720179,0.20445005733767296,0.5584530276434169,0.5784256419327329,0.42133802816901406,0.01557046942307915,0.9112307691574097
Chronos2-COV,6,GJBC_LAW_BLOCK_3_A4_BOYS,142,0.5692211351764034,0.918359324306683,0.6877271307052849,0.5733826093912016,1.1424647887323942,0.0568383758672526,3.9476545143127444
Chronos2-COV,6,GJBC_LAW_BLOCK_3__A1,139,0.2692711548324969,0.9480249325965189,1.1014932490098248,0.8685842309336081,0.5150359712230216,0.12833421154845534,6.666193578243256
Chronos2-COV,6,GJBC_LAW_BLOCK_3__A2,142,0.19098345940381709,0.4119540599089378,0.4480183336677441,0.22556790044305222,0.3630985915492958,-0.028871434901801635,2.3989347648620605
Chronos2-COV,6,GJBC_LAW_BLOCK_3__A3_GIRLS,142,0.14186750554282904,0.1921486303724166,0.5563907958455272,0.42463306331232253,0.3047887323943662,-0.04027792025200078,0.6047399044036865
Chronos2-COV,6,G_BLOCK,142,0.3402229169556793,0.5332808600307003,0.6737072587031722,0.4657096874851872,0.9742957746478871,-0.09364348205042557,2.61346200466156
Chronos2-COV,6,I&H_BLOCK,142,0.43048170875495595,1.5993412529384703,1.1341051085326563,1.4869078748101177,0.43302816901408453,0.4162791790424938,12.233557896614075
Chronos2-COV,6,INFORMATION_CENTRE,142,0.014365162405277222,0.059899590171595136,1.6608644619854744,0.9980327680230564,0.014084507042253521,0.013587563882358896,0.47960070475935934
Chronos2-COV,6,IT_BLOCK,142,0.0649948500516549,0.11839845804064596,1.108323275675789,0.7305618841682807,0.09190140845070423,0.023205541829827807,0.4834815207123756
Chronos2-COV,6,ME_WORKSHOP_BLOCK,142,0.025652652710256442,0.037385323496717915,0.15487948775949759,0.05060835477698994,0.03492957746478873,0.008729335386568395,0.17659124106168747
Chronos2-COV,6,MM_BLOCK,142,0.26167575574257007,0.4092916656585962,0.591708294262433,0.526929127836971,1.0646478873239438,-0.11172342515327562,1.6618390083312988
Chronos2-COV,6,MRD_BLOCK,142,0.6287041939312303,1.2111961498551411,0.5220497146749545,0.4218828572385086,1.3928873239436619,0.3276941783159552,5.533095378875732
Chronos2-COV,6,NBX,142,0.3466952821570382,0.5805754094564733,0.8172208561714259,0.5646667901314955,0.7847887323943662,0.08306840945297563,2.8853257369995116
Chronos2-COV,6,NEW_BLOCK,142,0.03348124649952835,0.060165579017897604,0.48442968815095794,0.4523041134830292,0.17204225352112676,0.0030878671059306234,0.32847211837768553
Chronos2-COV,6,NEW_BLOCK_RO,142,0.0003836287841246739,0.001656845362418414,0.18992507886477933,0.049785362670577364,0.00028169014084507044,0.0001708458189058944,0.009889763596002013
Chronos2-COV,6,TECH_PARK,142,0.1411890405542414,0.23339096428942993,0.4120217288893614,0.2340870247603191,0.3949295774647887,-0.014260521644437816,1.1407034921646118
Chronos2-COV,12,BE_BLOCK_OHT,286,0.6818307251029915,1.0925071729036353,0.7190485248624668,0.6838485102106067,1.8353846153846152,0.18309809918170206,5.65288143157959
Chronos2-COV,12,BE_BLOCK_RO,286,0.007066798928239336,0.012187951010584145,0.5359802538392723,0.19617738015294625,0.010944055944055946,0.00121327320322186,0.05123790353536606
Chronos2-COV,12,CRICKET_GROUND_OHT,286,0.01118511546676705,0.04396378901748745,0.19822330826676446,0.34242279489533567,0.010769230769230769,0.009765016002697753,0.5588746792078019
Chronos2-COV,12,F_BLOCK,286,0.3335192367038527,0.6758515157892683,0.5723137104580169,0.5608560992593593,0.6956993006993007,0.1383580680118574,4.6766238784790035
Chronos2-COV,12,GJBC_BLOCK_1_A1_BOYS,286,0.07218054149951135,0.11413486242751786,0.5434169193956065,0.5328176786323169,0.1651048951048951,0.021489818929792286,0.9465571200847627
Chronos2-COV,12,GJBC_BLOCK_1_A2_GIRLS,286,0.06957516279149722,0.1267584065653891,0.5112320505975647,0.5934302968117696,0.1715034965034965,0.025045596151710387,1.0310032892227172
Chronos2-COV,12,GJBC_BLOCK_1_A3,286,0.09757035391522453,0.15419305083180573,0.579083957560611,0.56247226838256,0.19671328671328672,0.033442937704649844,1.2423669922351837
Chronos2-COV,12,GJBC_BLOCK_1_A4_RO,286,0.004851501572708652,0.026204854980575988,0.08139596712970784,0.1321015404471948,0.004825174825174826,0.004737578954680341,0.4299850649619475
Chronos2-COV,12,GJBC_BLOCK_2_A1,286,0.11154966939370949,0.2022443144235424,0.5356652958094201,0.5721470032016722,0.40248251748251745,-0.005230896641741261,0.9279001951217651
Chronos2-COV,12,GJBC_LAW_BLOCK_3_A4_BOYS,286,0.5523963439881384,0.924960831310596,0.667238933383623,0.5776597426619892,1.1934965034965035,0.11800001873003017,4.462484807968139
Chronos2-COV,12,GJBC_LAW_BLOCK_3__A1,283,0.35091002550647454,1.3321454155660304,1.4287606306739618,1.216518312046713,0.6009540636042403,0.2042124714994599,14.548468308448792
Chronos2-COV,12,GJBC_LAW_BLOCK_3__A2,286,0.1716062632515714,0.3287924437916251,0.40261157457455615,0.18008086730801234,0.42363636363636364,-0.010742497598374643,2.4122480583190917
Chronos2-COV,12,GJBC_LAW_BLOCK_3__A3_GIRLS,286,0.1449154189395738,0.1937319909238553,0.5686036776768233,0.4286020360105148,0.3105594405594405,-0.03523005735415678,0.607372522354126
Chronos2-COV,12,G_BLOCK,286,0.37529673939401453,0.6691262087787287,0.7434188990556194,0.5850679050782729,0.9605244755244755,-0.10387521484931865,6.971869113445282
Chronos2-COV,12,I&H_BLOCK,286,0.3067175250870364,1.3151911047784879,0.8109474457973305,1.2378384523132184,0.3064685314685314,0.2917159623616225,12.2244853246212
Chronos2-COV,12,INFORMATION_CENTRE,286,0.016787693200932517,0.06734149316244277,1.9163046773916412,1.1202075225698633,0.01646853146853147,0.015985914333560666,0.4795849886909127
Chronos2-COV,12,IT_BLOCK,286,0.058907241818944474,0.10937646210104322,1.0057685650579107,0.6756211618156553,0.08947552447552448,0.021333071911720545,0.48531685203313824
Chronos2-COV,12,ME_WORKSHOP_BLOCK,286,0.025489252779137835,0.045174496232860184,0.1539125559125294,0.060871754939844924,0.035419580419580425,0.010582659266941198,0.4737630146741867
Chronos2-COV,12,MM_BLOCK,286,0.24166302124103464,0.3793273132729094,0.546390213789933,0.4881856562913775,1.1268881118881118,-0.05282621937198239,1.7692004442214966
Chronos2-COV,12,MRD_BLOCK,286,0.6808259830858324,1.233425635198774,0.5656410117070884,0.42976665078764165,1.3086013986013987,0.24436477580270569,5.525006074905395
Chronos2-COV,12,NBX,286,0.33775815674058207,0.6140055050289883,0.7973349864484585,0.6015398315636814,0.786923076923077,0.09110555124866379,4.409668724536896
Chronos2-COV,12,NEW_BLOCK,286,0.03443270091097672,0.06310862268280049,0.4984028614543578,0.47456875642857715,0.1729020979020979,0.003029903295365246,0.3531339764595032
Chronos2-COV,12,NEW_BLOCK_RO,286,0.0005392255825137107,0.002103302839924153,0.2687547940138612,0.06358515767722807,0.00045454545454545455,0.0003564010121309283,0.009899185553658754
Chronos2-COV,12,TECH_PARK,286,0.1546009588825119,0.27369373618237613,0.4511700095927897,0.27517431735590225,0.3816083916083916,-0.027870674600134357,1.1561663675308227
Chronos2-COV,24,BE_BLOCK_OHT,564,0.7193086964061074,1.232034049626254,0.7586929066454273,0.7714059061784027,1.9401241134751774,0.31987341738339015,6.918247089385986
Chronos2-COV,24,BE_BLOCK_RO,564,0.007753883293823254,0.01406407747681984,0.5870886269658233,0.2252962535552047,0.01148936170212766,0.002692066374968025,0.09191436797380448
Chronos2-COV,24,CRICKET_GROUND_OHT,564,0.008818475828433396,0.03444743813041901,0.15632305375413635,0.268257736311687,0.008421985815602837,0.007534036054507109,0.5590245513617993
Chronos2-COV,24,F_BLOCK,564,0.3636081043033735,0.8241988359765317,0.6237379427106081,0.6842569026019905,0.709822695035461,0.16826488779791704,11.36814630508423
Chronos2-COV,24,GJBC_BLOCK_1_A1_BOYS,564,0.07762857984355155,0.11455128709449701,0.5841963997702712,0.5340920665350379,0.15852836879432625,0.01353751009977456,0.9483658230304719
Chronos2-COV,24,GJBC_BLOCK_1_A2_GIRLS,564,0.0740926312470267,0.11872140083497607,0.5441719923951279,0.5549908999445309,0.1647340425531915,0.020709070574941365,1.0339582937955856
Chronos2-COV,24,GJBC_BLOCK_1_A3,564,0.09951407923131969,0.14724237518386574,0.5903316391965628,0.5364824768950005,0.1895390070921986,0.024297284149954506,1.2440620291233062
Chronos2-COV,24,GJBC_BLOCK_1_A4_RO,564,0.004031621556669631,0.019085328536666307,0.06760742439709984,0.09621008484268924,0.0040070921985815595,0.003921893670897376,0.42998745031189173
Chronos2-COV,24,GJBC_BLOCK_2_A1,564,0.11700584341976658,0.208398586054256,0.5615640480680012,0.5893105192477958,0.4049468085106383,0.0038748530937847557,1.1980755186080931
Chronos2-COV,24,GJBC_LAW_BLOCK_3_A4_BOYS,564,0.5836043287845368,0.9708570122853395,0.7047791581824033,0.6061050983221223,1.280709219858156,0.17960900249210654,5.345829133987427
Chronos2-COV,24,GJBC_LAW_BLOCK_3__A1,561,0.37199725410730017,1.420554666447024,1.507446301805284,1.2899374600024154,0.6260071301247772,0.2281527843853582,14.567684905529022
Chronos2-COV,24,GJBC_LAW_BLOCK_3__A2,564,0.17616794210799197,0.3512873561717721,0.4125792342601857,0.1917639166383542,0.4324468085106383,-0.04090912889504264,2.737380266189575
Chronos2-COV,24,GJBC_LAW_BLOCK_3__A3_GIRLS,564,0.14686485385535458,0.20215569526122196,0.575862138227351,0.44641826066622403,0.3408333333333334,-0.027014981143652122,1.1559613227844239
Chronos2-COV,24,G_BLOCK,564,0.34633434815821074,0.7666358525405462,0.6864157530186263,0.6723578987573031,1.0315248226950353,-0.0503231762592674,12.555981097221375
Chronos2-COV,24,I&H_BLOCK,564,0.31484870083894295,1.486000939829947,0.8346347878477779,1.4147442270221278,0.3141134751773049,0.3005530595684305,19.726730217933653
Chronos2-COV,24,INFORMATION_CENTRE,564,0.01762609862834744,0.07093251895815829,2.0552959398125927,1.1894167597161704,0.017304964539007095,0.0167092649065328,0.5893642186746001
Chronos2-COV,24,IT_BLOCK,564,0.06403854311173054,0.12993744350390113,1.096492435643231,0.8044206499208255,0.09443262411347518,0.030185039819396558,1.063483016192913
Chronos2-COV,24,ME_WORKSHOP_BLOCK,564,0.02655879474145935,0.050003216698721084,0.16025083948409605,0.0674903029734645,0.037429078014184394,0.013284125049327708,0.5559283596277237
Chronos2-COV,24,MM_BLOCK,564,0.23820447440265766,0.3695069126012149,0.5385115342553476,0.47540517346506866,1.1443617021276598,-0.0392036436170551,1.7710297107696533
Chronos2-COV,24,MRD_BLOCK,564,0.7322573784606675,1.2846194423804849,0.6083337401263048,0.4470547525718405,1.388758865248227,0.31858545384931225,10.579141039848327
Chronos2-COV,24,NBX,561,0.3503840623118661,0.8805174828813742,0.827282815912408,0.8662278445384016,0.8031729055258466,0.1107360096730013,15.782626259326936
Chronos2-COV,24,NEW_BLOCK,564,0.035575288402061936,0.06441946076777096,0.5145857570453007,0.4837923051994435,0.17489361702127657,0.006641792647593412,0.3670013654232025
Chronos2-COV,24,NEW_BLOCK_RO,564,0.00046349422393345224,0.001948251714468205,0.23081113518517005,0.05887530881893494,0.0003900709219858156,0.0003050874417308381,0.00992057541385293
Chronos2-COV,24,TECH_PARK,564,0.1756014341506975,0.3361356346961427,0.5121260462292859,0.3364356616611739,0.40037234042553194,-0.005019599589261599,3.7683880662918092
Chronos2-COV,48,BE_BLOCK_OHT,1139,0.7361672617888848,1.2395515717308077,0.7765113056583993,0.7761037217670448,1.935873573309921,0.3539736622755103,6.919031867980957
Chronos2-COV,48,BE_BLOCK_RO,1139,0.007929635390989268,0.01451402516382758,0.600395637935194,0.2324531052620017,0.01141352063213345,0.0029046936676108965,0.1058610837161541
Chronos2-COV,48,CRICKET_GROUND_OHT,1139,0.009078562245871854,0.034740440185029496,0.16101220531839489,0.2705315691804139,0.008674275680421421,0.007781239384368285,0.5590471936762333
Chronos2-COV,48,F_BLOCK,1139,0.37170622269661413,0.8383680571956277,0.6376208107487256,0.695965342535806,0.716865671641791,0.18758671142219763,11.443120543956757
Chronos2-COV,48,GJBC_BLOCK_1_A1_BOYS,1139,0.07998091718834466,0.11601535676640821,0.6018111343136977,0.5407698180537338,0.15848990342405617,0.01296904878411197,0.9469336873292924
Chronos2-COV,48,GJBC_BLOCK_1_A2_GIRLS,1139,0.07623564970163632,0.11988685544892033,0.5598336862676874,0.5602827028033853,0.16414398595259,0.02104850265072353,1.0324738550186157
Chronos2-COV,48,GJBC_BLOCK_1_A3,1139,0.10159481400429313,0.14814629904923762,0.602571855966096,0.5396162651263547,0.18919227392449517,0.023379126445727982,1.2422573494911193
Chronos2-COV,48,GJBC_BLOCK_1_A4_RO,1139,0.004009679635129975,0.019004883609633365,0.06723465272046762,0.09576238646163583,0.00398595258999122,0.0038965644458007504,0.4299864059500396
Chronos2-COV,48,GJBC_BLOCK_2_A1,1138,0.11718657447866482,0.20950037341946867,0.5624444686414406,0.5925014671391688,0.4074692442882249,0.001088626117090354,1.2130354499816893
Chronos2-COV,48,GJBC_LAW_BLOCK_3_A4_BOYS,1139,0.5878496302922008,0.9742986766011418,0.7098896442450288,0.6082388641196687,1.2830465320456539,0.17858811531284588,5.339959745407104
Chronos2-COV,48,GJBC_LAW_BLOCK_3__A1,1133,0.3834774782867002,1.4397212422704058,1.5553154683179518,1.3088528381452766,0.6342365401588703,0.24107056836111823,14.587386207580566
Chronos2-COV,48,GJBC_LAW_BLOCK_3__A2,1139,0.17765528495108693,0.3498387443187837,0.41598061693437455,0.19088631208350296,0.4311676909569798,-0.04446196594816011,2.7924230098724365
Chronos2-COV,48,GJBC_LAW_BLOCK_3__A3_GIRLS,1139,0.15187946225384855,0.20662207337642702,0.5954733980471723,0.45620828139936137,0.33749780509218613,-0.033747029364161366,1.1566564917564393
Chronos2-COV,48,G_BLOCK,1139,0.3505099369047816,0.7655342109076322,0.6947245429538697,0.6712640733150572,1.0233450395083408,-0.07099979142853835,12.562572059631348
Chronos2-COV,48,I&H_BLOCK,1139,0.3135670194304544,1.5126127691210354,0.8309927095336369,1.4388542794067645,0.3123090430201932,0.2987176664347603,19.72623815178871
Chronos2-COV,48,INFORMATION_CENTRE,1139,0.017696550768604654,0.07045989814932052,2.0627984732618567,1.1811092719388225,0.017383669885864792,0.01672217825524136,0.5892453502491116
Chronos2-COV,48,IT_BLOCK,1139,0.06336744078798866,0.12945297960595492,1.0854362967409243,0.8016522358359934,0.09395083406496928,0.03150453080652941,1.0656650751829146
Chronos2-COV,48,ME_WORKSHOP_BLOCK,1139,0.02593921032479921,0.04765769219348594,0.15655166744622454,0.06437790361355249,0.036523266022827044,0.0123697579044381,0.5588052336871624
Chronos2-COV,48,MM_BLOCK,1139,0.243166228600821,0.37786737812575016,0.5496816130369007,0.48610303470252025,1.1396049165935032,-0.044427649290337705,1.7804652452468872
Chronos2-COV,48,MRD_BLOCK,1139,0.7876418602351455,1.3474649991059053,0.6544476440201532,0.4689515993671867,1.4137137840210712,0.35295852207739803,10.51972677230835
Chronos2-COV,48,NBX,1133,0.34122069154812606,0.8591538477603201,0.8058040920745124,0.8459537935654907,0.7871138570167696,0.0938775645297708,15.837777781486512
Chronos2-COV,48,NEW_BLOCK,1139,0.035696362611805796,0.06484048046949754,0.5163201574942946,0.4869114450281137,0.17575065847234417,0.007963024681864128,0.36693875074386595
Chronos2-COV,48,NEW_BLOCK_RO,1139,0.0004390052047413401,0.0019414131761113975,0.21859109675646168,0.058665337720722056,0.00038630377524143984,0.0003235055410357959,0.009958990316372365
Chronos2-COV,48,TECH_PARK,1139,0.17854641516235858,0.3383938903768185,0.5207300499172632,0.3386855708964828,0.4035557506584723,-0.006004206756419313,3.771729979515076
Chronos2-COV,72,BE_BLOCK_OHT,1715,0.7321613111551579,1.2111737952975905,0.772264507932731,0.7581755926086203,1.9161574344023324,0.35269844008465207,6.9400101757049555
Chronos2-COV,72,BE_BLOCK_RO,1715,0.007863393491541332,0.014187518634637694,0.5953929344258025,0.22739654732645323,0.01113119533527697,0.003101718489373912,0.10489438764750958
Chronos2-COV,72,CRICKET_GROUND_OHT,1715,0.009560289493237919,0.035419812819217855,0.16975902013929678,0.2759430715660463,0.00917201166180758,0.008272832887035418,0.5590832060575486
Chronos2-COV,72,F_BLOCK,1715,0.37553040557839085,0.8443825365325838,0.6441369270558467,0.700833412707807,0.7209271137026239,0.19433714159167542,11.417313342094422
Chronos2-COV,72,GJBC_BLOCK_1_A1_BOYS,1715,0.08058085903377644,0.11694353054281606,0.6062948200552155,0.5450537670259874,0.158600583090379,0.013682463565303707,0.9674255704879762
Chronos2-COV,72,GJBC_BLOCK_1_A2_GIRLS,1715,0.07725566237035367,0.12105289265694881,0.5673043190360548,0.5656662492294314,0.16416909620991255,0.022311709870749936,1.0401577132940292
Chronos2-COV,72,GJBC_BLOCK_1_A3,1715,0.10276722664648867,0.1499084886029693,0.6094952899027467,0.5459822951562573,0.18946938775510205,0.024171859909250852,1.2583093571662902
Chronos2-COV,72,GJBC_BLOCK_1_A4_RO,1715,0.004272145952779594,0.02163678499436513,0.07159864566716136,0.10891495139121075,0.0042507288629737615,0.00416804104403161,0.4299857593793422
Chronos2-COV,72,GJBC_BLOCK_2_A1,1713,0.1180455556235255,0.21004872605449418,0.566528547854477,0.5940210892371408,0.405563339171045,0.0038967459273491455,1.2016131734848021
Chronos2-COV,72,GJBC_LAW_BLOCK_3_A4_BOYS,1715,0.594989108473497,0.9824886559756253,0.7185137107689399,0.6133674687342162,1.2839475218658893,0.18252901560085505,5.339679841995239
Chronos2-COV,72,GJBC_LAW_BLOCK_3__A1,1706,0.3817996070833587,1.4358236615025075,1.548561558465219,1.3059151698390328,0.6290328253223916,0.23690342964558647,14.599064843654633
Chronos2-COV,72,GJBC_LAW_BLOCK_3__A2,1715,0.18295496963342495,0.35651169763596396,0.4283392757842004,0.19448905863110008,0.427399416909621,-0.049484695000134124,2.795881986618042
Chronos2-COV,72,GJBC_LAW_BLOCK_3__A3_GIRLS,1715,0.15520881246060741,0.21046985589781594,0.6084683277580006,0.46464253679674833,0.3349037900874635,-0.039582207555326,1.1625872731208802
Chronos2-COV,72,G_BLOCK,1715,0.3583104812188329,0.7692861629625255,0.7101535961808877,0.6743661954906621,1.0166763848396503,-0.07677359158374131,12.556459245681763
Chronos2-COV,72,I&H_BLOCK,1715,0.3002251956716571,1.4759725029787372,0.7960134102861158,1.4081064022555512,0.29879883381924194,0.28640606201042584,19.729481210708617
Chronos2-COV,72,INFORMATION_CENTRE,1715,0.017555843545596386,0.07012545857612593,2.044943486208696,1.1748437177524804,0.017247813411078717,0.016636823047636723,0.5893040254339575
Chronos2-COV,72,IT_BLOCK,1715,0.06323488151019238,0.13067545708908185,1.0834502655846738,0.8093676018478214,0.09289795918367347,0.032421149702096475,1.074024224281311
Chronos2-COV,72,ME_WORKSHOP_BLOCK,1715,0.025692320849735606,0.04670973835009542,0.15505740715167823,0.06310251866066091,0.0361399416909621,0.011770550521921486,0.5628411163389683
Chronos2-COV,72,MM_BLOCK,1715,0.24332226256378883,0.37700056397517345,0.5500198249342092,0.4849916082210457,1.136932944606414,-0.045089239231699066,1.7900067567825317
Chronos2-COV,72,MRD_BLOCK,1715,0.8076002763561883,1.3610858695324275,0.671048508007015,0.47381791405185575,1.4237551020408161,0.3790940378859161,10.532064218521118
Chronos2-COV,72,NBX,1706,0.33361894765115424,0.8428764031424847,0.7878966997323712,0.8304008622015063,0.7730070339976554,0.0763832052770002,15.837558794021607
Chronos2-COV,72,NEW_BLOCK,1715,0.035884600775582455,0.06490905678382458,0.5190046513309904,0.487354954764314,0.17590087463556853,0.008909449154016924,0.36939642906188963
Chronos2-COV,72,NEW_BLOCK_RO,1715,0.0004149483591684686,0.0019276430778819248,0.20654841032932383,0.058237057557242074,0.00037900874635568517,0.0003352043151912489,0.01
Chronos2-COV,72,TECH_PARK,1715,0.17943039524381432,0.3402764733907523,0.5232978827230007,0.34047771269291055,0.40137609329446067,-0.005754424157712616,3.803497705459595
Chronos2-COV,168,BE_BLOCK_OHT,4019,0.7250429831413703,1.1865478676938277,0.7647407539415982,0.7427014357843837,1.8786290121920877,0.3548140671508886,6.958929643630981
Chronos2-COV,168,BE_BLOCK_RO,4019,0.008062280461912348,0.014219036697667097,0.6103029603150817,0.22792165314496346,0.01094302065190346,0.003939569781071609,0.10559279203414917
Chronos2-COV,168,CRICKET_GROUND_OHT,4019,0.009027551781663288,0.031939341789827214,0.1605921886247301,0.2490651704911297,0.008621547648668822,0.007623270360146272,0.5590778677165509
Chronos2-COV,168,F_BLOCK,4019,0.3564400594751762,0.7629881703105021,0.6113251112932419,0.6328950837675349,0.712963423737248,0.19599159784387016,11.443838362693787
Chronos2-COV,168,GJBC_BLOCK_1_A1_BOYS,4019,0.082944417560937,0.11987836839822413,0.6239898187019978,0.5585245576062452,0.15860413038069174,0.013376721419499686,0.9801941370964051
Chronos2-COV,168,GJBC_BLOCK_1_A2_GIRLS,4019,0.08050149219150002,0.12470920385858941,0.5910372849540694,0.5824270034777181,0.16429957700920625,0.023236229161060575,1.0591376873850822
Chronos2-COV,168,GJBC_BLOCK_1_A3,4019,0.10513764464304975,0.1530316955319563,0.6234356455070482,0.5571018084774019,0.18890768847972134,0.023588297784654735,1.2746092456579208
Chronos2-COV,168,GJBC_BLOCK_1_A4_RO,4019,0.004179588176981384,0.020154455285107255,0.06999355774965345,0.10126268101282401,0.0041602388653894,0.004086086956885975,0.43
Chronos2-COV,168,GJBC_BLOCK_2_A1,4013,0.11972726098103266,0.2126520145882764,0.5745521704522596,0.6013189327230745,0.3998504859207575,0.003175210473753113,1.2411798095703124
Chronos2-COV,168,GJBC_LAW_BLOCK_3_A4_BOYS,4019,0.6115206028353845,0.9968999027837254,0.7385108881705094,0.62232516200536,1.2819656631002738,0.1906692383081114,5.368442897796631
Chronos2-COV,168,GJBC_LAW_BLOCK_3__A1,3995,0.4124254507223268,1.5735692798974668,1.6731986996120458,1.4301648158714533,0.6534518147684606,0.2648081801395691,18.095656957626343
Chronos2-COV,168,GJBC_LAW_BLOCK_3__A2,4019,0.19168552786860782,0.3761062829221287,0.44849865936126787,0.20492736374311293,0.41123413784523516,-0.06699118470487146,2.858487606048584
Chronos2-COV,168,GJBC_LAW_BLOCK_3__A3_GIRLS,4019,0.16600952757193868,0.22635013868991638,0.6505737454608194,0.49933240955660524,0.323018163722319,-0.05917319856952986,1.186981189250946
Chronos2-COV,168,G_BLOCK,4019,0.3680169081646401,0.7825543252174988,0.7294475008729396,0.6854212324127162,1.0174222443393879,-0.08086637558525371,12.56370591878891
Chronos2-COV,168,I&H_BLOCK,4019,0.3065909241987835,1.4573473686011513,0.8134393106463588,1.3953346033128422,0.30510077133615326,0.2926251582532535,19.733466973304747
Chronos2-COV,168,INFORMATION_CENTRE,4019,0.01568984053138218,0.06524842284753252,1.820335580736386,1.0914592548236057,0.015349589450111969,0.014730334971679417,0.5897505694627762
Chronos2-COV,168,IT_BLOCK,4019,0.06194620308518395,0.12973811913137512,1.0622608152137523,0.8040033521080667,0.09161731774073154,0.03387323873752043,1.0838596537709235
Chronos2-COV,168,ME_WORKSHOP_BLOCK,4019,0.025220803498265217,0.04507059409736805,0.15217134420955,0.060851528132005187,0.03508584224931575,0.010091706029208747,0.5619254511594772
Chronos2-COV,168,MM_BLOCK,4019,0.25028312616307924,0.38723628528451,0.5657497308378624,0.4981429297643951,1.1247001741726799,-0.05360337425624888,1.838841438293457
Chronos2-COV,168,MRD_BLOCK,4019,0.8197265100769808,1.3715451525979834,0.6809715612805607,0.4773498072827333,1.4343468524508582,0.40692652193163426,10.525566716194152
Chronos2-COV,168,NBX,3998,0.3094988746986561,0.6418865332861237,0.7307164517267858,0.6308564203087197,0.7322611305652826,0.03525155265788068,15.83380972146988
Chronos2-COV,168,NEW_BLOCK,4019,0.03600940564721934,0.06569076842801858,0.5208704809710498,0.4932659547061519,0.17475491415775066,0.00866788943561638,0.3862228989601135
Chronos2-COV,168,NEW_BLOCK_RO,4019,0.00038694555611187663,0.0019205610542082161,0.1927001586066732,0.05804714132320155,0.0003732271709380443,0.0003549792667335021,0.01
Chronos2-COV,168,TECH_PARK,4019,0.17417462268377545,0.33313528458298064,0.5079425319293722,0.3331275640756982,0.39104005971634737,-0.01173200539019191,3.934431347846985
Chronos2-ZS,6,BE_BLOCK_OHT,142,0.6406146940043276,0.9905514039424992,0.6754155154054844,0.6197546735166262,1.7737323943661973,0.06264217635275615,5.277636137008667
Chronos2-ZS,6,BE_BLOCK_RO,142,0.005576202258939894,0.009721014749218273,0.4225475212478323,0.15631968633482737,0.009788732394366197,0.0010806309004169955,0.036464236378669745
Chronos2-ZS,6,CRICKET_GROUND_OHT,142,0.013651792134460012,0.05309879825154585,0.24179815390021406,0.4133745114340275,0.013380281690140848,0.012522458220818935,0.5590254901349545
Chronos2-ZS,6,F_BLOCK,142,0.27616014749231477,0.5955831830678917,0.47357544266409807,0.49326134914813835,0.6871126760563381,0.12095562216261743,4.539044198989868
Chronos2-ZS,6,GJBC_BLOCK_1_A1_BOYS,142,0.06409562227381786,0.09078771448092295,0.4824741305887128,0.42331022335229723,0.15492957746478872,0.011771331737998509,0.396584979891777
Chronos2-ZS,6,GJBC_BLOCK_1_A2_GIRLS,142,0.052616798248089534,0.0764013142755538,0.38645901662487325,0.3569501698356006,0.15971830985915494,0.008885424691186826,0.41386930823326107
Chronos2-ZS,6,GJBC_BLOCK_1_A3,142,0.08928040674244854,0.12523971488978267,0.5298517927871187,0.4562831806107871,0.18105633802816903,0.020007933523033705,0.5398608946800232
Chronos2-ZS,6,GJBC_BLOCK_1_A4_RO,142,0.006102367951411715,0.036598941075444216,0.1023310111751752,0.18448683507212918,0.0060563380281690145,0.005886518148333163,0.4299801425728947
Chronos2-ZS,6,GJBC_BLOCK_2_A1,142,0.11615683079185622,0.20244180627831526,0.5576277581161962,0.5727395752855651,0.42133802816901406,0.010715285459874373,0.916317846775055
Chronos2-ZS,6,GJBC_LAW_BLOCK_3_A4_BOYS,142,0.5812268821454384,0.9365225653393964,0.702211206485257,0.5847245378950855,1.1424647887323942,0.06815935636909914,4.234214572906494
Chronos2-ZS,6,GJBC_LAW_BLOCK_3__A1,139,0.27191149156299427,0.9490661252521376,1.1125076336673303,0.8695406697690867,0.5150359712230216,0.1382973587298565,6.642727468013764
Chronos2-ZS,6,GJBC_LAW_BLOCK_3__A2,142,0.18305621465327035,0.39977516704084887,0.42944058626685794,0.21892388180672342,0.3630985915492958,-0.012786321463719214,2.518219394683838
Chronos2-ZS,6,GJBC_LAW_BLOCK_3__A3_GIRLS,142,0.14078501080543224,0.19432651799201897,0.5521689408024313,0.4294700772678355,0.3047887323943662,-0.02155616261169943,0.6448479294776917
Chronos2-ZS,6,G_BLOCK,142,0.34794183114884614,0.547860010092825,0.6890182090462831,0.4785080550210003,0.9742957746478871,-0.09366898276436496,2.8736892676353456
Chronos2-ZS,6,I&H_BLOCK,142,0.42744373198965907,1.585412035648757,1.12610313610903,1.4739372530368664,0.43302816901408453,0.3996588933383915,12.084417151212692
Chronos2-ZS,6,INFORMATION_CENTRE,142,0.014391377174728354,0.05990282632513707,1.663654071242914,0.9980915598609619,0.014084507042253521,0.013596891163205596,0.4795487853884697
Chronos2-ZS,6,IT_BLOCK,142,0.06340652375678782,0.11540619161134122,1.0812145747886426,0.7122155883689778,0.09190140845070423,0.019706085791260427,0.4984006825089454
Chronos2-ZS,6,ME_WORKSHOP_BLOCK,142,0.025955958472381174,0.036973756579607296,0.15673233380123397,0.05005062905444345,0.03492957746478873,0.006592821297301374,0.17098144188523293
Chronos2-ZS,6,MM_BLOCK,142,0.25691986159539554,0.40220754914317514,0.5809488066875899,0.5177810618727675,1.0646478873239438,-0.09240786967143207,1.6299870014190674
Chronos2-ZS,6,MRD_BLOCK,142,0.6201959884334618,1.2268123365888446,0.5150049306436355,0.42740396916838574,1.3928873239436619,0.25916623676326916,5.57517566204071
Chronos2-ZS,6,NBX,142,0.3586004088378288,0.6019177042173319,0.8453717719752546,0.5854702826481452,0.7847887323943662,0.10457981872726492,2.9666333866119383
Chronos2-ZS,6,NEW_BLOCK,142,0.033934713555893434,0.06229972108302819,0.4911099349387236,0.46843136201849495,0.17204225352112676,0.00030202591922921074,0.4040412712097168
Chronos2-ZS,6,NEW_BLOCK_RO,142,0.00039114543697534417,0.0016560473600642246,0.1936241287605506,0.04976240261834077,0.00028169014084507044,0.00016208391644808294,0.009829430831596256
Chronos2-ZS,6,TECH_PARK,142,0.14748612266611044,0.24145207775051844,0.43041289559574614,0.24221398057079682,0.3949295774647887,-0.012044057027554851,1.1737875270843505
Chronos2-ZS,12,BE_BLOCK_OHT,286,0.6704878746546232,1.0813252362463885,0.707039426773309,0.6768062775391065,1.8353846153846152,0.14084674360035182,5.652100849151611
Chronos2-ZS,12,BE_BLOCK_RO,286,0.006780352307470528,0.012185700193274767,0.5141940336166526,0.19594066938170523,0.010944055944055946,0.0003650753723678892,0.06856585294008255
Chronos2-ZS,12,CRICKET_GROUND_OHT,286,0.011109512198091179,0.04399076554324338,0.196881789281472,0.34263335907141007,0.010769230769230769,0.009930019934199282,0.5590254901349545
Chronos2-ZS,12,F_BLOCK,286,0.3350834216062839,0.6773858835051672,0.5749990727907612,0.5621438374345384,0.6956993006993007,0.11887574508890406,4.539044198989868
Chronos2-ZS,12,GJBC_BLOCK_1_A1_BOYS,286,0.07235052786819583,0.11384858184691453,0.5446403615183683,0.5313901953289752,0.1651048951048951,0.020180868965970888,0.94891199529171
Chronos2-ZS,12,GJBC_BLOCK_1_A2_GIRLS,286,0.06876331671342983,0.1249360493964325,0.5052404452057626,0.584929957553933,0.1715034965034965,0.022624570027097952,1.027489207983017
Chronos2-ZS,12,GJBC_BLOCK_1_A3,286,0.0970736931993828,0.15311369528613938,0.5760814525335162,0.5584607245264235,0.19671328671328672,0.032496773234822536,1.234294392466545
Chronos2-ZS,12,GJBC_BLOCK_1_A4_RO,286,0.004864709176207808,0.02619235605760177,0.08161929550205525,0.1320382017585019,0.004825174825174826,0.004659023234593012,0.4299801425728947
Chronos2-ZS,12,GJBC_BLOCK_2_A1,286,0.11236294047607408,0.20607251988708486,0.5395689192902017,0.5829752190644121,0.40248251748251745,-0.012526469732914772,0.9474995136260986
Chronos2-ZS,12,GJBC_LAW_BLOCK_3_A4_BOYS,286,0.5691319751239323,0.9435408460312604,0.6874147142301736,0.5892749901205926,1.1934965034965035,0.12453957275910812,4.362848491668701
Chronos2-ZS,12,GJBC_LAW_BLOCK_3__A1,283,0.347822167140435,1.333467960088001,1.416512535715612,1.2176654386027617,0.6009540636042403,0.2120889050631978,14.734927253723145
Chronos2-ZS,12,GJBC_LAW_BLOCK_3__A2,286,0.16572334799733196,0.33428392703561083,0.3888968258330099,0.18316963462008115,0.42363636363636364,-0.012427109196469504,2.518219394683838
Chronos2-ZS,12,GJBC_LAW_BLOCK_3__A3_GIRLS,286,0.14563449459476072,0.19793310223741944,0.5715003031597576,0.43796939521617084,0.3105594405594405,-0.016827725838947958,0.6448479294776917
Chronos2-ZS,12,G_BLOCK,286,0.3858287753425278,0.6893137005396088,0.7643204814919912,0.6027609088864219,0.9605244755244755,-0.12082507031780856,7.1169236326217655
Chronos2-ZS,12,I&H_BLOCK,286,0.30614885561116095,1.306856707745554,0.8094387309118242,1.2301425294722157,0.3064685314685314,0.2818901386502739,12.084417151212692
Chronos2-ZS,12,INFORMATION_CENTRE,286,0.016784579424851842,0.06735401114174802,1.915832691649927,1.1204244439251236,0.01646853146853147,0.016005130097322115,0.4795487853884697
Chronos2-ZS,12,IT_BLOCK,286,0.05801692175099274,0.10792629272208848,0.9902222700553588,0.6666182425608412,0.08947552447552448,0.018064700477867277,0.5762503862380981
Chronos2-ZS,12,ME_WORKSHOP_BLOCK,286,0.025455316973107676,0.04455324083114829,0.15372206816206568,0.060025514668317105,0.035419580419580425,0.008232890273724404,0.47220578372478483
Chronos2-ZS,12,MM_BLOCK,286,0.23691598611278136,0.3724378500452607,0.5356143381970425,0.47923269209048425,1.1268881118881118,-0.0360720587693728,1.7057769298553467
Chronos2-ZS,12,MRD_BLOCK,286,0.6937746483629401,1.2827811632763075,0.5764402199315019,0.44703868470517716,1.3086013986013987,0.17651988079497863,5.57517566204071
Chronos2-ZS,12,NBX,286,0.34360215715595055,0.6227665888060968,0.8111014767634548,0.6098880839121787,0.786923076923077,0.10244118353703638,4.452088098526001
Chronos2-ZS,12,NEW_BLOCK,286,0.034814907251954914,0.06473048969556741,0.5040183555057962,0.48686081852934004,0.1729020979020979,0.0011935266789856488,0.4040412712097168
Chronos2-ZS,12,NEW_BLOCK_RO,286,0.0005455130867340921,0.002105771147755279,0.27184618530490473,0.06366142797833517,0.00045454545454545455,0.00035063145840149765,0.009928776058368385
Chronos2-ZS,12,TECH_PARK,286,0.16065243630350884,0.2876040043408477,0.46883532201938016,0.2892151053494412,0.3816083916083916,-0.03582975570763741,1.264176368713379
Chronos2-ZS,24,BE_BLOCK_OHT,564,0.7158426820851387,1.2171938513163387,0.7550025248717124,0.7621048409159092,1.9401241134751774,0.25739334625977994,6.93866358757019
Chronos2-ZS,24,BE_BLOCK_RO,564,0.007343089366199595,0.013366117390732095,0.555899752131092,0.21401871529560712,0.01148936170212766,0.0016561273811054782,0.08652754604816437
Chronos2-ZS,24,CRICKET_GROUND_OHT,564,0.00876041615864011,0.03446096097867915,0.15529602759769767,0.26836333025114034,0.008421985815602837,0.007655335406951131,0.559071553349495
Chronos2-ZS,24,F_BLOCK,564,0.36848560937541597,0.8317583275358287,0.6320943415842472,0.690558628992405,0.709822695035461,0.1600385195122543,11.643488322496415
Chronos2-ZS,24,GJBC_BLOCK_1_A1_BOYS,564,0.07782898326767675,0.11518601545225222,0.5856847692232673,0.5369453064123301,0.15852836879432625,0.009059762588523805,0.9469637429714204
Chronos2-ZS,24,GJBC_BLOCK_1_A2_GIRLS,564,0.0732540366576707,0.11793285999803942,0.5380126759360251,0.5512679182852966,0.1647340425531915,0.013932139123690889,1.0257835465669631
Chronos2-ZS,24,GJBC_BLOCK_1_A3,564,0.09871806556134359,0.14723454489371218,0.585595378820858,0.5363536975650908,0.1895390070921986,0.01841298579535586,1.2326588559150695
Chronos2-ZS,24,GJBC_BLOCK_1_A4_RO,564,0.004039280416971528,0.019067060745055674,0.06773673772909286,0.09611754639811591,0.0040070921985815595,0.0038435078489656906,0.42998327263165265
Chronos2-ZS,24,GJBC_BLOCK_2_A1,564,0.11780056795541277,0.2125667845941332,0.5653909073670723,0.6011040825011528,0.4049468085106383,-0.0008755374102727715,1.3279229259490966
Chronos2-ZS,24,GJBC_LAW_BLOCK_3_A4_BOYS,564,0.5939409305736528,0.9754142140469311,0.7172389504255989,0.6089587136359469,1.280709219858156,0.1729411770392817,5.428101663589477
Chronos2-ZS,24,GJBC_LAW_BLOCK_3__A1,561,0.37538781821621503,1.422436529104647,1.5211433039948927,1.2916720995202655,0.6260071301247772,0.23283994963249846,14.740334199666977
Chronos2-ZS,24,GJBC_LAW_BLOCK_3__A2,564,0.1704784379698706,0.35467189259638376,0.3993731757206316,0.1937219897913166,0.4324468085106383,-0.04294396964370782,2.741337299346924
Chronos2-ZS,24,GJBC_LAW_BLOCK_3__A3_GIRLS,564,0.14454703821886516,0.20249352188294792,0.5668995606109973,0.4473140398690544,0.3408333333333334,-0.021137920473272915,0.983340609073639
Chronos2-ZS,24,G_BLOCK,564,0.34944220378043805,0.7759753710451118,0.6925873148437515,0.6805208947697226,1.0315248226950353,-0.06910338485494573,12.5708962059021
Chronos2-ZS,24,I&H_BLOCK,564,0.3164233963910147,1.481807351944971,0.8387650965558855,1.4109027077762226,0.3141134751773049,0.29235976266628455,19.72672017455101
Chronos2-ZS,24,INFORMATION_CENTRE,564,0.017632003845911185,0.07084189205017298,2.0555751635355137,1.1878550912270682,0.017304964539007095,0.016584882577484913,0.589532064422965
Chronos2-ZS,24,IT_BLOCK,564,0.06232919397136421,0.1250264103651018,1.0668461585201816,0.7738625293690301,0.09443262411347518,0.025241599052034797,1.0549151465296744
Chronos2-ZS,24,ME_WORKSHOP_BLOCK,564,0.02640896702858996,0.04924317631729478,0.15937136393471432,0.06646463987127435,0.037429078014184394,0.010896802134547676,0.5537517991662025
Chronos2-ZS,24,MM_BLOCK,564,0.23676923800022043,0.36331871690288886,0.5352375483495482,0.46739063815331383,1.1443617021276598,-0.019586139883555422,1.6981486082077026
Chronos2-ZS,24,MRD_BLOCK,564,0.7403120932088675,1.3053598267156672,0.615047817567103,0.4543317445316767,1.388758865248227,0.24088030104096053,10.266319770812988
Chronos2-ZS,24,NBX,561,0.35515430495488237,0.8863350982801632,0.8385348534936095,0.8717737955868997,0.8031729055258466,0.11953065997564007,15.782166528701783
Chronos2-ZS,24,NEW_BLOCK,564,0.035839806959984156,0.06535282988316055,0.518461551447448,0.4908793628461872,0.17489361702127657,0.005347340029816256,0.4064829158782959
Chronos2-ZS,24,NEW_BLOCK_RO,564,0.0004689336296852929,0.0019501814225367938,0.23353983252075872,0.0589336679634121,0.0003900709219858156,0.0003001133606113586,0.009935833620838821
Chronos2-ZS,24,TECH_PARK,564,0.18035242630129164,0.34583155082768385,0.5259909957206631,0.3462447850235837,0.40037234042553194,-0.014911946177693964,3.7943934535980226
Chronos2-ZS,48,BE_BLOCK_OHT,1139,0.7311831607056669,1.223979673442491,0.7712292453038259,0.7663383281650282,1.935873573309921,0.29232414389200856,6.950012311935424
Chronos2-ZS,48,BE_BLOCK_RO,1139,0.007610218277506863,0.01386454176489871,0.5761256220308798,0.22200997485420737,0.01141352063213345,0.0018587819569604353,0.10231561690568924
Chronos2-ZS,48,CRICKET_GROUND_OHT,1139,0.009023357339831325,0.034762846340408646,0.16003484298937123,0.27070718372163294,0.008674275680421421,0.007906543754983147,0.5591954155266285
Chronos2-ZS,48,F_BLOCK,1139,0.37666664544064504,0.8441989286014764,0.6461203152045182,0.7007894075652386,0.716865671641791,0.17661660156928205,11.61911601305008
Chronos2-ZS,48,GJBC_BLOCK_1_A1_BOYS,1139,0.08015466585245125,0.1170898866567865,0.603101980523453,0.5456933893040075,0.15848990342405617,0.009502145981349061,0.9468741869926454
Chronos2-ZS,48,GJBC_BLOCK_1_A2_GIRLS,1139,0.07533726341610315,0.1193853365689923,0.553230762059994,0.5579068465116539,0.16414398595259,0.014358301581626822,1.025488354563713
Chronos2-ZS,48,GJBC_BLOCK_1_A3,1139,0.10163544045690909,0.14939630008578123,0.6028059206260554,0.5440966520517364,0.18919227392449517,0.017685561925565287,1.233838849067688
Chronos2-ZS,48,GJBC_BLOCK_1_A4_RO,1139,0.004019984420330883,0.01899213564479158,0.06740802765720359,0.09569772825959001,0.00398595258999122,0.0038361809495345896,0.42998529790900647
Chronos2-ZS,48,GJBC_BLOCK_2_A1,1138,0.11917456696657808,0.2148468142780376,0.5719891810175768,0.6076255695459173,0.4074692442882249,0.0006093238904312799,1.3213116979598998
Chronos2-ZS,48,GJBC_LAW_BLOCK_3_A4_BOYS,1139,0.5980457195930045,0.9798357564300294,0.722199774749619,0.6116802378711501,1.2830465320456539,0.18485123564005942,5.428601627349853
Chronos2-ZS,48,GJBC_LAW_BLOCK_3__A1,1133,0.3870406430244236,1.4402090292463499,1.5696577241810332,1.3093245093582222,0.6342365401588703,0.24331957586813266,14.742004292011261
Chronos2-ZS,48,GJBC_LAW_BLOCK_3__A2,1139,0.17500282672437478,0.3557914808315268,0.40983967055370635,0.1942103285133262,0.4311676909569798,-0.04994649971337355,2.818927917480469
Chronos2-ZS,48,GJBC_LAW_BLOCK_3__A3_GIRLS,1139,0.1515292574147366,0.21002988063694022,0.5941962516250494,0.4638427972393814,0.33749780509218613,-0.03211169134220394,1.046503233909607
Chronos2-ZS,48,G_BLOCK,1139,0.3498654783243041,0.7702905044229497,0.6934559510290692,0.675426466299079,1.0233450395083408,-0.08254559462692153,12.577397105693818
Chronos2-ZS,48,I&H_BLOCK,1139,0.3146550552629399,1.510379045634421,0.8338441967523675,1.4368180426282355,0.3123090430201932,0.2943672667070896,19.72664316534996
Chronos2-ZS,48,INFORMATION_CENTRE,1139,0.017701518823841585,0.07039908277394472,2.063150859346133,1.180051757760052,0.017383669885864792,0.016644181074252428,0.5895244033634662
Chronos2-ZS,48,IT_BLOCK,1139,0.06302726708293693,0.12751482100872782,1.0792700294722954,0.7894839088367215,0.09395083406496928,0.02598583683083725,1.0640036553144454
Chronos2-ZS,48,ME_WORKSHOP_BLOCK,1139,0.02589991133918461,0.046946438093781455,0.15632158691705886,0.06341722554663129,0.036523266022827044,0.009796307012896669,0.5590528090298176
Chronos2-ZS,48,MM_BLOCK,1139,0.24099135794275367,0.37078011813642275,0.5447505686621255,0.4769589218863899,1.1396049165935032,-0.021959616430398142,1.6930221319198608
Chronos2-ZS,48,MRD_BLOCK,1139,0.7965950662740183,1.3537587355413785,0.6618798769772948,0.4711762851363703,1.4137137840210712,0.28394224057185014,10.252981204986572
Chronos2-ZS,48,NBX,1133,0.3439589065718419,0.8638956411070041,0.812246584816514,0.8504737014770506,0.7871138570167696,0.099535305354833,15.822806882858277
Chronos2-ZS,48,NEW_BLOCK,1139,0.03618422691344796,0.06554325918222983,0.5233975000825096,0.4922402486918214,0.17575065847234417,0.006994436592570097,0.40700517177581785
Chronos2-ZS,48,NEW_BLOCK_RO,1139,0.0004566878083822684,0.0019420090128936054,0.22740809803614076,0.05868273163818116,0.00038630377524143984,0.0003057298432611243,0.009950730765704066
Chronos2-ZS,48,TECH_PARK,1139,0.1816993362779048,0.3474748359420289,0.5299282557303273,0.34782335054228375,0.4035557506584723,-0.015709557998483906,3.844681296348572
Chronos2-ZS,72,BE_BLOCK_OHT,1715,0.7268649744695547,1.1959520794469338,0.7666582405208154,0.7486351550505893,1.9161574344023324,0.2923952166387708,6.96084581375122
Chronos2-ZS,72,BE_BLOCK_RO,1715,0.0074579570524546555,0.01335778002446738,0.5646187068582296,0.2140398181016184,0.01113119533527697,0.001902373610884386,0.10192670032382012
Chronos2-ZS,72,CRICKET_GROUND_OHT,1715,0.009511775091442527,0.03544239854358962,0.16890575123372129,0.2761194314641658,0.00917201166180758,0.008382554883664099,0.5591799294948578
Chronos2-ZS,72,F_BLOCK,1715,0.3804096107329989,0.851791713037674,0.6524911848525845,0.7069478949801058,0.7209271137026239,0.1914245712597238,11.632815395593644
Chronos2-ZS,72,GJBC_BLOCK_1_A1_BOYS,1715,0.08077070297200895,0.11777692968499702,0.6077064890197483,0.5488569397867621,0.158600583090379,0.00952095852475125,0.9645203357934953
Chronos2-ZS,72,GJBC_BLOCK_1_A2_GIRLS,1715,0.0760818589639038,0.12004365805417648,0.5586828585974482,0.5609142681265361,0.16416909620991255,0.014731312116971864,1.0249473232030868
Chronos2-ZS,72,GJBC_BLOCK_1_A3,1715,0.10284000191778901,0.15072417376580688,0.6099197030647835,0.548888689468173,0.18946938775510205,0.016988163397193997,1.2586071717739105
Chronos2-ZS,72,GJBC_BLOCK_1_A4_RO,1715,0.004280483881064553,0.02162548580252409,0.07173815315589421,0.10885748315235867,0.0042507288629737615,0.004109651200300892,0.42998420313932
Chronos2-ZS,72,GJBC_BLOCK_2_A1,1713,0.11979750471336413,0.21562784780140232,0.5749411168709407,0.6098078517120408,0.405563339171045,0.0012150355663761683,1.3226135826110839
Chronos2-ZS,72,GJBC_LAW_BLOCK_3_A4_BOYS,1715,0.6009913726728789,0.9863375578435184,0.7257605839858039,0.6157613553551542,1.2839475218658893,0.18618153189500636,5.421360378265381
Chronos2-ZS,72,GJBC_LAW_BLOCK_3__A1,1706,0.38581803207240944,1.437784722853954,1.5647062344617413,1.307693082818645,0.6290328253223916,0.24051728692940788,14.742504702806473
Chronos2-ZS,72,GJBC_LAW_BLOCK_3__A2,1715,0.1803576481954002,0.365044607533856,0.42233314865342697,0.19924752503834514,0.427399416909621,-0.059641651462883014,2.8488237857818604
Chronos2-ZS,72,GJBC_LAW_BLOCK_3__A3_GIRLS,1715,0.15653639306271389,0.21591695484180037,0.6137676607967891,0.47675598777181677,0.3349037900874635,-0.04112920223241644,1.0479934096336365
Chronos2-ZS,72,G_BLOCK,1715,0.3579436452625097,0.7744014727007067,0.7094272793231767,0.6788369296055243,1.0166763848396503,-0.09242177499278988,12.586163041591645
Chronos2-ZS,72,I&H_BLOCK,1715,0.3018245270540693,1.4742174574911595,0.800200099214867,1.4065171288287206,0.29879883381924194,0.28165646538755285,19.729715993404387
Chronos2-ZS,72,INFORMATION_CENTRE,1715,0.017591171005420365,0.07004662924581596,2.048662732892454,1.173485044444238,0.017247813411078717,0.01648287578120437,0.5895090765878558
Chronos2-ZS,72,IT_BLOCK,1715,0.06308191104155067,0.1286580391091898,1.0804120660656356,0.7966753477963192,0.09289795918367347,0.025928637001804637,1.074114093184471
Chronos2-ZS,72,ME_WORKSHOP_BLOCK,1715,0.025663577085333733,0.045910819352362235,0.15489370061364696,0.06202454048406814,0.0361399416909621,0.008816413926487415,0.5631308098137379
Chronos2-ZS,72,MM_BLOCK,1715,0.2405176175843175,0.36967267584933494,0.5436628713321384,0.4755383437379488,1.136932944606414,-0.02182279079926605,1.7122597694396973
Chronos2-ZS,72,MRD_BLOCK,1715,0.8244825755903394,1.3699318207744862,0.6850563101057322,0.4769248758715262,1.4237551020408161,0.31141961861073797,10.243030567169189
Chronos2-ZS,72,NBX,1706,0.3363375878711378,0.8470831609529124,0.7942995765069386,0.8344047009404442,0.7730070339976554,0.08475179842739843,15.816483962535859
Chronos2-ZS,72,NEW_BLOCK,1715,0.03606743735248772,0.065122122126131,0.5216843781484835,0.489012401053819,0.17590087463556853,0.007830771642071861,0.409364800453186
Chronos2-ZS,72,NEW_BLOCK_RO,1715,0.00044264199201332583,0.0019249567910743948,0.22034923463149733,0.058155225293329824,0.00037900874635568517,0.0003060504438969206,0.009964124755933881
Chronos2-ZS,72,TECH_PARK,1715,0.18276204766476464,0.34927118687453285,0.5330154446965402,0.3495287095436836,0.40137609329446067,-0.013841422992266995,3.85662344455719
Chronos2-ZS,168,BE_BLOCK_OHT,4019,0.7210642366867274,1.1734561409828645,0.7605195261704695,0.734490511463817,1.8786290121920877,0.2927050777287233,6.9745982742309565
Chronos2-ZS,168,BE_BLOCK_RO,4019,0.007562393314736004,0.013156914602631862,0.5724516930577882,0.21088697811856819,0.01094302065190346,0.0021973331095096957,0.10101652435958386
Chronos2-ZS,168,CRICKET_GROUND_OHT,4019,0.008965363681666753,0.03198390728405941,0.15949164157064669,0.24941023178937802,0.008621547648668822,0.00777459125882411,0.5591912581026555
Chronos2-ZS,168,F_BLOCK,4019,0.3627728198487594,0.7697005348959145,0.6221670245170426,0.6384195714740697,0.712963423737248,0.20041451035936422,11.638082002401353
Chronos2-ZS,168,GJBC_BLOCK_1_A1_BOYS,4019,0.08271442577765634,0.12040090626211884,0.6222481802228614,0.5609032648532891,0.15860413038069174,0.010633982393643136,0.9806075102090837
Chronos2-ZS,168,GJBC_BLOCK_1_A2_GIRLS,4019,0.07881946833328277,0.12344035333275659,0.5786985937802012,0.5764900390949508,0.16429957700920625,0.016649325840002744,1.0486459809541702
Chronos2-ZS,168,GJBC_BLOCK_1_A3,4019,0.10469019337513459,0.1533955125210871,0.6207790904819117,0.558380896752865,0.18890768847972134,0.017056088246985377,1.2736782509088516
Chronos2-ZS,168,GJBC_BLOCK_1_A4_RO,4019,0.0041839825659931214,0.020145117299494465,0.0700659833288958,0.10121512310561429,0.0041602388653894,0.004043512005603062,0.43
Chronos2-ZS,168,GJBC_BLOCK_2_A1,4013,0.12083206136907511,0.21663618995159478,0.5798502984753999,0.612591917391339,0.3998504859207575,0.0011460990352343107,1.3227503156661986
Chronos2-ZS,168,GJBC_LAW_BLOCK_3_A4_BOYS,4019,0.6173658075193826,1.0024236215909157,0.7455654121894596,0.6257641459390406,1.2819656631002738,0.1949844804460298,5.398099784851074
Chronos2-ZS,168,GJBC_LAW_BLOCK_3__A1,3995,0.41569284696393977,1.5740746990950283,1.6862899179300648,1.4305437720307514,0.6534518147684606,0.26858841568179365,18.201283719539642
Chronos2-ZS,168,GJBC_LAW_BLOCK_3__A2,4019,0.19047376694356544,0.38523773766393893,0.44568439437204843,0.2099629850882585,0.41123413784523516,-0.0820930120911756,3.008991241455078
Chronos2-ZS,168,GJBC_LAW_BLOCK_3__A3_GIRLS,4019,0.16917744140448218,0.23496402239212227,0.6630468052567543,0.518379759236486,0.323018163722319,-0.06256794066564393,1.0719579935073853
Chronos2-ZS,168,G_BLOCK,4019,0.3668366765898832,0.7872919047433694,0.7271086799157243,0.6895639487990568,1.0174222443393879,-0.09824067656274278,12.588431534767151
Chronos2-ZS,168,I&H_BLOCK,4019,0.3083600382292914,1.455757409554539,0.8180797011426186,1.3939124058741477,0.30510077133615326,0.28851849511358446,19.733292570114134
Chronos2-ZS,168,INFORMATION_CENTRE,4019,0.015761212986439992,0.06518654824536943,1.828493417635586,1.0904044803685435,0.015349589450111969,0.014558916734339185,0.5895111720636487
Chronos2-ZS,168,IT_BLOCK,4019,0.062048877977422444,0.12748394668935653,1.0634600737528574,0.7897243363288329,0.09161731774073154,0.025660211443548835,1.0747906804084777
Chronos2-ZS,168,ME_WORKSHOP_BLOCK,4019,0.025346416937908917,0.04425069722941261,0.15294908682972036,0.05974754280961567,0.03508584224931575,0.00672275155860561,0.5602627237141132
Chronos2-ZS,168,MM_BLOCK,4019,0.24666358234752436,0.3780868509933131,0.5575577492752173,0.48636086317278127,1.1247001741726799,-0.028334265300426115,1.858832836151123
Chronos2-ZS,168,MRD_BLOCK,4019,0.8408850719549669,1.3871654847733232,0.6985250823513611,0.4827838703212402,1.4343468524508582,0.3611450537344389,10.263511915206909
Chronos2-ZS,168,NBX,3998,0.3111627469917367,0.6475362400213808,0.734624293035989,0.6362734126106396,0.7322611305652826,0.04488304774393851,15.817009854316712
Chronos2-ZS,168,NEW_BLOCK,4019,0.036239670691916706,0.0660592095196722,0.524235979657118,0.49608959003671915,0.17475491415775066,0.007874345029207213,0.42161527276039124
Chronos2-ZS,168,NEW_BLOCK_RO,4019,0.0004302059239936141,0.0019100806275272665,0.21423082075179364,0.057730081594719575,0.0003732271709380443,0.00030714488831242354,0.009970894656144083
Chronos2-ZS,168,TECH_PARK,4019,0.1784703980838223,0.3438477102373833,0.5204692135790714,0.3438811462854166,0.39104005971634737,-0.02098766984527874,3.9908324217796327
SeasonalNaive,6,BE_BLOCK_OHT,142,0.8845774647887324,1.3155797201234138,0.9325758892729853,0.822988034766709,1.7737323943661973,-0.006126760563380276,5.57
SeasonalNaive,6,BE_BLOCK_RO,142,0.009084507042253522,0.017939648433441858,0.6873824599482502,0.2870675952481879,0.009788732394366197,-0.0007746478873239435,0.07
SeasonalNaive,6,CRICKET_GROUND_OHT,142,0.02232394366197183,0.07270914466770917,0.39495056038483844,0.5657821931646705,0.013380281690140848,0.0019014084507042262,0.56
SeasonalNaive,6,F_BLOCK,142,0.5430281690140843,0.927861011325526,0.9316577065303349,0.7694756525215107,0.6871126760563381,-0.06542253521126762,4.88
SeasonalNaive,6,GJBC_BLOCK_1_A1_BOYS,142,0.08992957746478875,0.12129872333083369,0.6771320598169983,0.5657332008738801,0.15492957746478872,0.007676056338028171,0.35
SeasonalNaive,6,GJBC_BLOCK_1_A2_GIRLS,142,0.07640845070422536,0.10993275793686627,0.5612874160576271,0.513494875994692,0.15971830985915494,0.0023239436619718282,0.49
SeasonalNaive,6,GJBC_BLOCK_1_A3,142,0.12267605633802818,0.17047572211604187,0.7281198424725365,0.6211626326172819,0.18105633802816903,0.008309859154929577,0.44
SeasonalNaive,6,GJBC_BLOCK_1_A4_RO,142,0.009507042253521128,0.05090034450200249,0.15947545461704604,0.2566786153794293,0.0060563380281690145,7.04225352112683e-05,0.43
SeasonalNaive,6,GJBC_BLOCK_2_A1,142,0.21838028169014087,0.3659417717092299,1.0482709872043259,1.0352124510528824,0.42133802816901406,-0.01640845070422535,1.35
SeasonalNaive,6,GJBC_LAW_BLOCK_3_A4_BOYS,142,0.8708450704225351,1.4050687918600837,1.0520799856025638,0.8773537127717799,1.1424647887323942,-0.022957746478873227,4.81
SeasonalNaive,6,GJBC_LAW_BLOCK_3__A1,139,0.40971223021582737,1.2168058788330167,1.6747606194471003,1.1143997486058292,0.5150359712230216,0.005827338129496419,6.92
SeasonalNaive,6,GJBC_LAW_BLOCK_3__A2,142,0.2482394366197183,0.5079196731434974,0.5820473487849022,0.2780821190740299,0.3630985915492958,0.00570422535211268,2.69
SeasonalNaive,6,GJBC_LAW_BLOCK_3__A3_GIRLS,142,0.19154929577464788,0.2548128282971419,0.7510822121567149,0.5629593152664307,0.3047887323943662,-0.0076056338028169,0.79
SeasonalNaive,6,G_BLOCK,142,0.49091549295774645,0.7737174758232919,0.9721441670278148,0.6755895646712655,0.9742957746478871,-0.01514084507042253,2.85
SeasonalNaive,6,I&H_BLOCK,142,0.7511971830985916,2.148627304996064,1.9802446747227067,1.998788830748268,0.43302816901408453,-0.09922535211267605,12.33
SeasonalNaive,6,INFORMATION_CENTRE,142,0.03077464788732395,0.09380456158763222,3.6102528822592204,1.5772741498124219,0.014084507042253521,-0.009929577464788734,0.48
SeasonalNaive,6,IT_BLOCK,142,0.11119718309859154,0.19830443234412068,1.8963154465162912,1.2234020201602274,0.09190140845070423,-0.016971830985915492,1.0399999999999998
SeasonalNaive,6,ME_WORKSHOP_BLOCK,142,0.03471830985915493,0.05217117006465825,0.20991881129897472,0.0706913037170128,0.03492957746478873,-0.0007746478873239435,0.22
SeasonalNaive,6,MM_BLOCK,142,0.35774647887323946,0.5497348912923623,0.8086572078476039,0.7076265137799798,1.0646478873239438,-0.06338028169014084,2.57
SeasonalNaive,6,MRD_BLOCK,142,1.1230985915492957,1.8076095022642629,0.9325714984880109,0.629799219129427,1.3928873239436619,0.11309859154929576,5.95
SeasonalNaive,6,NBX,142,0.4576760563380282,0.7822075118210613,1.0791479354752056,0.7600049883096024,0.7847887323943662,-0.02007042253521127,3.2399999999999998
SeasonalNaive,6,NEW_BLOCK,142,0.04873239436619719,0.09661889705231391,0.7054425146410798,0.7269373671141817,0.17204225352112676,0.0008450704225352104,0.54
SeasonalNaive,6,NEW_BLOCK_RO,142,0.00042253521126760566,0.002055566129482595,0.20918270848165613,0.06185331686799638,0.00028169014084507044,-0.00014084507042253522,0.01
SeasonalNaive,6,TECH_PARK,142,0.3255633802816902,0.5156556062192595,0.9500763140835378,0.5164011901508669,0.3949295774647887,-0.02838028169014084,1.71
NPTS,6,BE_BLOCK_OHT,142,0.6698591549295774,1.0209516411275936,0.7062782315521716,0.6388684855006695,1.7737323943661973,0.09859154929577467,5.27
NPTS,6,BE_BLOCK_RO,142,0.009577464788732394,0.01748238550132394,0.7260496900809825,0.2811281526500478,0.009788732394366197,0.004929577464788732,0.07
NPTS,6,CRICKET_GROUND_OHT,142,0.013521126760563383,0.053365600567628416,0.23945436718235757,0.41546690644534057,0.013380281690140848,0.013239436619718312,0.56
NPTS,6,F_BLOCK,142,0.37514084507042267,0.6879234931257735,0.6434498037303484,0.569901116911538,0.6871126760563381,0.04753521126760561,4.739999999999999
NPTS,6,GJBC_BLOCK_1_A1_BOYS,142,0.06781690140845072,0.09593498385240165,0.5105473454433624,0.4473605693082022,0.15492957746478872,-0.00021126760563380535,0.38999999999999996
NPTS,6,GJBC_BLOCK_1_A2_GIRLS,142,0.05816901408450705,0.08299838790221288,0.4271799075202575,0.38760822517828497,0.15971830985915494,0.008169014084507042,0.37
NPTS,6,GJBC_BLOCK_1_A3,142,0.09492957746478874,0.13041105111730802,0.5634398866077889,0.4752021980519314,0.18105633802816903,-0.0005633802816901413,0.56
NPTS,6,GJBC_BLOCK_1_A4_RO,142,0.0060563380281690145,0.03661755139851019,0.10155471772825893,0.18458146074194892,0.0060563380281690145,0.0060563380281690145,0.43
NPTS,6,GJBC_BLOCK_2_A1,142,0.16549295774647887,0.29101086567972334,0.7945255184559988,0.8233643493357296,0.42133802816901406,-0.00422535211267605,1.26
NPTS,6,GJBC_LAW_BLOCK_3_A4_BOYS,142,0.643661971830986,1.042205813525562,0.7777148842765168,0.6507194076559599,1.1424647887323942,-0.002112676056338008,4.4
NPTS,6,GJBC_LAW_BLOCK_3__A1,139,0.31424460431654677,0.9893832102328438,1.2843481344550847,0.9063974824951158,0.5150359712230216,0.08503597122302158,6.69
NPTS,6,GJBC_LAW_BLOCK_3__A2,142,0.306056338028169,0.643230184632636,0.7184556407956916,0.3522256177814536,0.3630985915492958,-0.2598591549295774,3.09
NPTS,6,GJBC_LAW_BLOCK_3__A3_GIRLS,142,0.21373239436619718,0.302232305019141,0.8385528648143277,0.6681877419793872,0.3047887323943662,-0.1509154929577465,0.76
NPTS,6,G_BLOCK,142,0.35098591549295777,0.5464920137813183,0.695155471038308,0.4771526164139937,0.9742957746478871,-0.08591549295774649,2.64
NPTS,6,I&H_BLOCK,142,0.432887323943662,1.6097220038185054,1.140413094793099,1.4965960081956429,0.43302816901408453,0.4320422535211268,12.33
NPTS,6,INFORMATION_CENTRE,142,0.014084507042253521,0.060000000000000005,1.6286789285961936,0.9997177406386832,0.014084507042253521,0.014084507042253521,0.48
NPTS,6,IT_BLOCK,142,0.0678169014084507,0.13796049648920988,1.1564069116411217,0.8511428133975836,0.09190140845070423,0.03697183098591549,0.69
NPTS,6,ME_WORKSHOP_BLOCK,142,0.02612676056338028,0.04060285149217693,0.15777551799792858,0.05498288327125494,0.03492957746478873,0.009084507042253522,0.19999999999999998
NPTS,6,MM_BLOCK,142,0.2661971830985915,0.44453488907579997,0.6019744225798266,0.5723710883306249,1.0646478873239438,-0.11760563380281687,1.7
NPTS,6,MRD_BLOCK,142,0.8430985915492957,1.365547921810349,0.7001806153082909,0.4757041926948405,1.3928873239436619,0.24845070422535212,5.84
NPTS,6,NBX,142,0.33598591549295775,0.601429634815082,0.7921864782431961,0.5849703426962708,0.7847887323943662,0.1142957746478873,3.19
NPTS,6,NEW_BLOCK,142,0.03429577464788732,0.06362854351072146,0.49615745214084767,0.47828864922885556,0.17204225352112676,0.010492957746478872,0.32
NPTS,6,NEW_BLOCK_RO,142,0.00028169014084507044,0.0016783627165933783,0.1391715236196239,0.05043180212444069,0.00028169014084507044,0.00028169014084507044,0.01
NPTS,6,TECH_PARK,142,0.22323943661971832,0.34221935145026827,0.6515133211341281,0.34315439493241645,0.3949295774647887,-0.038873239436619716,1.06
SeasonalNaive,12,BE_BLOCK_OHT,286,0.8947202797202798,1.4195610224655708,0.9434513420521606,0.8884958646192377,1.8353846153846152,0.01968531468531468,6.05
SeasonalNaive,12,BE_BLOCK_RO,286,0.01,0.019665026994979865,0.7579000851093326,0.31524369702896776,0.010944055944055946,-0.0009090909090909091,0.14
SeasonalNaive,12,CRICKET_GROUND_OHT,286,0.021643356643356645,0.06468049500093853,0.38249936148678293,0.5032290988656724,0.010769230769230769,-0.0022727272727272726,0.56
SeasonalNaive,12,F_BLOCK,286,0.5467132867132867,0.9636128114287659,0.9382861301003251,0.7997618256430911,0.6956993006993007,-0.013076923076923075,4.88
SeasonalNaive,12,GJBC_BLOCK_1_A1_BOYS,286,0.10279720279720281,0.15821778387042063,0.7740408763703472,0.738564561970369,0.1651048951048951,0.003986013986013986,0.9500000000000001
SeasonalNaive,12,GJBC_BLOCK_1_A2_GIRLS,286,0.10335664335664337,0.1756685531318584,0.7596553246093347,0.8219796301368071,0.1715034965034965,0.0037062937062937048,0.99
SeasonalNaive,12,GJBC_BLOCK_1_A3,286,0.1380769230769231,0.2120405357736789,0.8196025929441104,0.7733912401078437,0.19671328671328672,0.006608391608391607,1.22
SeasonalNaive,12,GJBC_BLOCK_1_A4_RO,286,0.006888111888111888,0.03620551285148659,0.11559866027331282,0.18258169700584218,0.004825174825174826,3.4965034965034416e-05,0.43
SeasonalNaive,12,GJBC_BLOCK_2_A1,286,0.20762237762237762,0.3659559758000629,0.9971160477600467,1.0353574658805824,0.40248251748251745,-0.010979020979020985,1.35
SeasonalNaive,12,GJBC_LAW_BLOCK_3_A4_BOYS,286,0.8593006993006993,1.403414916043515,1.0377550863380118,0.8766657489818774,1.1934965034965035,0.019090909090909075,4.81
SeasonalNaive,12,GJBC_LAW_BLOCK_3__A1,283,0.47561837455830386,1.5630248376495943,1.9365247965655574,1.4278103958088997,0.6009540636042403,0.044946996466431105,15.08
SeasonalNaive,12,GJBC_LAW_BLOCK_3__A2,286,0.22979020979020978,0.4602781159863502,0.5392223158606683,0.25232436851943485,0.42363636363636364,0.011188811188811184,2.69
SeasonalNaive,12,GJBC_LAW_BLOCK_3__A3_GIRLS,286,0.18465034965034965,0.2508454236645081,0.724438067258588,0.554824191303074,0.3105594405594405,-0.005909090909090913,0.79
SeasonalNaive,12,G_BLOCK,286,0.59506993006993,1.001732939020616,1.178854711934316,0.8757365333852394,0.9605244755244755,0.013181818181818189,7.930000000000001
SeasonalNaive,12,I&H_BLOCK,286,0.5293356643356643,1.7957341642935876,1.4002985621683424,1.693179240180387,0.3064685314685314,-0.07926573426573426,12.33
SeasonalNaive,12,INFORMATION_CENTRE,286,0.029125874125874127,0.09228452506478843,3.3664014943105687,1.5437265890960916,0.01646853146853147,-0.0020629370629370635,0.48
SeasonalNaive,12,IT_BLOCK,286,0.09031468531468531,0.16261735944973893,1.5409405335810602,1.0038228918518586,0.08947552447552448,-0.0066783216783216776,1.0399999999999998
SeasonalNaive,12,ME_WORKSHOP_BLOCK,286,0.03625874125874126,0.0625870023817475,0.21906157297457143,0.0843594211406574,0.035419580419580425,-0.001363636363636364,0.47
SeasonalNaive,12,MM_BLOCK,286,0.3281818181818182,0.5106796513409422,0.7418098217691499,0.6571776116702939,1.1268881118881118,-0.02454545454545455,2.57
SeasonalNaive,12,MRD_BLOCK,286,1.0793356643356646,1.7076101772601724,0.8966575564967546,0.5954628421058374,1.3086013986013987,0.1087062937062937,7.02
SeasonalNaive,12,NBX,286,0.46132867132867134,0.8272390679389335,1.0892393723493818,0.80945644115098,0.786923076923077,-0.010979020979020985,4.36
SeasonalNaive,12,NEW_BLOCK,286,0.05153846153846154,0.0962877389459773,0.746207120966402,0.724119415700394,0.1729020979020979,0.0018181818181818186,0.54
SeasonalNaive,12,NEW_BLOCK_RO,286,0.0007342657342657344,0.0027097338139856733,0.36640337826101455,0.08199180322897169,0.00045454545454545455,-3.4965034965034945e-05,0.01
SeasonalNaive,12,TECH_PARK,286,0.31702797202797206,0.516147983875498,0.9253400111132127,0.5182952655299689,0.3816083916083916,-0.013181818181818176,1.71
NPTS,12,BE_BLOCK_OHT,286,0.6692307692307693,1.0883046416362439,0.7057610793575329,0.6812287141719712,1.8353846153846152,0.1865734265734266,5.48
NPTS,12,BE_BLOCK_RO,286,0.010174825174825175,0.017827848098751792,0.7718039538445637,0.2869068961566877,0.010944055944055946,0.006048951048951049,0.07
NPTS,12,CRICKET_GROUND_OHT,286,0.010874125874125874,0.04423000911478209,0.1926972359546834,0.3445082205504567,0.010769230769230769,0.010664335664335663,0.56
NPTS,12,F_BLOCK,286,0.4111888111888113,0.7230370097598859,0.7056592940136608,0.5999204657525181,0.6956993006993007,0.04496503496503496,4.739999999999999
NPTS,12,GJBC_BLOCK_1_A1_BOYS,286,0.07636363636363637,0.11687061760229242,0.5749409683919154,0.5454818680820356,0.1651048951048951,0.011748251748251747,0.9300000000000002
NPTS,12,GJBC_BLOCK_1_A2_GIRLS,286,0.07363636363636364,0.127493315332787,0.5411250942506866,0.5967652323037209,0.1715034965034965,0.02090909090909091,1.02
NPTS,12,GJBC_BLOCK_1_A3,286,0.1008041958041958,0.15433026977178574,0.5983591242576561,0.5629290803777404,0.19671328671328672,0.01506993006993007,1.19
NPTS,12,GJBC_BLOCK_1_A4_RO,286,0.004825174825174826,0.02621855425862737,0.08095205906802842,0.13217142500154896,0.004825174825174826,0.004825174825174826,0.43
NPTS,12,GJBC_BLOCK_2_A1,286,0.1555944055944056,0.2834218975802188,0.7472606656641736,0.801979062111351,0.40248251748251745,-0.020069930069930058,1.27
NPTS,12,GJBC_LAW_BLOCK_3_A4_BOYS,286,0.5998601398601399,1.0204376546330536,0.7246053720628556,0.6373211077665872,1.1934965034965035,0.06041958041958041,4.92
NPTS,12,GJBC_LAW_BLOCK_3__A1,283,0.3809187279151943,1.3569540823570418,1.5500899457300663,1.2391460553616076,0.6009540636042403,0.17851590106007065,14.54
NPTS,12,GJBC_LAW_BLOCK_3__A2,286,0.23804195804195805,0.5133272787461183,0.5588031343522782,0.2812635528159288,0.42363636363636364,-0.1937062937062937,3.09
NPTS,12,GJBC_LAW_BLOCK_3__A3_GIRLS,286,0.19255244755244758,0.2766274159817267,0.7557348132669062,0.6121223196599712,0.3105594405594405,-0.1398951048951049,0.76
NPTS,12,G_BLOCK,286,0.37741258741258743,0.6717933415167895,0.747701582871246,0.5873730380916046,0.9605244755244755,-0.09762237762237763,7.03
NPTS,12,I&H_BLOCK,286,0.3063636363636364,1.3231021505157117,0.8099724102376158,1.245221603932024,0.3064685314685314,0.3051048951048951,12.33
NPTS,12,INFORMATION_CENTRE,286,0.01646853146853147,0.06744850405532134,1.8793883068744293,1.1219978217280722,0.01646853146853147,0.01646853146853147,0.48
NPTS,12,IT_BLOCK,286,0.061398601398601406,0.12214573434868865,1.0486011797316868,0.7544355247827399,0.08947552447552448,0.03601398601398601,0.69
NPTS,12,ME_WORKSHOP_BLOCK,286,0.02653846153846154,0.048063914323948485,0.16036303606567648,0.06483984529364295,0.035419580419580425,0.009545454545454546,0.48
NPTS,12,MM_BLOCK,286,0.24045454545454545,0.4054432953376658,0.5436284835724752,0.5217481910193554,1.1268881118881118,-0.049965034965034946,2.04
NPTS,12,MRD_BLOCK,286,0.8576573426573427,1.3935308829295179,0.7126036515528431,0.48565241564972494,1.3086013986013987,0.17849650349650356,5.8100000000000005
NPTS,12,NBX,286,0.34206293706293706,0.6380978617100054,0.8078207639003498,0.6252416242230718,0.786923076923077,0.12618881118881117,4.5200000000000005
NPTS,12,NEW_BLOCK,286,0.03573426573426573,0.06621114773145141,0.5171842291189633,0.49786516548255155,0.1729020979020979,0.010769230769230767,0.35
NPTS,12,NEW_BLOCK_RO,286,0.00045454545454545455,0.0021320071635561044,0.22656997653116698,0.06445358587735153,0.00045454545454545455,0.00045454545454545455,0.01
NPTS,12,TECH_PARK,286,0.2240909090909091,0.3578163180774704,0.6540538434445007,0.35955362158951204,0.3816083916083916,-0.04947552447552448,1.15
SeasonalNaive,24,BE_BLOCK_OHT,564,1.0221631205673758,1.6913280064883673,1.0780492012710174,1.058592559345055,1.9401241134751774,0.015390070921985802,8.26
SeasonalNaive,24,BE_BLOCK_RO,564,0.011631205673758867,0.02145422307946066,0.8799110961510015,0.3428852817892535,0.01148936170212766,-0.0013120567375886527,0.14
SeasonalNaive,24,CRICKET_GROUND_OHT,564,0.01620567375886525,0.05025114232497147,0.28675606168817447,0.39105599579338285,0.008421985815602837,-0.0010992907801418439,0.56
SeasonalNaive,24,F_BLOCK,564,0.6092021276595744,1.2135016883044416,1.0450932196563798,1.0068450455775306,0.709822695035461,-0.04817375886524823,12.07
SeasonalNaive,24,GJBC_BLOCK_1_A1_BOYS,564,0.10400709219858155,0.15431500434946654,0.782781158331702,0.7194421062090195,0.15852836879432625,-0.002163120567375887,0.9500000000000001
SeasonalNaive,24,GJBC_BLOCK_1_A2_GIRLS,564,0.1023936170212766,0.16103114099078578,0.7521239301422273,0.752497944263336,0.1647340425531915,-0.0017553191489361702,0.99
SeasonalNaive,24,GJBC_BLOCK_1_A3,564,0.13134751773049644,0.1957908132502429,0.7792538623599267,0.7133205719877489,0.1895390070921986,-0.00205673758865248,1.22
SeasonalNaive,24,GJBC_BLOCK_1_A4_RO,564,0.005602836879432625,0.026194850882682214,0.09398185266630019,0.1320984398091619,0.0040070921985815595,7.092198581560281e-05,0.43
SeasonalNaive,24,GJBC_BLOCK_2_A1,564,0.20960992907801418,0.3672632155601022,1.0060889454825601,1.038643033534607,0.4049468085106383,-0.0002836879432624116,1.42
SeasonalNaive,24,GJBC_LAW_BLOCK_3_A4_BOYS,564,0.9025886524822695,1.4488611326004586,1.0900377063634095,0.9044742422805715,1.280709219858156,0.05354609929078014,6.58
SeasonalNaive,24,GJBC_LAW_BLOCK_3__A1,561,0.5237433155080213,1.7406939219082345,2.1192028765941795,1.5762130752254833,0.6260071301247772,0.012976827094474164,15.08
SeasonalNaive,24,GJBC_LAW_BLOCK_3__A2,564,0.24265957446808514,0.4749468055320578,0.56800544207258,0.2591207609957009,0.4324468085106383,-0.011063829787234039,2.69
SeasonalNaive,24,GJBC_LAW_BLOCK_3__A3_GIRLS,564,0.18388297872340426,0.25532242166933206,0.7208717466070182,0.5637230352504331,0.3408333333333334,-0.009663120567375885,1.01
SeasonalNaive,24,G_BLOCK,564,0.5320390070921986,1.1276800228976982,1.0544906368927376,0.9876796933193054,1.0315248226950353,0.01281914893617021,13.55
SeasonalNaive,24,I&H_BLOCK,564,0.5689007092198581,2.030979482804902,1.5089234075273277,1.931559632769589,0.3141134751773049,-0.09060283687943264,19.74
SeasonalNaive,24,INFORMATION_CENTRE,564,0.03664893617021277,0.10891225565850757,4.314420448346914,1.8337042046476424,0.017304964539007095,-0.009556737588652484,0.59
SeasonalNaive,24,IT_BLOCK,564,0.09551418439716312,0.18224224000640793,1.6351263629004276,1.1273668098935472,0.09443262411347518,-0.003138297872340425,1.0399999999999998
SeasonalNaive,24,ME_WORKSHOP_BLOCK,564,0.0376241134751773,0.06744843052393319,0.22708564619349197,0.09107578440754413,0.037429078014184394,-0.0006028368794326239,0.52
SeasonalNaive,24,MM_BLOCK,564,0.322322695035461,0.504119378240641,0.7285097425242073,0.6485206894399176,1.1443617021276598,-0.020939716312056735,2.6799999999999997
SeasonalNaive,24,MRD_BLOCK,564,1.0859397163120568,1.762908269699784,0.9019903169764774,0.6134847030420741,1.388758865248227,0.10111702127659575,12.27
SeasonalNaive,24,NBX,561,0.4968805704099822,1.2422555100413781,1.1736281999768001,1.2180126222299814,0.8031729055258466,-0.013422459893048121,16.21
SeasonalNaive,24,NEW_BLOCK,564,0.05079787234042553,0.09204435409392243,0.7346717951739155,0.6912298670013164,0.17489361702127657,0.0018617021276595741,0.54
SeasonalNaive,24,NEW_BLOCK_RO,564,0.0006205673758865249,0.0024911189772600685,0.3096151664818052,0.07538862197889551,0.0003900709219858156,1.7730496453900702e-05,0.01
SeasonalNaive,24,TECH_PARK,564,0.33485815602836877,0.5711860871023478,0.9766246171042081,0.5713984914802241,0.40037234042553194,-0.02829787234042554,3.8200000000000003
NPTS,24,BE_BLOCK_OHT,564,0.7413829787234042,1.2524418702270665,0.7819167968415656,0.7840740571116747,1.9401241134751774,0.2943617021276596,7.09
NPTS,24,BE_BLOCK_RO,564,0.010372340425531914,0.01919016444295144,0.7853527000870624,0.30747732883750295,0.01148936170212766,0.006719858156028369,0.11
NPTS,24,CRICKET_GROUND_OHT,564,0.008634751773049646,0.03469982729329351,0.15302766184608255,0.270232673733049,0.008421985815602837,0.008173758865248225,0.56
NPTS,24,F_BLOCK,564,0.43445035460992903,0.849839680333593,0.7452653695707373,0.7053164615838784,0.709822695035461,0.060407801418439704,10.530000000000001
NPTS,24,GJBC_BLOCK_1_A1_BOYS,564,0.08143617021276597,0.12031798884504474,0.6128874040561653,0.5608940004427764,0.15852836879432625,0.005336879432624115,0.9300000000000002
NPTS,24,GJBC_BLOCK_1_A2_GIRLS,564,0.07804964539007092,0.12259603270107297,0.5733309518363964,0.5730449012680344,0.1647340425531915,0.014645390070921985,1.02
NPTS,24,GJBC_BLOCK_1_A3,564,0.105,0.15386624936949447,0.6229448850944228,0.5605341772601569,0.1895390070921986,0.007624113475177305,1.19
NPTS,24,GJBC_BLOCK_1_A4_RO,564,0.0040070921985815595,0.019102188801843535,0.06719333310993704,0.09629619033294438,0.0040070921985815595,0.0040070921985815595,0.43
NPTS,24,GJBC_BLOCK_2_A1,564,0.15590425531914895,0.28240827293851267,0.7483397736086187,0.7987845757805968,0.4049468085106383,-0.012039007092198576,1.27
NPTS,24,GJBC_LAW_BLOCK_3_A4_BOYS,564,0.632145390070922,1.0610035561200022,0.7634644802054668,0.6623980372933072,1.280709219858156,0.15505319148936172,5.58
NPTS,24,GJBC_LAW_BLOCK_3__A1,561,0.39531194295900174,1.4455633150030853,1.6020140352259962,1.3125437530051483,0.6260071301247772,0.20144385026737968,14.54
NPTS,24,GJBC_LAW_BLOCK_3__A2,564,0.23700354609929075,0.5114058983897246,0.5551476653600478,0.27925075381938474,0.4324468085106383,-0.18962765957446806,3.09
NPTS,24,GJBC_LAW_BLOCK_3__A3_GIRLS,564,0.17570921985815602,0.25428456165853314,0.6890797136004944,0.5619257109178116,0.3408333333333334,-0.10776595744680852,1.04
NPTS,24,G_BLOCK,564,0.34569148936170213,0.7686384988041984,0.6851429933045278,0.6741138602746174,1.0315248226950353,-0.030656028368794337,12.65
NPTS,24,I&H_BLOCK,564,0.3139893617021276,1.4915935240992273,0.8323627852709609,1.4199477135344725,0.3141134751773049,0.312854609929078,19.74
NPTS,24,INFORMATION_CENTRE,564,0.017304964539007095,0.07106834189608026,2.018188827619866,1.191712232277045,0.017304964539007095,0.017304964539007095,0.59
NPTS,24,IT_BLOCK,564,0.06868794326241134,0.1434516252760011,1.176374086306695,0.8879057374545952,0.09443262411347518,0.04102836879432624,1.0599999999999998
NPTS,24,ME_WORKSHOP_BLOCK,564,0.027606382978723403,0.05178207198175257,0.16659036545902495,0.06990869350987897,0.037429078014184394,0.011613475177304964,0.54
NPTS,24,MM_BLOCK,564,0.23780141843971633,0.3870757801444933,0.5375858564765574,0.4979929303100282,1.1443617021276598,-0.03425531914893616,2.04
NPTS,24,MRD_BLOCK,564,0.8470035460992908,1.4087642968117948,0.7037177903370551,0.49045015335809733,1.388758865248227,0.267854609929078,10.459999999999999
NPTS,24,NBX,561,0.3468449197860962,0.9018495552589998,0.8191143416018167,0.8871846449672869,0.8031729055258466,0.13401069518716577,16.03
NPTS,24,NEW_BLOCK,564,0.037960992907801416,0.06827536028974901,0.5490161302206279,0.5126623717266464,0.17489361702127657,0.01434397163120567,0.35
NPTS,24,NEW_BLOCK_RO,564,0.0003900709219858156,0.0019750213213679886,0.19426360350801689,0.059684980142765826,0.0003900709219858156,0.0003900709219858156,0.01
NPTS,24,TECH_PARK,564,0.22379432624113474,0.3887851600938748,0.652726489281266,0.38912063313215534,0.40037234042553194,-0.02953900709219858,4.1
SeasonalNaive,48,BE_BLOCK_OHT,1139,0.9810359964881475,1.6223985322250851,1.03467756802341,1.015401254456199,1.935873573309921,0.018437225636523284,8.26
SeasonalNaive,48,BE_BLOCK_RO,1139,0.012309043020193151,0.02240970566102714,0.9311625565516823,0.3582127688969821,0.01141352063213345,-0.001404741000877963,0.14
SeasonalNaive,48,CRICKET_GROUND_OHT,1139,0.016637401229148377,0.05052055623489021,0.29457102892108794,0.39316499791704,0.008674275680421421,-0.0007638279192273922,0.56
SeasonalNaive,48,F_BLOCK,1139,0.6494117647058824,1.237322578869029,1.1139797870800185,1.0264497986190626,0.716865671641791,-0.03847234416154521,12.07
SeasonalNaive,48,GJBC_BLOCK_1_A1_BOYS,1139,0.10732221246707639,0.15864272868415588,0.8075865950007777,0.7394400383824453,0.15848990342405617,-0.002440737489025461,1.11
SeasonalNaive,48,GJBC_BLOCK_1_A2_GIRLS,1139,0.10668129938542582,0.1668904263239664,0.7834565024947718,0.7797639950333916,0.16414398595259,-0.002484635645302896,1.18
SeasonalNaive,48,GJBC_BLOCK_1_A3,1139,0.1341176470588235,0.2005694264338849,0.7955513270260721,0.7305897193372483,0.18919227392449517,-0.002739244951712029,1.43
SeasonalNaive,48,GJBC_BLOCK_1_A4_RO,1139,0.0056277436347673395,0.026240931373864504,0.09439521913744667,0.13229960078260938,0.00398595258999122,6.14574187884109e-05,0.43
SeasonalNaive,48,GJBC_BLOCK_2_A1,1138,0.2119859402460457,0.3784567683148289,1.017429957350049,1.0702791463341923,0.4074692442882249,0.0001405975395430581,1.57
SeasonalNaive,48,GJBC_LAW_BLOCK_3_A4_BOYS,1139,0.8771027216856891,1.4186734087033195,1.0593555655159632,0.8855685329902018,1.2830465320456539,0.05740122914837576,6.58
SeasonalNaive,48,GJBC_LAW_BLOCK_3__A1,1133,0.5399205648720212,1.758613375980715,2.1867010220010608,1.5939520966807925,0.6342365401588703,0.014571932921447489,15.08
SeasonalNaive,48,GJBC_LAW_BLOCK_3__A2,1139,0.24055311676909572,0.4711354971941914,0.5629906290538255,0.25696247142072376,0.4311676909569798,-0.01266900790166813,2.69
SeasonalNaive,48,GJBC_LAW_BLOCK_3__A3_GIRLS,1139,0.19030728709394204,0.26993414473425786,0.7459833969149562,0.5958228991361045,0.33749780509218613,-0.014574187884108868,1.6
SeasonalNaive,48,G_BLOCK,1139,0.5185425812115891,1.103924995225403,1.0277943465290116,0.9668571365850385,1.0233450395083408,0.002528533801580333,13.55
SeasonalNaive,48,I&H_BLOCK,1139,0.5762247585601404,2.0124403698787754,1.5273996391160025,1.9112734289175397,0.3123090430201932,-0.0964179104477612,19.74
SeasonalNaive,48,INFORMATION_CENTRE,1139,0.038068481123792804,0.11060215106812128,4.482075986426349,1.8620849583209944,0.017383669885864792,-0.009376646180860404,0.59
SeasonalNaive,48,IT_BLOCK,1139,0.09661106233538191,0.18475525419006103,1.6544684981422357,1.1431723681902375,0.09395083406496928,-0.00321334503950834,1.13
SeasonalNaive,48,ME_WORKSHOP_BLOCK,1139,0.03744512730465321,0.06569343759946474,0.22590760627597947,0.0887145133947571,0.036523266022827044,-0.0017120280948200186,0.52
SeasonalNaive,48,MM_BLOCK,1139,0.3354082528533801,0.5190388395338912,0.7580101770904137,0.6675784005134929,1.1396049165935032,-0.027594381035996488,2.83
SeasonalNaive,48,MRD_BLOCK,1139,1.1419227392449518,1.7920027936059373,0.9484439022781477,0.6235143021913468,1.4137137840210712,0.1255223880597015,12.27
SeasonalNaive,48,NBX,1133,0.4924536628420123,1.2026432714990372,1.1632194256520494,1.1792269764803156,0.7871138570167696,-0.03434245366284201,16.21
SeasonalNaive,48,NEW_BLOCK,1139,0.050763827919227386,0.09072626679892398,0.7340782768190316,0.68119135400685,0.17575065847234417,0.002352941176470588,0.54
SeasonalNaive,48,NEW_BLOCK_RO,1139,0.0006496927129060581,0.002548907045982764,0.32390152270148936,0.07709640357975088,0.00038630377524143984,1.7559262510974552e-05,0.01
SeasonalNaive,48,TECH_PARK,1139,0.3194381035996488,0.5611042042321762,0.9315293618453169,0.5610925284744391,0.4035557506584723,-0.02358208955223881,4.78
NPTS,48,BE_BLOCK_OHT,1139,0.7420983318700615,1.252017897136371,0.7826940673185052,0.7838040783389059,1.935873573309921,0.2966725197541703,7.160000000000001
NPTS,48,BE_BLOCK_RO,1139,0.010272168568920105,0.019202721492810996,0.7779176110519049,0.3078265986124168,0.01141352063213345,0.006777875329236172,0.12000000000000001
NPTS,48,CRICKET_GROUND_OHT,1139,0.008823529411764706,0.03497019927848313,0.1564506139598446,0.27232733161433986,0.008674275680421421,0.008402107111501318,0.56
NPTS,48,F_BLOCK,1139,0.43637401229148376,0.8530230804428551,0.7485693633500525,0.7079970566172462,0.716865671641791,0.06633011413520631,10.58
NPTS,48,GJBC_BLOCK_1_A1_BOYS,1139,0.08101843722563652,0.12024703866327476,0.6096951770851735,0.560491020905999,0.15848990342405617,0.004951712028094822,0.9300000000000002
NPTS,48,GJBC_BLOCK_1_A2_GIRLS,1139,0.07783143107989465,0.12238879311971086,0.5716394606764755,0.5719526459616324,0.16414398595259,0.01426690079016681,1.02
NPTS,48,GJBC_BLOCK_1_A3,1139,0.10536435469710273,0.15451956185418786,0.625041385847421,0.5628113352821483,0.18919227392449517,0.006663740122914834,1.19
NPTS,48,GJBC_BLOCK_1_A4_RO,1139,0.00398595258999122,0.019023574857297068,0.06683408011971823,0.09585797551745356,0.00398595258999122,0.00398595258999122,0.43
NPTS,48,GJBC_BLOCK_2_A1,1138,0.15486818980667838,0.2817878522454627,0.743392618946965,0.7970797165198177,0.4074692442882249,-0.01057996485061511,1.25
NPTS,48,GJBC_LAW_BLOCK_3_A4_BOYS,1139,0.6332923617208077,1.0582144917018292,0.7648295861426246,0.6606290612988426,1.2830465320456539,0.1539244951712028,5.62
NPTS,48,GJBC_LAW_BLOCK_3__A1,1133,0.4062488967343336,1.461784325990159,1.6476292361084675,1.3287521641977709,0.6342365401588703,0.207378640776699,14.57
NPTS,48,GJBC_LAW_BLOCK_3__A2,1139,0.23726075504828797,0.5095660844100949,0.5556187425699753,0.2781421317897366,0.4311676909569798,-0.18869183494293237,3.09
NPTS,48,GJBC_LAW_BLOCK_3__A3_GIRLS,1139,0.1777875329236172,0.2563415193429838,0.6971530686957003,0.5663812881467377,0.33749780509218613,-0.11079894644424934,1.04
NPTS,48,G_BLOCK,1139,0.34500438981562775,0.7650628463801689,0.6838120056726704,0.6708619479126448,1.0233450395083408,-0.039771729587357356,12.65
NPTS,48,I&H_BLOCK,1139,0.3122124670763828,1.5169065663934913,0.8274195507683382,1.4428728151595935,0.3123090430201932,0.31100087796312553,19.74
NPTS,48,INFORMATION_CENTRE,1139,0.017383669885864792,0.07063116926678317,2.0266782500449994,1.184003728009038,0.017383669885864792,0.017383669885864792,0.59
NPTS,48,IT_BLOCK,1139,0.06832309043020192,0.14510085499802855,1.1707615737140493,0.8984528949639038,0.09395083406496928,0.04124670763827919,1.0799999999999998
NPTS,48,ME_WORKSHOP_BLOCK,1139,0.02678665496049166,0.04909809928927127,0.16167077105415195,0.06633629607452375,0.036523266022827044,0.010755048287971905,0.54
NPTS,48,MM_BLOCK,1139,0.24039508340649693,0.3906030770845504,0.5434008596003808,0.5024925593028058,1.1396049165935032,-0.040342405618963996,2.04
NPTS,48,MRD_BLOCK,1139,0.8652502194907814,1.4216803669767808,0.7189359194082591,0.4948878488796972,1.4137137840210712,0.2842669007901668,10.75
NPTS,48,NBX,1133,0.33402471315092674,0.8780483151726799,0.7889670634430292,0.8645522861504406,0.7871138570167696,0.11812003530450134,16.07
NPTS,48,NEW_BLOCK,1139,0.03808604038630377,0.06819251785043126,0.5508145356214741,0.5120226914575102,0.17575065847234417,0.014767339771729587,0.35
NPTS,48,NEW_BLOCK_RO,1139,0.00038630377524143984,0.0019654612060313985,0.19236506557935157,0.059392369008919935,0.00038630377524143984,0.00038630377524143984,0.01
NPTS,48,TECH_PARK,1139,0.22607550482879718,0.39094267109228764,0.6593664620300096,0.39123236579860476,0.4035557506584723,-0.025250219490781385,4.1
SeasonalNaive,72,BE_BLOCK_OHT,1715,0.9755801749271137,1.6064710977030061,1.0289075587099132,1.005351219261334,1.9161574344023324,0.0017026239067055486,8.26
SeasonalNaive,72,BE_BLOCK_RO,1715,0.012618075801749272,0.022905560963051526,0.9545777959920252,0.36623561838440166,0.01113119533527697,-0.0017026239067055395,0.14
SeasonalNaive,72,CRICKET_GROUND_OHT,1715,0.01682798833819242,0.05030750919146726,0.2982109679941204,0.39161054946905083,0.00917201166180758,-0.0002448979591836733,0.56
SeasonalNaive,72,F_BLOCK,1715,0.6698134110787172,1.2458771893110014,1.1488927216421039,1.0334230074904205,0.7209271137026239,-0.03318367346938774,12.07
SeasonalNaive,72,GJBC_BLOCK_1_A1_BOYS,1715,0.10719533527696794,0.15859110008521624,0.8065804301522299,0.7391570906454515,0.158600583090379,-0.002344023323615162,1.11
SeasonalNaive,72,GJBC_BLOCK_1_A2_GIRLS,1715,0.10608746355685131,0.16498290396457171,0.7790604527495179,0.7708172630375327,0.16416909620991255,-0.0024489795918367324,1.18
SeasonalNaive,72,GJBC_BLOCK_1_A3,1715,0.1362274052478134,0.20263957864597737,0.8080001573672415,0.7380708679002036,0.18946938775510205,-0.002513119533527698,1.43
SeasonalNaive,72,GJBC_BLOCK_1_A4_RO,1715,0.005877551020408163,0.028222357409081678,0.09851698432799338,0.14219154662568495,0.0042507288629737615,0.0003265306122448979,0.43
SeasonalNaive,72,GJBC_BLOCK_2_A1,1713,0.2223817863397548,0.3909743542859071,1.067270084130495,1.1056358795956778,0.405563339171045,-0.0022416812609457114,1.65
SeasonalNaive,72,GJBC_LAW_BLOCK_3_A4_BOYS,1715,0.8739708454810496,1.4030378536086945,1.0556099428361025,0.875787692893761,1.2839475218658893,0.05945189504373177,6.58
SeasonalNaive,72,GJBC_LAW_BLOCK_3__A1,1706,0.5500351699882767,1.7618064639490516,2.227878810164236,1.597495543861647,0.6290328253223916,0.011723329425556882,15.08
SeasonalNaive,72,GJBC_LAW_BLOCK_3__A2,1715,0.24343440233236152,0.4732201578380369,0.5696631086827375,0.2580881783585196,0.427399416909621,-0.016437317784256562,2.69
SeasonalNaive,72,GJBC_LAW_BLOCK_3__A3_GIRLS,1715,0.19166180758017495,0.2697827654331932,0.7511933217348129,0.5953804696575076,0.3349037900874635,-0.01765597667638484,1.6
SeasonalNaive,72,G_BLOCK,1715,0.5128513119533528,1.0962786775156719,1.0164848555198431,0.960043072072399,1.0166763848396503,-0.004874635568513119,13.55
SeasonalNaive,72,I&H_BLOCK,1715,0.5977142857142856,2.039236323073201,1.5845190909029054,1.9384803941871376,0.29879883381924194,-0.11100874635568514,19.74
SeasonalNaive,72,INFORMATION_CENTRE,1715,0.03773177842565598,0.10995917609805589,4.438374772212592,1.850329865342353,0.017247813411078717,-0.009463556851311953,0.59
SeasonalNaive,72,IT_BLOCK,1715,0.0997609329446064,0.19496026357485732,1.708895582633982,1.2064421827581047,0.09289795918367347,-0.004122448979591835,1.15
SeasonalNaive,72,ME_WORKSHOP_BLOCK,1715,0.037807580174927115,0.06590920515083731,0.22811253525317343,0.08901971286691361,0.0361399416909621,-0.002145772594752186,0.56
SeasonalNaive,72,MM_BLOCK,1715,0.3321574344023324,0.5158746994565236,0.7506565930248102,0.6634649895786847,1.136932944606414,-0.031247813411078712,2.83
SeasonalNaive,72,MRD_BLOCK,1715,1.191877551020408,1.8518025730836698,0.9899215018284538,0.6443947531444072,1.4237551020408161,0.13613411078717202,12.27
SeasonalNaive,72,NBX,1706,0.4897069167643611,1.1958636212810387,1.1567188307778298,1.1728111051901162,0.7730070339976554,-0.050046893317702214,16.21
SeasonalNaive,72,NEW_BLOCK,1715,0.05117201166180758,0.09100219457194217,0.7399677927582158,0.6831582513001667,0.17590087463556853,0.00239067055393586,0.5599999999999999
SeasonalNaive,72,NEW_BLOCK_RO,1715,0.0006647230320699709,0.0025782223179353072,0.3311550478739138,0.077941956814189,0.00037900874635568517,1.1661807580174944e-05,0.01
SeasonalNaive,72,TECH_PARK,1715,0.33189504373177847,0.5746550746408627,0.9678293604045506,0.5745452388637261,0.40137609329446067,-0.025049562682215757,4.78
NPTS,72,BE_BLOCK_OHT,1715,0.7293994169096211,1.2191995175347023,0.7692622593620508,0.7630936351355196,1.9161574344023324,0.28352186588921285,7.160000000000001
NPTS,72,BE_BLOCK_RO,1715,0.0101399416909621,0.018536859506126012,0.7678485852308728,0.29725347720260253,0.01113119533527697,0.006303206997084547,0.12000000000000001
NPTS,72,CRICKET_GROUND_OHT,1715,0.009306122448979593,0.03560718635495675,0.16521522665868646,0.27741177814160417,0.00917201166180758,0.008897959183673471,0.56
NPTS,72,F_BLOCK,1715,0.4367405247813411,0.8571630949991789,0.7491530443744245,0.711350350543653,0.7209271137026239,0.0689271137026239,10.58
NPTS,72,GJBC_BLOCK_1_A1_BOYS,1715,0.0811195335276968,0.12003643761660512,0.6104309209425318,0.5594652893552962,0.158600583090379,0.0052478134110787176,0.9300000000000002
NPTS,72,GJBC_BLOCK_1_A2_GIRLS,1715,0.07761516034985423,0.12235612125334501,0.5700436765524356,0.5717484420770018,0.16416909620991255,0.014653061224489797,1.02
NPTS,72,GJBC_BLOCK_1_A3,1715,0.10560932944606415,0.15471067702652533,0.6264451308145492,0.5634411984389501,0.18946938775510205,0.007160349854227404,1.19
NPTS,72,GJBC_BLOCK_1_A4_RO,1715,0.0042507288629737615,0.021653243954681083,0.07123722083268241,0.10899909444970911,0.0042507288629737615,0.0042507288629737615,0.43
NPTS,72,GJBC_BLOCK_2_A1,1713,0.15708114419147692,0.28530337393387095,0.7539612931516013,0.8069547828085274,0.405563339171045,-0.012025685931115002,1.25
NPTS,72,GJBC_LAW_BLOCK_3_A4_BOYS,1715,0.6380816326530612,1.0660224700753447,0.7706099961912536,0.6655071842445485,1.2839475218658893,0.15476967930029156,5.7
NPTS,72,GJBC_LAW_BLOCK_3__A1,1706,0.40422626025791325,1.4575637102779913,1.639620636839327,1.3255383984972882,0.6290328253223916,0.20224501758499416,14.57
NPTS,72,GJBC_LAW_BLOCK_3__A2,1715,0.24037900874635568,0.5113248669227105,0.5628274084431533,0.2790514731606696,0.427399416909621,-0.1925889212827988,3.09
NPTS,72,GJBC_LAW_BLOCK_3__A3_GIRLS,1715,0.1794927113702624,0.2585966838495018,0.7037803126905178,0.5712993653050413,0.3349037900874635,-0.11412827988338191,1.04
NPTS,72,G_BLOCK,1715,0.3520932944606414,0.7704166454459398,0.6978407159656161,0.675370695800841,1.0166763848396503,-0.046087463556851324,12.65
NPTS,72,I&H_BLOCK,1715,0.2988279883381924,1.4796987125369077,0.7923290802728831,1.4115899660955367,0.29879883381924194,0.29747521865889215,19.74
NPTS,72,INFORMATION_CENTRE,1715,0.017247813411078717,0.07028140023262834,2.0092326103471136,1.1774779079929627,0.017247813411078717,0.017247813411078717,0.59
NPTS,72,IT_BLOCK,1715,0.06766763848396502,0.143906148554663,1.1597764016277976,0.8911878139215189,0.09289795918367347,0.03948104956268222,1.0799999999999998
NPTS,72,ME_WORKSHOP_BLOCK,1715,0.02632069970845481,0.04790539754247556,0.15884564313981753,0.06472967226251697,0.0361399416909621,0.010402332361516038,0.54
NPTS,72,MM_BLOCK,1715,0.2404548104956268,0.39041340128984503,0.5435088722011369,0.5022349215386086,1.136932944606414,-0.04520116618075801,2.04
NPTS,72,MRD_BLOCK,1715,0.8698483965014577,1.4158151491078024,0.72277125549019,0.4929292755089944,1.4237551020408161,0.296798833819242,10.75
NPTS,72,NBX,1706,0.32512309495896835,0.8597125259050983,0.7679777662307774,0.8469968363313082,0.7730070339976554,0.1018405627198124,16.07
NPTS,72,NEW_BLOCK,1715,0.038075801749271145,0.06819283239953121,0.5506551988913811,0.5119713780073639,0.17590087463556853,0.014740524781341106,0.35
NPTS,72,NEW_BLOCK_RO,1715,0.00037900874635568517,0.0019468146967692769,0.18866675130640548,0.058816188129904044,0.00037900874635568517,0.00037900874635568517,0.01
NPTS,72,TECH_PARK,1715,0.2277667638483965,0.39205298029552155,0.6642854198192886,0.3923032871520296,0.40137609329446067,-0.02900291545189505,4.1
SeasonalNaive,168,BE_BLOCK_OHT,4019,0.9610052251803931,1.5740306321520472,1.01351807055271,0.9849873176045645,1.8786290121920877,-0.03244588206021396,8.63
SeasonalNaive,168,BE_BLOCK_RO,4019,0.012448370241353571,0.022352889178816636,0.9418096354502942,0.3575479425470506,0.01094302065190346,-0.0019084349340631997,0.14
SeasonalNaive,168,CRICKET_GROUND_OHT,4019,0.01601891017666086,0.04789004159115845,0.2840501381506989,0.3728608527666853,0.008621547648668822,-0.0007713361532719586,0.56
SeasonalNaive,168,F_BLOCK,4019,0.6547101268972381,1.1836749510102704,1.1228730411584669,0.9815047800674562,0.712963423737248,-0.03975615824832047,12.07
SeasonalNaive,168,GJBC_BLOCK_1_A1_BOYS,4019,0.10990047275441651,0.16186636949203032,0.8268253556675591,0.754238565103297,0.15860413038069174,-0.002356307539188851,1.11
SeasonalNaive,168,GJBC_BLOCK_1_A2_GIRLS,4019,0.1081288877830306,0.16791810999589407,0.7939594495238017,0.784320449831537,0.16429957700920625,-0.0023065439163971126,1.18
SeasonalNaive,168,GJBC_BLOCK_1_A3,4019,0.13916645931823834,0.20609516664844355,0.8252739351875199,0.7504304589061136,0.18890768847972134,-0.003132620054739986,1.43
SeasonalNaive,168,GJBC_BLOCK_1_A4_RO,4019,0.005884548395123166,0.026961493280794568,0.09854970422293229,0.1357076979219867,0.0041602388653894,0.00023637720826076144,0.43
SeasonalNaive,168,GJBC_BLOCK_2_A1,4013,0.21793421380513334,0.3835595023610844,1.0458222542750772,1.0845507974579058,0.3998504859207575,-0.008469972589085476,1.65
SeasonalNaive,168,GJBC_LAW_BLOCK_3_A4_BOYS,4019,0.886596168201045,1.4121779821950091,1.0708097186753107,0.8814901022093679,1.2819656631002738,0.05877332669818363,6.96
SeasonalNaive,168,GJBC_LAW_BLOCK_3__A1,3995,0.5746232790988736,1.8693548645219533,2.3278443778054028,1.6945343008950715,0.6534518147684606,0.03318648310387987,18.54
SeasonalNaive,168,GJBC_LAW_BLOCK_3__A2,4019,0.24657626275192832,0.4771284732595862,0.5767549747103538,0.26008173291907744,0.41123413784523516,-0.032602637472007964,3.09
SeasonalNaive,168,GJBC_LAW_BLOCK_3__A3_GIRLS,4019,0.1984598158745957,0.27937525831566584,0.77765908916716,0.6163333533105,0.323018163722319,-0.030094550883304306,1.8
SeasonalNaive,168,G_BLOCK,4019,0.5208459815874596,1.093148878818209,1.0323175834874923,0.9569189711812035,1.0174222443393879,-0.004961433192336405,13.55
SeasonalNaive,168,I&H_BLOCK,4019,0.6190644438915153,2.0485761263154902,1.6416232268550377,1.9504281664898426,0.30510077133615326,-0.10593182383677532,19.74
SeasonalNaive,168,INFORMATION_CENTRE,4019,0.03791490420502613,0.11090861811658498,4.462833743148178,1.8668491718575626,0.015349589450111969,-0.011306295098283155,0.59
SeasonalNaive,168,IT_BLOCK,4019,0.09842746951978106,0.19173595719871167,1.6864563460405833,1.186599753915044,0.09161731774073154,-0.005240109479970141,1.15
SeasonalNaive,168,ME_WORKSHOP_BLOCK,4019,0.036907190843493407,0.0643939341159792,0.22273122677436927,0.08697381164503191,0.03508584224931575,-0.0032570291117193333,0.59
SeasonalNaive,168,MM_BLOCK,4019,0.34459318238367753,0.5283698705259618,0.7787559564880183,0.6795819753524736,1.1247001741726799,-0.04459318238367752,2.83
SeasonalNaive,168,MRD_BLOCK,4019,1.238036825080866,1.8860966207492371,1.0281847341321242,0.6563247655764736,1.4343468524508582,0.14737248071659625,12.27
SeasonalNaive,168,NBX,3998,0.46806153076538276,1.0721133981856978,1.105444829641413,1.0495844343579146,0.7322611305652826,-0.09213356678339168,16.330000000000002
SeasonalNaive,168,NEW_BLOCK,4019,0.05199054491166957,0.09064708903179294,0.7518855817152926,0.6806205365384107,0.17475491415775066,0.0011171933316745455,0.63
SeasonalNaive,168,NEW_BLOCK_RO,4019,0.0006295098283155015,0.0025090034442294047,0.31351982874522544,0.07583627988477515,0.0003732271709380443,7.46454341876088e-06,0.01
SeasonalNaive,168,TECH_PARK,4019,0.3157377457078875,0.5566002218083852,0.9206855754313613,0.5564066602068308,0.39104005971634737,-0.034578253296840014,4.91
NPTS,168,BE_BLOCK_OHT,4019,0.7310251306295099,1.2007683220855763,0.7709758947753615,0.7515126738807218,1.8786290121920877,0.24149539686489174,7.160000000000001
NPTS,168,BE_BLOCK_RO,4019,0.010079621796466784,0.018170216163045337,0.7631324467778756,0.29149090399599337,0.01094302065190346,0.006133366509081861,0.12000000000000001
NPTS,168,CRICKET_GROUND_OHT,4019,0.00869121672057726,0.03214292230943998,0.15460266758236255,0.2506594501241847,0.008621547648668822,0.008337894998755912,0.56
NPTS,168,F_BLOCK,4019,0.41773575516297584,0.782167098192515,0.7164139216041499,0.6486742355981647,0.712963423737248,0.06261756655884548,10.58
NPTS,168,GJBC_BLOCK_1_A1_BOYS,4019,0.08277432197063948,0.121486705678568,0.622764609560468,0.5659996539815446,0.15860413038069174,0.005874595670564819,0.9300000000000002
NPTS,168,GJBC_BLOCK_1_A2_GIRLS,4019,0.0788156257775566,0.12361177377006101,0.5787206979001722,0.5773027337955937,0.16429957700920625,0.015138094053247076,1.02
NPTS,168,GJBC_BLOCK_1_A3,4019,0.10706145807414781,0.15553197923999434,0.6348996832962238,0.5661881787944114,0.18890768847972134,0.007325205274944015,1.21
NPTS,168,GJBC_BLOCK_1_A4_RO,4019,0.0041602388653894,0.020169720283694275,0.0696666906437413,0.10134090437402021,0.0041602388653894,0.0041602388653894,0.43
NPTS,168,GJBC_BLOCK_2_A1,4013,0.15885621729379518,0.2872220592819274,0.7623258546739872,0.8121361927373953,0.3998504859207575,-0.016389234986294538,1.25
NPTS,168,GJBC_LAW_BLOCK_3_A4_BOYS,4019,0.6582383677531725,1.0876118001007242,0.7949503691067616,0.6789464441899238,1.2819656631002738,0.1520029858173675,6.07
NPTS,168,GJBC_LAW_BLOCK_3__A1,3995,0.43627284105131414,1.5919969984437212,1.7701926151387295,1.446861508125014,0.6534518147684606,0.2262252816020025,18.08
NPTS,168,GJBC_LAW_BLOCK_3__A2,4019,0.25143816869868124,0.5280032525328278,0.5883593498957107,0.2879184594641886,0.41123413784523516,-0.20700920627021646,3.09
NPTS,168,GJBC_LAW_BLOCK_3__A3_GIRLS,4019,0.18552625031102266,0.26663724748561135,0.7271410200799071,0.5886808208707137,0.323018163722319,-0.1258546902214481,1.17
NPTS,168,G_BLOCK,4019,0.3608036825080866,0.7827939605495204,0.7151839659788722,0.6856471260472841,1.0174222443393879,-0.04627768101517792,12.65
NPTS,168,I&H_BLOCK,4019,0.3051555113212242,1.460407663945814,0.8096533427617191,1.3982029586418538,0.30510077133615326,0.30388156257775567,19.74
NPTS,168,INFORMATION_CENTRE,4019,0.015349589450111969,0.06542243155740471,1.7806780756654128,1.094393698409071,0.015349589450111969,0.015349589450111969,0.59
NPTS,168,IT_BLOCK,4019,0.06636974371734262,0.14143208822961745,1.1384217604875575,0.8763829448583084,0.09161731774073154,0.03925354565812391,1.0799999999999998
NPTS,168,ME_WORKSHOP_BLOCK,4019,0.026061209256033842,0.04672930309882138,0.15728163579943033,0.0631099459824184,0.03508584224931575,0.009290868375217717,0.55
NPTS,168,MM_BLOCK,4019,0.25028614083105255,0.40458635903954526,0.56569999701944,0.5204351621994796,1.1247001741726799,-0.05662602637472006,2.04
NPTS,168,MRD_BLOCK,4019,0.866752923612839,1.3943819848526129,0.7200289241076581,0.485305266910427,1.4343468524508582,0.3094948992286638,10.75
NPTS,168,NBX,3998,0.2976688344172086,0.6554336706702854,0.7028854915847597,0.6442401993141463,0.7322611305652826,0.06594297148574287,16.13
NPTS,168,NEW_BLOCK,4019,0.038442398606618564,0.06890390552115805,0.5560203391103824,0.5173488473399744,0.17475491415775066,0.013859168947499377,0.39
NPTS,168,NEW_BLOCK_RO,4019,0.0003732271709380443,0.0019319088253280596,0.18587092208946857,0.058390782688840515,0.0003732271709380443,0.0003732271709380443,0.01
NPTS,168,TECH_PARK,4019,0.2235108235879572,0.38504395266508373,0.6518536325339314,0.3851922797026777,0.39104005971634737,-0.03927096292610102,4.11
