model,horizon,item_id,n,mae,rmse,mase,rmsse,mean_actual,mean_pred,scaled_ok
Chronos2-COV-LEAN,6,BE_BLOCK_OHT,142,0.6430201609873435,0.9971374880181849,0.6779545169102105,0.6238569738450024,1.7737323943661973,1.678881629671849,True
Chronos2-COV-LEAN,6,BE_BLOCK_RO,142,0.005991355188085999,0.010406881666024645,0.4540649585721771,0.16737191243625194,0.009788732394366197,0.008624563885616585,True
Chronos2-COV-LEAN,6,CRICKET_GROUND_OHT,142,0.013754474278539422,0.05303770738163629,0.2436303252639995,0.41289871092826397,0.013380281690140848,0.0011675102754273045,True
Chronos2-COV-LEAN,6,F_BLOCK,142,0.27932097898402686,0.5998002782863469,0.47898583868484584,0.4967483119568832,0.6871126760563381,0.5548656969003274,True
Chronos2-COV-LEAN,6,GJBC_BLOCK_1_A1_BOYS,142,0.060959065978375956,0.08890408364998889,0.4589130062270829,0.41462096251497654,0.15492957746478872,0.14374866656644245,True
Chronos2-COV-LEAN,6,GJBC_BLOCK_1_A2_GIRLS,142,0.05210020966093305,0.07898177847741543,0.382676412643921,0.3689898020557133,0.15971830985915494,0.15039582875832705,True
Chronos2-COV-LEAN,6,GJBC_BLOCK_1_A3,142,0.08905272128086696,0.12539244816697734,0.5285405016999529,0.45690330004362323,0.18105633802816903,0.16130270719738074,True
Chronos2-COV-LEAN,6,GJBC_BLOCK_1_A4_RO,142,0.006104093278745111,0.0366043310592849,0.10236059890936539,0.18451392447099332,0.0060563380281690145,0.00012928165879074326,True
Chronos2-COV-LEAN,6,GJBC_BLOCK_2_A1,142,0.11818392912686713,0.21137859921929295,0.567364874397469,0.5980298578453358,0.42133802816901406,0.40853361858868265,True
Chronos2-COV-LEAN,6,GJBC_LAW_BLOCK_3_A4_BOYS,142,0.5641022245648881,0.917865884462377,0.6815414667538702,0.5730754765440649,1.1424647887323942,1.089711823933561,True
Chronos2-COV-LEAN,6,GJBC_LAW_BLOCK_3__A1,139,0.269762855202174,0.9479660409928017,1.1034906746135504,0.8685292161663826,0.5150359712230216,0.38159840720162974,True
Chronos2-COV-LEAN,6,GJBC_LAW_BLOCK_3__A2,142,0.18949711707276362,0.416241133467854,0.4445525171116516,0.22792385549136548,0.3630985915492958,0.3923447375566187,True
Chronos2-COV-LEAN,6,GJBC_LAW_BLOCK_3__A3_GIRLS,142,0.14180494868419544,0.19097728182432253,0.5561457156154168,0.4220375476305172,0.3047887323943662,0.34187714545659614,True
Chronos2-COV-LEAN,6,G_BLOCK,142,0.34218593686399335,0.5372181560988054,0.6775721070024042,0.4691335142973586,0.9742957746478871,1.0684984632780854,True
Chronos2-COV-LEAN,6,I&H_BLOCK,142,0.4299938299412459,1.5965697945501012,1.1328199773569523,1.4843278108424907,0.43302816901408453,0.021157941662929426,True
Chronos2-COV-LEAN,6,INFORMATION_CENTRE,142,0.01439847617449475,0.05988194831960313,1.6645295565144014,0.997738118162245,0.014084507042253521,0.0005549927911078426,True
Chronos2-COV-LEAN,6,IT_BLOCK,142,0.06521693394532506,0.11763451700311117,1.1122493134456217,0.7258537421642002,0.09190140845070423,0.06934780362521259,True
Chronos2-COV-LEAN,6,ME_WORKSHOP_BLOCK,142,0.025666637726023168,0.03708458875663362,0.15497879344160523,0.05020123783993406,0.03492957746478873,0.027149370517319357,True
Chronos2-COV-LEAN,6,MM_BLOCK,142,0.26055105283226765,0.40859878698854346,0.5891564305819722,0.526031789631192,1.0646478873239438,1.1735336134131527,True
Chronos2-COV-LEAN,6,MRD_BLOCK,142,0.6349874687194824,1.228061753888462,0.5272653990001167,0.42780127128514267,1.3928873239436619,1.0491887784340013,True
Chronos2-COV-LEAN,6,NBX,142,0.34574798714107186,0.5801114756159419,0.815018547253125,0.5642743647384582,0.7847887323943662,0.6937304879997818,True
Chronos2-COV-LEAN,6,NEW_BLOCK,142,0.033366160449427626,0.06013232975590064,0.482804755959049,0.45207367168828794,0.17204225352112676,0.17065784959516056,True
Chronos2-COV-LEAN,6,NEW_BLOCK_RO,142,0.0004218068011400198,0.0016516810800264992,0.20896259152896712,0.04963134906910141,0.00028169014084507044,0.00015183508479770956,True
Chronos2-COV-LEAN,6,TECH_PARK,142,0.1433843831906856,0.2376039541284426,0.4184352841641237,0.2383311929962317,0.3949295774647887,0.41161603858353385,True
Chronos2-COV-LEAN,12,BE_BLOCK_OHT,286,0.671793472841903,1.086313813546633,0.7084572462235206,0.6799592324813222,1.8353846153846152,1.654922610187864,True
Chronos2-COV-LEAN,12,BE_BLOCK_RO,286,0.00712243662456741,0.012396393665889741,0.5402043612914267,0.19949876698716676,0.010944055944055946,0.009929207029876175,True
Chronos2-COV-LEAN,12,CRICKET_GROUND_OHT,286,0.011231390062224615,0.04392938050080414,0.19905879624515674,0.3421532070102577,0.010769230769230769,0.0011319018105839516,True
Chronos2-COV-LEAN,12,F_BLOCK,286,0.33589131760013685,0.6759148011545305,0.5763674041012888,0.5608926814011572,0.6956993006993007,0.5573494670899598,True
Chronos2-COV-LEAN,12,GJBC_BLOCK_1_A1_BOYS,286,0.07170051320762068,0.11406271523855052,0.5398031429911777,0.5324681618247336,0.1651048951048951,0.14429535375504227,True
Chronos2-COV-LEAN,12,GJBC_BLOCK_1_A2_GIRLS,286,0.06911684741402839,0.12668067163561267,0.5078664761928545,0.5930655783424648,0.1715034965034965,0.14805696485238476,True
Chronos2-COV-LEAN,12,GJBC_BLOCK_1_A3,286,0.09794202719430824,0.15473266845675065,0.5812821189682462,0.5644290033789312,0.19671328671328672,0.16468286079230843,True
Chronos2-COV-LEAN,12,GJBC_BLOCK_1_A4_RO,286,0.004860044099920482,0.026198426846996022,0.08154083228126546,0.13206863712117994,0.004825174825174826,0.00012674058086997535,True
Chronos2-COV-LEAN,12,GJBC_BLOCK_2_A1,286,0.11342802744228522,0.20855393044281728,0.5446880324452451,0.5899976976848932,0.40248251748251745,0.4101164615029222,True
Chronos2-COV-LEAN,12,GJBC_LAW_BLOCK_3_A4_BOYS,286,0.5495965974064139,0.9246411767505816,0.6638542809964169,0.5774601099483876,1.1934965034965035,1.0815947862355026,True
Chronos2-COV-LEAN,12,GJBC_LAW_BLOCK_3__A1,283,0.3516127668968781,1.3345111003749748,1.431686275328392,1.2186705318728503,0.6009540636042403,0.3910917385938732,True
Chronos2-COV-LEAN,12,GJBC_LAW_BLOCK_3__A2,286,0.17215872998421008,0.33401254681208353,0.4039590144910279,0.1829567090603225,0.42363636363636364,0.43419756578815566,True
Chronos2-COV-LEAN,12,GJBC_LAW_BLOCK_3__A3_GIRLS,286,0.1455964401781142,0.19369809902526994,0.5712799929221218,0.4285176304206851,0.3105594405594405,0.3404151671728888,True
Chronos2-COV-LEAN,12,G_BLOCK,286,0.375236125984392,0.6705587113834898,0.7432716180815183,0.586300172265574,0.9605244755244755,1.070003607681581,True
Chronos2-COV-LEAN,12,I&H_BLOCK,286,0.3070484622145866,1.3141792368667335,0.8118173819787768,1.2369015910165975,0.3064685314685314,0.017956720521816842,True
Chronos2-COV-LEAN,12,INFORMATION_CENTRE,286,0.016810808581645256,0.06732469311860144,1.9188629794108816,1.1199294105768363,0.01646853146853147,0.000529226085001772,True
Chronos2-COV-LEAN,12,IT_BLOCK,286,0.05887263177366523,0.1088458644028715,1.0052436756374017,0.6723343080945813,0.08947552447552448,0.06820485944097693,True
Chronos2-COV-LEAN,12,ME_WORKSHOP_BLOCK,286,0.025420602193766538,0.0448972487596592,0.15349989294743868,0.060494307119870916,0.035419580419580425,0.025899517747176276,True
Chronos2-COV-LEAN,12,MM_BLOCK,286,0.2398652060465379,0.37715549873389426,0.5423173679391031,0.4853753268665961,1.1268881118881118,1.1762555535439845,True
Chronos2-COV-LEAN,12,MRD_BLOCK,286,0.6840879504080419,1.2450753546092834,0.5683635133127481,0.4338741822566922,1.3086013986013987,1.0510447806828505,True
Chronos2-COV-LEAN,12,NBX,286,0.33697760926259984,0.6142258748950824,0.7955149981634269,0.6017978508794433,0.786923076923077,0.688105219102406,True
Chronos2-COV-LEAN,12,NEW_BLOCK,286,0.034280812923724834,0.06305259261194686,0.4962187782225966,0.47415214423525026,0.1729020979020979,0.17130581091542343,True
Chronos2-COV-LEAN,12,NEW_BLOCK_RO,286,0.0005694267264945054,0.0020969289296605183,0.2838106280613685,0.06339298987914947,0.00045454545454545455,0.00013184392828025394,True
Chronos2-COV-LEAN,12,TECH_PARK,286,0.15760295489868084,0.27943960056652545,0.45993115614601177,0.2809604156800444,0.3816083916083916,0.41261594695644777,True
Chronos2-COV-LEAN,24,BE_BLOCK_OHT,564,0.7117061311556092,1.2278282562365401,0.7506753107652766,0.7687777417062189,1.9401241134751774,1.6278099753755204,True
Chronos2-COV-LEAN,24,BE_BLOCK_RO,564,0.007758001103065908,0.014137810109965253,0.5874237356741868,0.22653245855657295,0.01148936170212766,0.008994136650465324,True
Chronos2-COV-LEAN,24,CRICKET_GROUND_OHT,564,0.008877819136498457,0.03441119938994789,0.15738706803508626,0.26797382767463496,0.008421985815602837,0.0010294192701789503,True
Chronos2-COV-LEAN,24,F_BLOCK,564,0.36636399454470225,0.827350552408564,0.6284515655381634,0.6868707419754295,0.709822695035461,0.5400227853063996,True
Chronos2-COV-LEAN,24,GJBC_BLOCK_1_A1_BOYS,564,0.07777439417304301,0.11475702660338048,0.5852899178605059,0.5350238093922023,0.15852836879432625,0.14627892501546558,True
Chronos2-COV-LEAN,24,GJBC_BLOCK_1_A2_GIRLS,564,0.07370566698623464,0.11843234945445659,0.541325302715486,0.5536280572078159,0.1647340425531915,0.1461266769717137,True
Chronos2-COV-LEAN,24,GJBC_BLOCK_1_A3,564,0.09955027640499968,0.14753834503579766,0.5905377536700027,0.5375382475700936,0.1895390070921986,0.1673074634415461,True
Chronos2-COV-LEAN,24,GJBC_BLOCK_1_A4_RO,564,0.004039080759224726,0.019077465261915567,0.06773378059302762,0.0961698188299078,0.0040070921985815595,0.00012197053115253489,True
Chronos2-COV-LEAN,24,GJBC_BLOCK_2_A1,564,0.11804991804221844,0.21282047243557722,0.5665826689068881,0.6018227984171544,0.4049468085106383,0.4041182293906702,True
Chronos2-COV-LEAN,24,GJBC_LAW_BLOCK_3_A4_BOYS,564,0.5786907097253393,0.9676010388117278,0.6988399501960311,0.6040740478715726,1.280709219858156,1.1085632362052904,True
Chronos2-COV-LEAN,24,GJBC_LAW_BLOCK_3__A1,561,0.373482764672468,1.4209605380703394,1.5134634090513872,1.2903492870761695,0.6260071301247772,0.3945323449298872,True
Chronos2-COV-LEAN,24,GJBC_LAW_BLOCK_3__A2,564,0.17562696870548505,0.35403501885420646,0.41136578338084695,0.1933094461250361,0.4324468085106383,0.47310300144954776,True
Chronos2-COV-LEAN,24,GJBC_LAW_BLOCK_3__A3_GIRLS,564,0.14622983294175873,0.201595807094127,0.5733830548000189,0.4451735449929673,0.3408333333333334,0.36540440728901125,True
Chronos2-COV-LEAN,24,G_BLOCK,564,0.34360177598523756,0.7663718055836869,0.6809872781087516,0.6721089526907928,1.0315248226950353,1.0916284784568961,True
Chronos2-COV-LEAN,24,I&H_BLOCK,564,0.315497121125037,1.4855423344082361,0.8363409165154102,1.4143154100488726,0.3141134751773049,0.016489045496316666,True
Chronos2-COV-LEAN,24,INFORMATION_CENTRE,564,0.017655352710528264,0.07091516978320572,2.0585143595242124,1.1891296814700774,0.017304964539007095,0.0006484693140848309,True
Chronos2-COV-LEAN,24,IT_BLOCK,564,0.063845056370297,0.12906062483390096,1.0931856869200678,0.7989765711096983,0.09443262411347518,0.06453997395100429,True
Chronos2-COV-LEAN,24,ME_WORKSHOP_BLOCK,564,0.026557743778148443,0.049852006586032276,0.16024511144434067,0.06728474797034475,0.037429078014184394,0.025094123676102212,True
Chronos2-COV-LEAN,24,MM_BLOCK,564,0.23735087212095868,0.3689423734192513,0.5365822751097211,0.4746736568278155,1.1443617021276598,1.178878478970088,True
Chronos2-COV-LEAN,24,MRD_BLOCK,564,0.7360476157048069,1.2938853047625238,0.611493353429428,0.4503131232475073,1.388758865248227,1.0696561639824658,True
Chronos2-COV-LEAN,24,NBX,561,0.349578699759621,0.8816391757585432,0.8253926442423455,0.8673376948192717,0.8031729055258466,0.6856841571403273,True
Chronos2-COV-LEAN,24,NEW_BLOCK,564,0.035322030802250756,0.06431588053884295,0.5109289422703744,0.48300982409363236,0.17489361702127657,0.1698204062958347,True
Chronos2-COV-LEAN,24,NEW_BLOCK_RO,564,0.0004901979971038844,0.0019435943926790539,0.24411820261286518,0.058734968441924315,0.0003900709219858156,0.00011413612299564076,True
Chronos2-COV-LEAN,24,TECH_PARK,564,0.17818219563639756,0.34103142461942365,0.5196545682288497,0.341364583286874,0.40037234042553194,0.40881263654916844,True
Chronos2-COV-LEAN,48,BE_BLOCK_OHT,1139,0.7302337854174378,1.2367045278584363,0.7702560252389975,0.7743276227186728,1.935873573309921,1.594619737475247,True
Chronos2-COV-LEAN,48,BE_BLOCK_RO,1139,0.00797312606811275,0.014623488617182892,0.6037151949245014,0.23425796520329886,0.01141352063213345,0.008670666412457732,True
Chronos2-COV-LEAN,48,CRICKET_GROUND_OHT,1139,0.009123406416398847,0.03471828595445187,0.1618156220312429,0.27035771681174986,0.008674275680421421,0.0009975434060979559,True
Chronos2-COV-LEAN,48,F_BLOCK,1139,0.37511293014692987,0.8409016050062853,0.6434526575067294,0.6980552251025265,0.716865671641791,0.5326831821970399,True
Chronos2-COV-LEAN,48,GJBC_BLOCK_1_A1_BOYS,1139,0.07990821041094828,0.11605553039340763,0.601257676621816,0.5409351971477504,0.15848990342405617,0.14677168534213353,True
Chronos2-COV-LEAN,48,GJBC_BLOCK_1_A2_GIRLS,1139,0.07574496066052208,0.11949944788380751,0.5562233523866567,0.5584585998885799,0.16414398595259,0.14537178030314415,True
Chronos2-COV-LEAN,48,GJBC_BLOCK_1_A3,1139,0.10156202077028309,0.14838539590146968,0.6023674021729369,0.5404664606699996,0.18919227392449517,0.1680538266557052,True
Chronos2-COV-LEAN,48,GJBC_BLOCK_1_A4_RO,1139,0.004016453673271176,0.018999281015732,0.0673494429890174,0.09573369593676515,0.00398595258999122,0.00011684683249049916,True
Chronos2-COV-LEAN,48,GJBC_BLOCK_2_A1,1138,0.11890729827757252,0.2143294829944427,0.5707034116777634,0.6061589792751428,0.4074692442882249,0.4063505020601469,True
Chronos2-COV-LEAN,48,GJBC_LAW_BLOCK_3_A4_BOYS,1139,0.5849085571579602,0.9719560100168245,0.7063349465509747,0.6067772440721894,1.2830465320456539,1.1111157254967594,True
Chronos2-COV-LEAN,48,GJBC_LAW_BLOCK_3__A1,1133,0.38518376695615264,1.439924007529927,1.5621912963442208,1.3090593233195096,0.6342365401588703,0.39122623263053524,True
Chronos2-COV-LEAN,48,GJBC_LAW_BLOCK_3__A2,1139,0.17778328481319183,0.35150149741675457,0.4163160845320187,0.1918256802179306,0.4311676909569798,0.4746742760852516,True
Chronos2-COV-LEAN,48,GJBC_LAW_BLOCK_3__A3_GIRLS,1139,0.15204806727783213,0.20692389166955988,0.5961310261358618,0.4568498992778807,0.33749780509218613,0.36796087150881435,True
Chronos2-COV-LEAN,48,G_BLOCK,1139,0.3485739806684305,0.7651429894850537,0.690880403542578,0.67091098976255,1.0233450395083408,1.0999247794929987,True
Chronos2-COV-LEAN,48,I&H_BLOCK,1139,0.31401679518141173,1.5123035604880273,0.832178000953781,1.4385619929999565,0.3123090430201932,0.01565688691503443,True
Chronos2-COV-LEAN,48,INFORMATION_CENTRE,1139,0.017713189286304942,0.07046081695621699,2.0646224645544535,1.181129873326294,0.017383669885864792,0.0006637684003342862,True
Chronos2-COV-LEAN,48,IT_BLOCK,1139,0.06344068781032021,0.12947694508866556,1.086697003740128,0.8017966496852211,0.09395083406496928,0.06280688195930069,True
Chronos2-COV-LEAN,48,ME_WORKSHOP_BLOCK,1139,0.026011902385761697,0.047623290144259846,0.15699391672221008,0.06433125283722743,0.036523266022827044,0.024883795647347988,True
Chronos2-COV-LEAN,48,MM_BLOCK,1139,0.242507041090931,0.37697731182313726,0.5481973325243307,0.4849620190999518,1.1396049165935032,1.1803865561996039,True
Chronos2-COV-LEAN,48,MRD_BLOCK,1139,0.7919187023955755,1.3566045240962883,0.6580003175926209,0.4721513556377913,1.4137137840210712,1.0609988006088584,True
Chronos2-COV-LEAN,48,NBX,1133,0.34011166530589776,0.8594562155070775,0.8031899630357038,0.846258907100159,0.7871138570167696,0.6885572912570973,True
Chronos2-COV-LEAN,48,NEW_BLOCK,1139,0.03554739041533567,0.0646772213748344,0.5141689186220011,0.48568005937016845,0.17575065847234417,0.16938569477192658,True
Chronos2-COV-LEAN,48,NEW_BLOCK_RO,1139,0.00046615272975744247,0.0019368460869496691,0.23210348851762588,0.058527583930834744,0.00038630377524143984,9.222237602889349e-05,True
Chronos2-COV-LEAN,48,TECH_PARK,1139,0.1796919295000758,0.34137028331320274,0.524070921475189,0.34167196930176513,0.4035557506584723,0.4111844973149689,True
Chronos2-COV-LEAN,72,BE_BLOCK_OHT,1715,0.725816036591377,1.2080041516149482,0.765576078323196,0.7561965977564284,1.9161574344023324,1.5746239947160547,True
Chronos2-COV-LEAN,72,BE_BLOCK_RO,1715,0.007926274981718977,0.014342922824910648,0.6001571551381054,0.22990835549408947,0.01113119533527697,0.008126828736698923,True
Chronos2-COV-LEAN,72,CRICKET_GROUND_OHT,1715,0.009622964885574563,0.03538326720559546,0.1708812712764261,0.27565674224880554,0.00917201166180758,0.0010480977307038475,True
Chronos2-COV-LEAN,72,F_BLOCK,1715,0.37759989976465874,0.8477314345282768,0.6476725832338301,0.703598323733093,0.7209271137026239,0.526505050193464,True
Chronos2-COV-LEAN,72,GJBC_BLOCK_1_A1_BOYS,1715,0.08057243332066967,0.11693340125510356,0.6062247608815121,0.5449824617107465,0.158600583090379,0.14664797503555482,True
Chronos2-COV-LEAN,72,GJBC_BLOCK_1_A2_GIRLS,1715,0.07669245823444498,0.12049360027824517,0.5631654478905544,0.5630399726193752,0.16416909620991255,0.1447361572230175,True
Chronos2-COV-LEAN,72,GJBC_BLOCK_1_A3,1715,0.1027456934804819,0.15005455326167047,0.6093543682006086,0.5464908893427151,0.18946938775510205,0.16787995860719124,True
Chronos2-COV-LEAN,72,GJBC_BLOCK_1_A4_RO,1715,0.0042779245635931745,0.021631232443599213,0.071696484884044,0.1088864813211733,0.0042507288629737615,0.00011168210858848413,True
Chronos2-COV-LEAN,72,GJBC_BLOCK_2_A1,1713,0.11969562631215676,0.21497410970360997,0.5744507162831217,0.6079564662892317,0.405563339171045,0.4034099878446442,True
Chronos2-COV-LEAN,72,GJBC_LAW_BLOCK_3_A4_BOYS,1715,0.5908910342805935,0.9795764854212186,0.7135640331904102,0.6115520420350831,1.2839475218658893,1.1098971392253398,True
Chronos2-COV-LEAN,72,GJBC_LAW_BLOCK_3__A1,1706,0.3833808466697774,1.4359325820253062,1.5549449779968845,1.3060408934005647,0.6290328253223916,0.3907257196911614,True
Chronos2-COV-LEAN,72,GJBC_LAW_BLOCK_3__A2,1715,0.18354891144499486,0.36064446845635606,0.4297549610601673,0.19677435165324658,0.427399416909621,0.4787232252668709,True
Chronos2-COV-LEAN,72,GJBC_LAW_BLOCK_3__A3_GIRLS,1715,0.1552783329935185,0.2108293414262475,0.6087392975910776,0.4654078397345618,0.3349037900874635,0.37294435839089984,True
Chronos2-COV-LEAN,72,G_BLOCK,1715,0.3565270885107468,0.7693144228531209,0.7066124929826233,0.6743821670244622,1.0166763848396503,1.1010810582526571,True
Chronos2-COV-LEAN,72,I&H_BLOCK,1715,0.3007293292954781,1.4756915996640017,0.7973403294561445,1.4078401927191677,0.29879883381924194,0.014871126674007048,True
Chronos2-COV-LEAN,72,INFORMATION_CENTRE,1715,0.01758402167969864,0.07011672073666965,2.04803979047933,1.1747020640985533,0.017247813411078717,0.00064253560389574,True
Chronos2-COV-LEAN,72,IT_BLOCK,1715,0.06325504074378195,0.13031800839470511,1.0837554750898626,0.8071357756227168,0.09289795918367347,0.061044332030997676,True
Chronos2-COV-LEAN,72,ME_WORKSHOP_BLOCK,1715,0.02575597420273995,0.04663910536092472,0.15544166952183183,0.06300615366979927,0.0361399416909621,0.025148929759816595,True
Chronos2-COV-LEAN,72,MM_BLOCK,1715,0.24243266495601776,0.3760997103872369,0.5480113422248976,0.4838337411347526,1.136932944606414,1.1780776520512195,True
Chronos2-COV-LEAN,72,MRD_BLOCK,1715,0.8130211809355733,1.368861279557426,0.6755482985878931,0.47654609244158835,1.4237551020408161,1.0485386467883608,True
Chronos2-COV-LEAN,72,NBX,1706,0.3327911781838463,0.8434496066779213,0.7859474735714689,0.8309734089806583,0.7730070339976554,0.6909338716430653,True
Chronos2-COV-LEAN,72,NEW_BLOCK,1715,0.035536361024956664,0.06464026763738989,0.5139796430496361,0.48534597128263585,0.17590087463556853,0.16869349561349295,True
Chronos2-COV-LEAN,72,NEW_BLOCK_RO,1715,0.00043960109517336677,0.0019225443179825734,0.21881018494712662,0.05808354125553888,0.00037900874635568517,7.082652612847246e-05,True
Chronos2-COV-LEAN,72,TECH_PARK,1715,0.18076294065147377,0.343184988828773,0.5271848360093382,0.34339949683037246,0.40137609329446067,0.4097481997471857,True
Chronos2-COV-LEAN,168,BE_BLOCK_OHT,4019,0.7210017113502893,1.1838030461578293,0.7604796058696518,0.7409891298642107,1.8786290121920877,1.5364566413612917,True
Chronos2-COV-LEAN,168,BE_BLOCK_RO,4019,0.00809810601075651,0.014319483490052548,0.613020906975413,0.229539398587432,0.01094302065190346,0.007107057822550758,True
Chronos2-COV-LEAN,168,CRICKET_GROUND_OHT,4019,0.009085662982445819,0.03190850908462987,0.16163321033679673,0.2488229979048232,0.008621547648668822,0.0011354415140106152,True
Chronos2-COV-LEAN,168,F_BLOCK,4019,0.3577538625999421,0.7648298203927371,0.6135700745199945,0.6344118739833424,0.712963423737248,0.5180331053396279,True
Chronos2-COV-LEAN,168,GJBC_BLOCK_1_A1_BOYS,4019,0.08297315683166728,0.12003977350174241,0.6242078847810306,0.5592664013627571,0.15860413038069174,0.14695745911592867,True
Chronos2-COV-LEAN,168,GJBC_BLOCK_1_A2_GIRLS,4019,0.08002324109240296,0.12444476727245085,0.5875360068524921,0.5811971619423345,0.16429957700920625,0.14390416639298756,True
Chronos2-COV-LEAN,168,GJBC_BLOCK_1_A3,4019,0.10537587771526348,0.15355387977433857,0.6248455742274458,0.5589915194672042,0.18890768847972134,0.1676986206468435,True
Chronos2-COV-LEAN,168,GJBC_BLOCK_1_A4_RO,4019,0.004184239914763716,0.0201492495171379,0.07007231708087035,0.10123594510684925,0.0041602388653894,9.840065490861816e-05,True
Chronos2-COV-LEAN,168,GJBC_BLOCK_2_A1,4013,0.12133999664914778,0.21695104710639634,0.5822887128052179,0.6134767801079548,0.3998504859207575,0.3990123475500987,True
Chronos2-COV-LEAN,168,GJBC_LAW_BLOCK_3_A4_BOYS,4019,0.6075556608663027,0.994881917368919,0.7337239958248215,0.6210654514532091,1.2819656631002738,1.0990182504365622,True
Chronos2-COV-LEAN,168,GJBC_LAW_BLOCK_3__A1,3995,0.41388451184379,1.5736486854265361,1.6791198346278362,1.4302387493993325,0.6534518147684606,0.3874523137925713,True
Chronos2-COV-LEAN,168,GJBC_LAW_BLOCK_3__A2,4019,0.19189066436819308,0.37823128024684094,0.44897756103291775,0.2060922047688308,0.41123413784523516,0.4812209625598891,True
Chronos2-COV-LEAN,168,GJBC_LAW_BLOCK_3__A3_GIRLS,4019,0.1665943825271599,0.22736659094523856,0.6528567126393142,0.5015367830029351,0.323018163722319,0.3824065537128202,True
Chronos2-COV-LEAN,168,G_BLOCK,4019,0.3663012364178221,0.7834088746225256,0.7260464556016433,0.6861640212163028,1.0174222443393879,1.104802474257186,True
Chronos2-COV-LEAN,168,I&H_BLOCK,4019,0.30694828527206275,1.457066488129688,0.8143803375903096,1.3950728367233758,0.30510077133615326,0.014799661613661544,True
Chronos2-COV-LEAN,168,INFORMATION_CENTRE,4019,0.0157165124467508,0.06524535478290217,1.8232659432898297,1.0914134108436513,0.015349589450111969,0.0006439580251171936,True
Chronos2-COV-LEAN,168,IT_BLOCK,4019,0.06197793295956883,0.12934783267449645,1.0627457521722083,0.801552794764369,0.09161731774073154,0.05842895898944808,True
Chronos2-COV-LEAN,168,ME_WORKSHOP_BLOCK,4019,0.025245263960289404,0.04496979742826482,0.15231878553506686,0.06071418163366486,0.03508584224931575,0.025711718920741575,True
Chronos2-COV-LEAN,168,MM_BLOCK,4019,0.24951397035097594,0.3861376902003498,0.5640126010002029,0.496731514275356,1.1247001741726799,1.1753691113775244,True
Chronos2-COV-LEAN,168,MRD_BLOCK,4019,0.8249103398760861,1.3789084327565848,0.6852737953559562,0.4799335050290801,1.4343468524508582,1.031673087086598,True
Chronos2-COV-LEAN,168,NBX,3998,0.3086446554339367,0.6423348615420028,0.7286997405617429,0.6312972305574341,0.7322611305652826,0.6915345027140822,True
Chronos2-COV-LEAN,168,NEW_BLOCK,4019,0.03563672905657593,0.0654036398926339,0.5154942118771317,0.49112713884641446,0.17475491415775066,0.167783169262621,True
Chronos2-COV-LEAN,168,NEW_BLOCK_RO,4019,0.0004033351551500826,0.0019145067605552354,0.2008476145819206,0.057864460617935515,0.0003732271709380443,3.717669668651674e-05,True
Chronos2-COV-LEAN,168,TECH_PARK,4019,0.17543949886811672,0.33616614917271187,0.5116321361852307,0.3361641549151839,0.39104005971634737,0.4058092019582572,True
Chronos2-COV-XL,6,BE_BLOCK_OHT,142,0.6441651659280482,0.994364276121754,0.679162799485032,0.6221425741160839,1.7737323943661973,1.6924324715641184,True
Chronos2-COV-XL,6,BE_BLOCK_RO,142,0.006048882821915856,0.0104792364573932,0.45839625806752266,0.1685043254340888,0.009788732394366197,0.008186348163011208,True
Chronos2-COV-XL,6,CRICKET_GROUND_OHT,142,0.013675907945496517,0.05308308498341952,0.24221472287986,0.41325588813838704,0.013380281690140848,0.0009362381541917861,True
Chronos2-COV-XL,6,F_BLOCK,142,0.2909310695067258,0.617578881985952,0.4989031188912119,0.5114751467582256,0.6871126760563381,0.5405847789116309,True
Chronos2-COV-XL,6,GJBC_BLOCK_1_A1_BOYS,142,0.06123474285006523,0.08864087592281848,0.4609918667396563,0.4134048272822459,0.15492957746478872,0.14230931922793388,True
Chronos2-COV-XL,6,GJBC_BLOCK_1_A2_GIRLS,142,0.052203067979762256,0.07839632120844847,0.38342951864924835,0.3662710345764108,0.15971830985915494,0.14783513183954736,True
Chronos2-COV-XL,6,GJBC_BLOCK_1_A3,142,0.08623241602744856,0.12135728403190399,0.5117953413580353,0.4422398627928482,0.18105633802816903,0.1582902416481938,True
Chronos2-COV-XL,6,GJBC_BLOCK_1_A4_RO,142,0.006088249598815054,0.03660673878070364,0.10209099593163738,0.18452652855506554,0.0060563380281690145,9.317708248436503e-05,True
Chronos2-COV-XL,6,GJBC_BLOCK_2_A1,142,0.11477378090082761,0.19859626771309552,0.5509929213726683,0.5618612403738189,0.42133802816901406,0.4017032853944201,True
Chronos2-COV-XL,6,GJBC_LAW_BLOCK_3_A4_BOYS,142,0.5694727990325068,0.9167286670773238,0.6880121595863387,0.5723668964356365,1.1424647887323942,1.0764899438535664,True
Chronos2-COV-XL,6,GJBC_LAW_BLOCK_3__A1,139,0.2696573922188162,0.9468177102534762,1.1030563459858242,0.8674801590678147,0.5150359712230216,0.3899321468185178,True
Chronos2-COV-XL,6,GJBC_LAW_BLOCK_3__A2,142,0.19054007493274314,0.40101500423244973,0.446970014276515,0.21957014876742936,0.3630985915492958,0.3814935818524428,True
Chronos2-COV-XL,6,GJBC_LAW_BLOCK_3__A3_GIRLS,142,0.1424665335408399,0.19924120414990207,0.5587618049605054,0.4403641201907959,0.3047887323943662,0.34791279542194287,True
Chronos2-COV-XL,6,G_BLOCK,142,0.34187420347207037,0.5315866907348997,0.6769912741048335,0.46426974397751913,0.9742957746478871,1.070703054607754,True
Chronos2-COV-XL,6,I&H_BLOCK,142,0.4292644394031713,1.5980755967508375,1.130896086465413,1.485728301920704,0.43302816901408453,0.017361813447844814,True
Chronos2-COV-XL,6,INFORMATION_CENTRE,142,0.01438240149438801,0.05990208078442313,1.6629551867217907,0.998074645556054,0.014084507042253521,0.0004912652468807261,True
Chronos2-COV-XL,6,IT_BLOCK,142,0.0638526988076702,0.11819816757875709,1.0887967334424036,0.7293738905071412,0.09190140845070423,0.06751040344349515,True
Chronos2-COV-XL,6,ME_WORKSHOP_BLOCK,142,0.025575459637272528,0.037230557544644105,0.1544086673600387,0.05039644774105794,0.03492957746478873,0.02576447886900163,True
Chronos2-COV-XL,6,MM_BLOCK,142,0.25775768285066314,0.410817551148736,0.5829028723379701,0.5289312149877584,1.0646478873239438,1.179219879314933,True
Chronos2-COV-XL,6,MRD_BLOCK,142,0.6307027958480406,1.2313698555383628,0.523728268219586,0.428896483911134,1.3928873239436619,1.0546321205689873,True
Chronos2-COV-XL,6,NBX,142,0.3472264753764783,0.5844000984013707,0.8184888273423414,0.5683800754259278,0.7847887323943662,0.6958163141364783,True
Chronos2-COV-XL,6,NEW_BLOCK,142,0.03367449246661765,0.06100226880315102,0.48725149683274005,0.45863323718266114,0.17204225352112676,0.16913194135880807,True
Chronos2-COV-XL,6,NEW_BLOCK_RO,142,0.00035997395931651265,0.0016607111555185373,0.17813152992978362,0.049901267373613216,0.00028169014084507044,8.542411616334403e-05,True
Chronos2-COV-XL,6,TECH_PARK,142,0.14233605362579857,0.23489628837913484,0.415365618793572,0.235590341718603,0.3949295774647887,0.4065845968647742,True
Chronos2-COV-XL,12,BE_BLOCK_OHT,286,0.6743266795898651,1.08936062174616,0.7111410419902704,0.6818931627527581,1.8353846153846152,1.6681840603168194,True
Chronos2-COV-XL,12,BE_BLOCK_RO,286,0.007086822213018899,0.01218554156925296,0.5374883095916312,0.19616719794366347,0.010944055944055946,0.009386309289041307,True
Chronos2-COV-XL,12,CRICKET_GROUND_OHT,286,0.011144965831450858,0.04396935757434076,0.1974990643659606,0.3424680482438712,0.010769230769230769,0.0009258345674749438,True
Chronos2-COV-XL,12,F_BLOCK,286,0.3383989944116219,0.6833892724630584,0.580683999215769,0.5670937633636015,0.6956993006993007,0.54796254603596,True
Chronos2-COV-XL,12,GJBC_BLOCK_1_A1_BOYS,286,0.0720589783433434,0.11388763554124263,0.5425108985259427,0.5316686742453391,0.1651048951048951,0.14340780883819074,True
Chronos2-COV-XL,12,GJBC_BLOCK_1_A2_GIRLS,286,0.0692850827816483,0.1264951810857339,0.5091029020202615,0.5922015985949037,0.1715034965034965,0.14542251450198512,True
Chronos2-COV-XL,12,GJBC_BLOCK_1_A3,286,0.09655601398198754,0.1521865016105233,0.573066018228513,0.555175291925975,0.19671328671328672,0.1615732045700917,True
Chronos2-COV-XL,12,GJBC_BLOCK_1_A4_RO,286,0.004851348969012408,0.026205417287452397,0.08139199121673336,0.13210460223917764,0.004825174825174826,8.441680607587829e-05,True
Chronos2-COV-XL,12,GJBC_BLOCK_2_A1,286,0.11146811834998896,0.2010161885379006,0.5352672604793746,0.5686602585773484,0.40248251748251745,0.406147743855323,True
Chronos2-COV-XL,12,GJBC_LAW_BLOCK_3_A4_BOYS,286,0.551937178565072,0.9208814313617996,0.6666694840442058,0.5751127702628351,1.1934965034965035,1.0727651415171322,True
Chronos2-COV-XL,12,GJBC_LAW_BLOCK_3__A1,283,0.3497917708407022,1.331210392478197,1.4242148517114794,1.2156468345531313,0.6009540636042403,0.3991324452966346,True
Chronos2-COV-XL,12,GJBC_LAW_BLOCK_3__A2,286,0.17401729980548777,0.32500106426035097,0.4082289394999362,0.17799987234138237,0.42363636363636364,0.427638437156077,True
Chronos2-COV-XL,12,GJBC_LAW_BLOCK_3__A3_GIRLS,286,0.1460713200510799,0.1993600598877065,0.5731432299886109,0.44107337451862993,0.3105594405594405,0.3517811697471392,True
Chronos2-COV-XL,12,G_BLOCK,286,0.37591287097730836,0.6715401018336532,0.7446675542300981,0.5872259991102032,0.9605244755244755,1.0688770613470278,True
Chronos2-COV-XL,12,I&H_BLOCK,286,0.305994755473587,1.3142830870111177,0.8090421510363514,1.2370272086057856,0.3064685314685314,0.014871402689210184,True
Chronos2-COV-XL,12,INFORMATION_CENTRE,286,0.016790318254094858,0.06734491071734247,1.9166391353711807,1.1202646347821772,0.01646853146853147,0.0004782179969695065,True
Chronos2-COV-XL,12,IT_BLOCK,286,0.05825191909955305,0.10933206200222273,0.9944626137161373,0.6753351851988028,0.08947552447552448,0.06793461695078995,True
Chronos2-COV-XL,12,ME_WORKSHOP_BLOCK,286,0.02537474242748914,0.0450834623988216,0.15322622021318663,0.06074894328558215,0.035419580419580425,0.024437381019750674,True
Chronos2-COV-XL,12,MM_BLOCK,286,0.23675346759649424,0.377893068057493,0.5353114676052586,0.48633957624497065,1.1268881118881118,1.1812779724181115,True
Chronos2-COV-XL,12,MRD_BLOCK,286,0.6861826418746602,1.2562727361250245,0.5701087731725965,0.4377247064662859,1.3086013986013987,1.054929397114507,True
Chronos2-COV-XL,12,NBX,286,0.3375271987164771,0.614976620529275,0.7968035113922954,0.6024670009303645,0.786923076923077,0.6933261429096436,True
Chronos2-COV-XL,12,NEW_BLOCK,286,0.03458459470134515,0.06379211879684701,0.5006114954532208,0.4797385275720339,0.1729020979020979,0.1694717561187861,True
Chronos2-COV-XL,12,NEW_BLOCK_RO,286,0.0005178573501289829,0.002107099198789039,0.2581035549652192,0.0636998169412344,0.00045454545454545455,7.478995948795464e-05,True
Chronos2-COV-XL,12,TECH_PARK,286,0.1558131087534911,0.27130249751166813,0.4547024819773983,0.2727310131522652,0.3816083916083916,0.40360307745583407,True
Chronos2-COV-XL,24,BE_BLOCK_OHT,564,0.7132452180115043,1.2239607484062482,0.7523060136624594,0.7663608213694443,1.9401241134751774,1.6314898014914059,True
Chronos2-COV-XL,24,BE_BLOCK_RO,564,0.00783223675167624,0.01438516379039847,0.5930019672433475,0.23037746941789283,0.01148936170212766,0.008223553353273277,True
Chronos2-COV-XL,24,CRICKET_GROUND_OHT,564,0.008782792392233056,0.03445898991678581,0.155681257850908,0.26834921713213106,0.008421985815602837,0.0008092819339866545,True
Chronos2-COV-XL,24,F_BLOCK,564,0.364112695210369,0.8230988957280688,0.6246019140862645,0.6833126206603665,0.709822695035461,0.5343413503034741,True
Chronos2-COV-XL,24,GJBC_BLOCK_1_A1_BOYS,564,0.07752087333523636,0.11419643912483492,0.5833916051928555,0.5324439236890779,0.15852836879432625,0.1449025442150045,True
Chronos2-COV-XL,24,GJBC_BLOCK_1_A2_GIRLS,564,0.07401619006555976,0.11857311506920372,0.5436104642235032,0.5542925604706519,0.1647340425531915,0.1432990759135561,True
Chronos2-COV-XL,24,GJBC_BLOCK_1_A3,564,0.09825621023298578,0.14552321910694788,0.5828785150181599,0.5302279624724954,0.1895390070921986,0.1649099340437786,True
Chronos2-COV-XL,24,GJBC_BLOCK_1_A4_RO,564,0.004030817366231576,0.019084672159654766,0.06759273769938817,0.09620715168061386,0.0040070921985815595,8.613275032133815e-05,True
Chronos2-COV-XL,24,GJBC_BLOCK_2_A1,564,0.11824038073526208,0.20894533708637816,0.5674834324340435,0.5908493477231154,0.4049468085106383,0.40106565610948186,True
Chronos2-COV-XL,24,GJBC_LAW_BLOCK_3_A4_BOYS,564,0.5843954079286426,0.9702262632593817,0.7057280740394479,0.6057138156176236,1.280709219858156,1.1032642269810886,True
Chronos2-COV-XL,24,GJBC_LAW_BLOCK_3__A1,561,0.37182889631831495,1.4207139312853139,1.506759081618848,1.2900528205473718,0.6260071301247772,0.3988509571541652,True
Chronos2-COV-XL,24,GJBC_LAW_BLOCK_3__A2,564,0.17500351969654682,0.33635681178051413,0.4098476523295437,0.18362810528249665,0.4324468085106383,0.46686722116267426,True
Chronos2-COV-XL,24,GJBC_LAW_BLOCK_3__A3_GIRLS,564,0.14837360788427348,0.20550975580606845,0.5817676057422121,0.4538555145410084,0.3408333333333334,0.37357477106629533,True
Chronos2-COV-XL,24,G_BLOCK,564,0.3485379506552473,0.7671694528836771,0.6907792011292637,0.6728314998312905,1.0315248226950353,1.0804851590952975,True
Chronos2-COV-XL,24,I&H_BLOCK,564,0.3143759712185843,1.4859185324512043,0.833386074454008,1.41468611635949,0.3141134751773049,0.012566651039301081,True
Chronos2-COV-XL,24,INFORMATION_CENTRE,564,0.017618297121606452,0.07091784130459228,2.05431485414511,1.1891676174945653,0.017304964539007095,0.0005824385113446108,True
Chronos2-COV-XL,24,IT_BLOCK,564,0.06329048471604572,0.12880617745407769,1.0836260561279019,0.7974076100933943,0.09443262411347518,0.06468230325081353,True
Chronos2-COV-XL,24,ME_WORKSHOP_BLOCK,564,0.026582892806341886,0.0501409192669663,0.1603982900633922,0.0676772637249554,0.037429078014184394,0.023721609984570784,True
Chronos2-COV-XL,24,MM_BLOCK,564,0.23742966966003393,0.3697840515889931,0.5367655169001165,0.4757593771764771,1.1443617021276598,1.182960350145685,True
Chronos2-COV-XL,24,MRD_BLOCK,564,0.7341628942295169,1.2966511460471866,0.6099429811246051,0.45126180063910537,1.388758865248227,1.0612126141786575,True
Chronos2-COV-XL,24,NBX,561,0.35149108437505844,0.8827588041156683,0.829893870198353,0.8683982593593287,0.8031729055258466,0.6894688905879138,True
Chronos2-COV-XL,24,NEW_BLOCK,564,0.035904352409197086,0.06500101732129886,0.519352076643129,0.4881709665364112,0.17489361702127657,0.16792244017652586,True
Chronos2-COV-XL,24,NEW_BLOCK_RO,564,0.0004355678779522208,0.001953031620466103,0.2169016843862021,0.05901961680201381,0.0003900709219858156,5.473795178485043e-05,True
Chronos2-COV-XL,24,TECH_PARK,564,0.17497187835527653,0.333131152376547,0.5102870743365587,0.3333826725620822,0.40037234042553194,0.4007995747928078,True
Chronos2-COV-XL,48,BE_BLOCK_OHT,1139,0.7296920766926733,1.230890213136885,0.7696843031232289,0.7706860844482718,1.935873573309921,1.5891461427322702,True
Chronos2-COV-XL,48,BE_BLOCK_RO,1139,0.007952447927117846,0.014714519341984707,0.6021163787273082,0.23561365247977,0.01141352063213345,0.00807703337390908,True
Chronos2-COV-XL,48,CRICKET_GROUND_OHT,1139,0.00905297132246556,0.03474716780528568,0.16055410594870242,0.270584899303535,0.008674275680421421,0.0008460765105980441,True
Chronos2-COV-XL,48,F_BLOCK,1139,0.3709749484794824,0.8366847141114171,0.6363683865891571,0.6945596287916506,0.716865671641791,0.5252749515375199,True
Chronos2-COV-XL,48,GJBC_BLOCK_1_A1_BOYS,1139,0.0798917814306882,0.11570221299780768,0.601147136266935,0.5393203877022235,0.15848990342405617,0.14526149811087416,True
Chronos2-COV-XL,48,GJBC_BLOCK_1_A2_GIRLS,1139,0.07625286691015074,0.11983367116148994,0.5599609879636628,0.5600342480823055,0.16414398595259,0.1422726332068548,True
Chronos2-COV-XL,48,GJBC_BLOCK_1_A3,1139,0.10059613161986077,0.1470488132794663,0.596662715218052,0.5356297746813117,0.18919227392449517,0.1657711016218635,True
Chronos2-COV-XL,48,GJBC_BLOCK_1_A4_RO,1139,0.004010107461948731,0.01900504008719451,0.06724051221574306,0.09576359558607857,0.00398595258999122,8.963432493235318e-05,True
Chronos2-COV-XL,48,GJBC_BLOCK_2_A1,1138,0.11792023506702987,0.21006750724338422,0.5659604680553372,0.5941002948921639,0.4074692442882249,0.4073453361859221,True
Chronos2-COV-XL,48,GJBC_LAW_BLOCK_3_A4_BOYS,1139,0.587991897664225,0.9747966648963959,0.7100550916036139,0.6085542399282725,1.2830465320456539,1.107740700820541,True
Chronos2-COV-XL,48,GJBC_LAW_BLOCK_3__A1,1133,0.3829618788133757,1.4401018068216511,1.5532369279956038,1.3091692540069133,0.6342365401588703,0.39321533429443783,True
Chronos2-COV-XL,48,GJBC_LAW_BLOCK_3__A2,1139,0.17784174794790725,0.3421573457715554,0.41642417413690097,0.18670442331681872,0.4311676909569798,0.4722084813310558,True
Chronos2-COV-XL,48,GJBC_LAW_BLOCK_3__A3_GIRLS,1139,0.1535356056454728,0.2098428350712619,0.601954910259802,0.4633381335066246,0.33749780509218613,0.37903802884420457,True
Chronos2-COV-XL,48,G_BLOCK,1139,0.3512643400287293,0.7650719290316547,0.6962185912869245,0.670866510368156,1.0233450395083408,1.0930429192307332,True
Chronos2-COV-XL,48,I&H_BLOCK,1139,0.31316637011501636,1.5127402860757366,0.8299372274188607,1.438979946304102,0.3123090430201932,0.012286454295253837,True
Chronos2-COV-XL,48,INFORMATION_CENTRE,1139,0.017701699642286264,0.07045604195524735,2.0633311089773243,1.1810439451230736,0.017383669885864792,0.0006531568896597786,True
Chronos2-COV-XL,48,IT_BLOCK,1139,0.06302870563103036,0.12894501669209946,1.0796154460877059,0.7985067400854476,0.09395083406496928,0.06314372933118934,True
Chronos2-COV-XL,48,ME_WORKSHOP_BLOCK,1139,0.025969783029763504,0.04773009012990558,0.15673616921270594,0.06447610622259055,0.036523266022827044,0.024024827822820463,True
Chronos2-COV-XL,48,MM_BLOCK,1139,0.2435665769551907,0.3778295500171641,0.5505895952139632,0.4860503612209512,1.1396049165935032,1.1831358155207847,True
Chronos2-COV-XL,48,MRD_BLOCK,1139,0.7842680566220874,1.3483504327677875,0.6516625652725309,0.46927214320595756,1.4137137840210712,1.0583980462863007,True
Chronos2-COV-XL,48,NBX,1133,0.3417543868300984,0.8607419932628836,0.8070584950208755,0.8474996965837984,0.7871138570167696,0.6916266252325366,True
Chronos2-COV-XL,48,NEW_BLOCK,1139,0.03578940808616048,0.06498763861832528,0.5176679826259313,0.4880326903365157,0.17575065847234417,0.16793453938035824,True
Chronos2-COV-XL,48,NEW_BLOCK_RO,1139,0.0004105433644121799,0.0019485179856850035,0.20442471126791498,0.058879984767145864,0.00038630377524143984,3.11855078144187e-05,True
Chronos2-COV-XL,48,TECH_PARK,1139,0.17824172809209815,0.3366007580126062,0.5198391242304307,0.33687166588663875,0.4035557506584723,0.40673923918926685,True
Chronos2-COV-XL,72,BE_BLOCK_OHT,1715,0.7249199833397267,1.202767773651755,0.7646292954941697,0.7529167618740052,1.9161574344023324,1.56866296821711,True
Chronos2-COV-XL,72,BE_BLOCK_RO,1715,0.00791580386816065,0.01443885262493809,0.5993554860383621,0.23136704811036873,0.01113119533527697,0.007521954945589988,True
Chronos2-COV-XL,72,CRICKET_GROUND_OHT,1715,0.00952210304227932,0.0354407883409688,0.16907490084165294,0.2761075267742769,0.00917201166180758,0.0008139605576894722,True
Chronos2-COV-XL,72,F_BLOCK,1715,0.3748417821479608,0.842806369391088,0.6429562285257694,0.6995187770020976,0.7209271137026239,0.5229515572852366,True
Chronos2-COV-XL,72,GJBC_BLOCK_1_A1_BOYS,1715,0.08056090982384308,0.1166969047869531,0.6061474672056865,0.5439063751795931,0.158600583090379,0.14463426644531005,True
Chronos2-COV-XL,72,GJBC_BLOCK_1_A2_GIRLS,1715,0.07733474141654745,0.12103588664499695,0.567881347609504,0.565581217638068,0.16416909620991255,0.14102244595223196,True
Chronos2-COV-XL,72,GJBC_BLOCK_1_A3,1715,0.10191604244413599,0.1488243185000393,0.6044540485453891,0.5420349341913866,0.18946938775510205,0.16533889280029357,True
Chronos2-COV-XL,72,GJBC_BLOCK_1_A4_RO,1715,0.004273665852639037,0.021637107802895062,0.07162252514225588,0.10891690189168941,0.0042507288629737615,8.266952104999551e-05,True
Chronos2-COV-XL,72,GJBC_BLOCK_2_A1,1713,0.11882957352509084,0.2104360121417999,0.570288141160149,0.5951145445479374,0.405563339171045,0.4029632848532521,True
Chronos2-COV-XL,72,GJBC_LAW_BLOCK_3_A4_BOYS,1715,0.5946220766559633,0.9820523050916361,0.7180648854257462,0.6130973668249547,1.2839475218658893,1.106272891763348,True
Chronos2-COV-XL,72,GJBC_LAW_BLOCK_3__A1,1706,0.3812150108185351,1.4353504904048353,1.5462033994042181,1.305465926599804,0.6290328253223916,0.3930263610825309,True
Chronos2-COV-XL,72,GJBC_LAW_BLOCK_3__A2,1715,0.18379809041899078,0.3497788987196842,0.4303225738314625,0.19083289156607028,0.427399416909621,0.471097605569022,True
Chronos2-COV-XL,72,GJBC_LAW_BLOCK_3__A3_GIRLS,1715,0.15705657554194116,0.2137081040808942,0.615697174412209,0.4718099758731425,0.3349037900874635,0.38196958184416024,True
Chronos2-COV-XL,72,G_BLOCK,1715,0.35880172471610866,0.769202757811178,0.7111258704946811,0.6742983493960907,1.0166763848396503,1.09096716899566,True
Chronos2-COV-XL,72,I&H_BLOCK,1715,0.29986237897574036,1.4761775297228625,0.7950572399346986,1.4083019865965996,0.29879883381924194,0.010905751290543782,True
Chronos2-COV-XL,72,INFORMATION_CENTRE,1715,0.017561738446593807,0.07011590553241683,2.045544669100307,1.1746817751941916,0.017247813411078717,0.0006230866118353241,True
Chronos2-COV-XL,72,IT_BLOCK,1715,0.06295923168370744,0.13004661934137562,1.0786794404895836,0.8054705829169198,0.09289795918367347,0.0616498271117405,True
Chronos2-COV-XL,72,ME_WORKSHOP_BLOCK,1715,0.025752419645949633,0.04686712400191109,0.15541804608059798,0.06331481908346308,0.0361399416909621,0.023935028356730764,True
Chronos2-COV-XL,72,MM_BLOCK,1715,0.24362052316776867,0.3767140303532783,0.5506925774857373,0.48461381410899906,1.136932944606414,1.1813941638254215,True
Chronos2-COV-XL,72,MRD_BLOCK,1715,0.8066453525568236,1.3636010524591982,0.6702706528839355,0.4747040253296439,1.4237551020408161,1.0415180958047205,True
Chronos2-COV-XL,72,NBX,1706,0.3340278255757805,0.8444698918167356,0.7888567458023267,0.8319501819742751,0.7730070339976554,0.6928714471852794,True
Chronos2-COV-XL,72,NEW_BLOCK,1715,0.036020707746462634,0.06503566784230844,0.5209698218051254,0.4883079059022206,0.17590087463556853,0.16708340360280724,True
Chronos2-COV-XL,72,NEW_BLOCK_RO,1715,0.0003934167683431363,0.0019350575012031313,0.19583199115168556,0.05846061520342055,0.00037900874635568517,1.914325369109261e-05,True
Chronos2-COV-XL,72,TECH_PARK,1715,0.17840224069443805,0.3370004423692078,0.5202957879613574,0.33717118880858066,0.40137609329446067,0.4017918560751673,True
Chronos2-COV-XL,168,BE_BLOCK_OHT,4019,0.7210092360548013,1.1803471663615368,0.7604834830765161,0.7388152290307959,1.8786290121920877,1.5242719288399103,True
Chronos2-COV-XL,168,BE_BLOCK_RO,4019,0.008131271866230147,0.014428724678245207,0.6155119994737958,0.23123987561164705,0.01094302065190346,0.006670418652629609,True
Chronos2-COV-XL,168,CRICKET_GROUND_OHT,4019,0.00897655701457075,0.03197276398335447,0.15967983157719456,0.24932610162223848,0.008621547648668822,0.000876337761612311,True
Chronos2-COV-XL,168,F_BLOCK,4019,0.35536437542380966,0.7609887271540358,0.609481542855018,0.6312344160718043,0.712963423737248,0.51712549394949,True
Chronos2-COV-XL,168,GJBC_BLOCK_1_A1_BOYS,4019,0.08296471806560532,0.1196671609721679,0.6241406448885898,0.5575378489522742,0.15860413038069174,0.14489101651897476,True
Chronos2-COV-XL,168,GJBC_BLOCK_1_A2_GIRLS,4019,0.08061016065040967,0.12467054166270197,0.5918279630653905,0.5822354227524426,0.16429957700920625,0.1402259781144691,True
Chronos2-COV-XL,168,GJBC_BLOCK_1_A3,4019,0.10419252011358633,0.15160050145978982,0.6178284195992012,0.5518794373370798,0.18890768847972134,0.16528675499789067,True
Chronos2-COV-XL,168,GJBC_BLOCK_1_A4_RO,4019,0.004181133896537318,0.020154967630524222,0.07001785638980113,0.10126566665582781,0.0041602388653894,7.435733007344052e-05,True
Chronos2-COV-XL,168,GJBC_BLOCK_2_A1,4013,0.12025620213788908,0.2128071935798221,0.5770898890336165,0.6017571187867962,0.3998504859207575,0.3983769064684209,True
Chronos2-COV-XL,168,GJBC_LAW_BLOCK_3_A4_BOYS,4019,0.6106315607447979,0.9961293710527384,0.7374334141160818,0.6218450473526168,1.2819656631002738,1.0964248835462098,True
Chronos2-COV-XL,168,GJBC_LAW_BLOCK_3__A1,3995,0.4116139094055221,1.5728002305265574,1.6699125146712,1.4294592832619448,0.6534518147684606,0.3896402613354266,True
Chronos2-COV-XL,168,GJBC_LAW_BLOCK_3__A2,4019,0.19222156721105857,0.3709974187086559,0.44976769884392387,0.20215297095275098,0.41123413784523516,0.4724421407800315,True
Chronos2-COV-XL,168,GJBC_LAW_BLOCK_3__A3_GIRLS,4019,0.16739867738302325,0.2292390665558337,0.6560015543183622,0.5057375813578607,0.323018163722319,0.39089218167619166,True
Chronos2-COV-XL,168,G_BLOCK,4019,0.3677799039083976,0.7823490690655369,0.7289799790110826,0.6852463213433154,1.0174222443393879,1.0943471833852192,True
Chronos2-COV-XL,168,I&H_BLOCK,4019,0.30632279965942194,1.4577386782529729,0.8127332735655285,1.3957020772506952,0.30510077133615326,0.010719600832263579,True
Chronos2-COV-XL,168,INFORMATION_CENTRE,4019,0.01570617511863379,0.06524239468039919,1.822190158319793,1.0913574984116088,0.015349589450111969,0.0006396106993962607,True
Chronos2-COV-XL,168,IT_BLOCK,4019,0.061775722920516446,0.12905263574965573,1.0592621993964024,0.7997363915544398,0.09161731774073154,0.05941716771601563,True
Chronos2-COV-XL,168,ME_WORKSHOP_BLOCK,4019,0.025326449258406384,0.045239178535761405,0.15280482121472605,0.0610779777125204,0.03508584224931575,0.02457384389560298,True
Chronos2-COV-XL,168,MM_BLOCK,4019,0.25122357364197995,0.38687742556711574,0.5678736884633039,0.4976768931022598,1.1247001741726799,1.1778525016473342,True
Chronos2-COV-XL,168,MRD_BLOCK,4019,0.8193783822970829,1.3718061818456695,0.6806900768098593,0.47744654609570536,1.4343468524508582,1.0254967605246035,True
Chronos2-COV-XL,168,NBX,3998,0.3084230274683598,0.6426244837110994,0.7281750360880913,0.6315898892988385,0.7322611305652826,0.6906124414012336,True
Chronos2-COV-XL,168,NEW_BLOCK,4019,0.03607447593862899,0.06575426367747812,0.5218098437310802,0.49374188720364376,0.17475491415775066,0.16624558875144907,True
Chronos2-COV-XL,168,NEW_BLOCK_RO,4019,0.0003772402932823611,0.0019268988461418456,0.1878687537489146,0.05823852291394939,0.0003732271709380443,5.992873689184314e-06,True
Chronos2-COV-XL,168,TECH_PARK,4019,0.17361920932419536,0.33072462152257504,0.5063205434080711,0.3307081624329237,0.39104005971634737,0.3971184786500905,True
Chronos2-COV,6,BE_BLOCK_OHT,142,0.6490460810023294,1.000541240036065,0.6843173419057601,0.6260049362285288,1.7737323943661973,1.6832722454843387,True
Chronos2-COV,6,BE_BLOCK_RO,142,0.005985072617169837,0.010402759003035889,0.4535822112673272,0.16730142184780136,0.009788732394366197,0.008517389120140545,True
Chronos2-COV,6,CRICKET_GROUND_OHT,142,0.013716778302119235,0.05307719294596939,0.2429483759696354,0.4132081776813965,0.013380281690140848,0.0010310879016531185,True
Chronos2-COV,6,F_BLOCK,142,0.28099066823301183,0.6048779645970345,0.481860152257068,0.500963659473552,0.6871126760563381,0.5497918385015407,True
Chronos2-COV,6,GJBC_BLOCK_1_A1_BOYS,142,0.06150949273940543,0.08876827207297763,0.46305168822760223,0.41399818430542473,0.15492957746478872,0.1430811437607651,True
Chronos2-COV,6,GJBC_BLOCK_1_A2_GIRLS,142,0.05289095938205719,0.07895501056579457,0.38848208115026134,0.36887034214018605,0.15971830985915494,0.1488280027685031,True
Chronos2-COV,6,GJBC_BLOCK_1_A3,142,0.08848363414196903,0.12473231949126645,0.5251632987361002,0.4545038980528303,0.18105633802816903,0.15985459928781215,True
Chronos2-COV,6,GJBC_BLOCK_1_A4_RO,142,0.00609131774737198,0.036607479922436854,0.1021442663138614,0.18453006411036393,0.0060563380281690145,9.337959001103127e-05,True
Chronos2-COV,6,GJBC_BLOCK_2_A1,142,0.11632733937720179,0.20445005733767296,0.5584530276434169,0.5784256419327329,0.42133802816901406,0.40576755874593495,True
Chronos2-COV,6,GJBC_LAW_BLOCK_3_A4_BOYS,142,0.5692211351764034,0.918359324306683,0.6877271307052849,0.5733826093912016,1.1424647887323942,1.0856264128651418,True
Chronos2-COV,6,GJBC_LAW_BLOCK_3__A1,139,0.2692711548324969,0.9480249325965189,1.1014932490098248,0.8685842309336081,0.5150359712230216,0.38670175967456627,True
Chronos2-COV,6,GJBC_LAW_BLOCK_3__A2,142,0.19098345940381709,0.4119540599089378,0.4480183336677441,0.22556790044305222,0.3630985915492958,0.3919700264510974,True
Chronos2-COV,6,GJBC_LAW_BLOCK_3__A3_GIRLS,142,0.14186750554282904,0.1921486303724166,0.5563907958455272,0.42463306331232253,0.3047887323943662,0.345066652646367,True
Chronos2-COV,6,G_BLOCK,142,0.3402229169556793,0.5332808600307003,0.6737072587031722,0.4657096874851872,0.9742957746478871,1.0679392566983128,True
Chronos2-COV,6,I&H_BLOCK,142,0.43048170875495595,1.5993412529384703,1.1341051085326563,1.4869078748101177,0.43302816901408453,0.016748989971590713,True
Chronos2-COV,6,INFORMATION_CENTRE,142,0.014365162405277222,0.059899590171595136,1.6608644619854744,0.9980327680230564,0.014084507042253521,0.0004969431598946242,True
Chronos2-COV,6,IT_BLOCK,142,0.0649948500516549,0.11839845804064596,1.108323275675789,0.7305618841682807,0.09190140845070423,0.06869586662087641,True
Chronos2-COV,6,ME_WORKSHOP_BLOCK,142,0.025652652710256442,0.037385323496717915,0.15487948775949759,0.05060835477698994,0.03492957746478873,0.026200242078220342,True
Chronos2-COV,6,MM_BLOCK,142,0.26167575574257007,0.4092916656585962,0.591708294262433,0.526929127836971,1.0646478873239438,1.1763713124772193,True
Chronos2-COV,6,MRD_BLOCK,142,0.6287041939312303,1.2111961498551411,0.5220497146749545,0.4218828572385086,1.3928873239436619,1.0651931456277068,True
Chronos2-COV,6,NBX,142,0.3466952821570382,0.5805754094564733,0.8172208561714259,0.5646667901314955,0.7847887323943662,0.7017203229413905,True
Chronos2-COV,6,NEW_BLOCK,142,0.03348124649952835,0.060165579017897604,0.48442968815095794,0.4523041134830292,0.17204225352112676,0.16895438641519614,True
Chronos2-COV,6,NEW_BLOCK_RO,142,0.0003836287841246739,0.001656845362418414,0.18992507886477933,0.049785362670577364,0.00028169014084507044,0.00011084432193917603,True
Chronos2-COV,6,TECH_PARK,142,0.1411890405542414,0.23339096428942993,0.4120217288893614,0.2340870247603191,0.3949295774647887,0.40919009910922655,True
Chronos2-COV,12,BE_BLOCK_OHT,286,0.6818307251029915,1.0925071729036353,0.7190485248624668,0.6838485102106067,1.8353846153846152,1.6522865162029132,True
Chronos2-COV,12,BE_BLOCK_RO,286,0.007066798928239336,0.012187951010584145,0.5359802538392723,0.19617738015294625,0.010944055944055946,0.009730782740834084,True
Chronos2-COV,12,CRICKET_GROUND_OHT,286,0.01118511546676705,0.04396378901748745,0.19822330826676446,0.34242279489533567,0.010769230769230769,0.0010042147665330163,True
Chronos2-COV,12,F_BLOCK,286,0.3335192367038527,0.6758515157892683,0.5723137104580169,0.5608560992593593,0.6956993006993007,0.5573412326874433,True
Chronos2-COV,12,GJBC_BLOCK_1_A1_BOYS,286,0.07218054149951135,0.11413486242751786,0.5434169193956065,0.5328176786323169,0.1651048951048951,0.14361507617510283,True
Chronos2-COV,12,GJBC_BLOCK_1_A2_GIRLS,286,0.06957516279149722,0.1267584065653891,0.5112320505975647,0.5934302968117696,0.1715034965034965,0.1464579003517861,True
Chronos2-COV,12,GJBC_BLOCK_1_A3,286,0.09757035391522453,0.15419305083180573,0.579083957560611,0.56247226838256,0.19671328671328672,0.16327034900863688,True
Chronos2-COV,12,GJBC_BLOCK_1_A4_RO,286,0.004851501572708652,0.026204854980575988,0.08139596712970784,0.1321015404471948,0.004825174825174826,8.759587049448433e-05,True
Chronos2-COV,12,GJBC_BLOCK_2_A1,286,0.11154966939370949,0.2022443144235424,0.5356652958094201,0.5721470032016722,0.40248251748251745,0.40771341412425877,True
Chronos2-COV,12,GJBC_LAW_BLOCK_3_A4_BOYS,286,0.5523963439881384,0.924960831310596,0.667238933383623,0.5776597426619892,1.1934965034965035,1.0754964847664732,True
Chronos2-COV,12,GJBC_LAW_BLOCK_3__A1,283,0.35091002550647454,1.3321454155660304,1.4287606306739618,1.216518312046713,0.6009540636042403,0.3967415921047804,True
Chronos2-COV,12,GJBC_LAW_BLOCK_3__A2,286,0.1716062632515714,0.3287924437916251,0.40261157457455615,0.18008086730801234,0.42363636363636364,0.4343788612347383,True
Chronos2-COV,12,GJBC_LAW_BLOCK_3__A3_GIRLS,286,0.1449154189395738,0.1937319909238553,0.5686036776768233,0.4286020360105148,0.3105594405594405,0.34578949791359737,True
Chronos2-COV,12,G_BLOCK,286,0.37529673939401453,0.6691262087787287,0.7434188990556194,0.5850679050782729,0.9605244755244755,1.0643996903737942,True
Chronos2-COV,12,I&H_BLOCK,286,0.3067175250870364,1.3151911047784879,0.8109474457973305,1.2378384523132184,0.3064685314685314,0.014752569106908945,True
Chronos2-COV,12,INFORMATION_CENTRE,286,0.016787693200932517,0.06734149316244277,1.9163046773916412,1.1202075225698633,0.01646853146853147,0.0004826171349708017,True
Chronos2-COV,12,IT_BLOCK,286,0.058907241818944474,0.10937646210104322,1.0057685650579107,0.6756211618156553,0.08947552447552448,0.06814245256380393,True
Chronos2-COV,12,ME_WORKSHOP_BLOCK,286,0.025489252779137835,0.045174496232860184,0.1539125559125294,0.060871754939844924,0.035419580419580425,0.024836921152639222,True
Chronos2-COV,12,MM_BLOCK,286,0.24166302124103464,0.3793273132729094,0.546390213789933,0.4881856562913775,1.1268881118881118,1.1797143312600942,True
Chronos2-COV,12,MRD_BLOCK,286,0.6808259830858324,1.233425635198774,0.5656410117070884,0.42976665078764165,1.3086013986013987,1.064236622798693,True
Chronos2-COV,12,NBX,286,0.33775815674058207,0.6140055050289883,0.7973349864484585,0.6015398315636814,0.786923076923077,0.6958175256744131,True
Chronos2-COV,12,NEW_BLOCK,286,0.03443270091097672,0.06310862268280049,0.4984028614543578,0.47456875642857715,0.1729020979020979,0.16987219460673267,True
Chronos2-COV,12,NEW_BLOCK_RO,286,0.0005392255825137107,0.002103302839924153,0.2687547940138612,0.06358515767722807,0.00045454545454545455,9.814444241452624e-05,True
Chronos2-COV,12,TECH_PARK,286,0.1546009588825119,0.27369373618237613,0.4511700095927897,0.27517431735590225,0.3816083916083916,0.409479066208526,True
Chronos2-COV,24,BE_BLOCK_OHT,564,0.7193086964061074,1.232034049626254,0.7586929066454273,0.7714059061784027,1.9401241134751774,1.6202506960917873,True
Chronos2-COV,24,BE_BLOCK_RO,564,0.007753883293823254,0.01406407747681984,0.5870886269658233,0.2252962535552047,0.01148936170212766,0.008797295327159636,True
Chronos2-COV,24,CRICKET_GROUND_OHT,564,0.008818475828433396,0.03444743813041901,0.15632305375413635,0.268257736311687,0.008421985815602837,0.0008879497610957276,True
Chronos2-COV,24,F_BLOCK,564,0.3636081043033735,0.8241988359765317,0.6237379427106081,0.6842569026019905,0.709822695035461,0.541557807237544,True
Chronos2-COV,24,GJBC_BLOCK_1_A1_BOYS,564,0.07762857984355155,0.11455128709449701,0.5841963997702712,0.5340920665350379,0.15852836879432625,0.1449908586945517,True
Chronos2-COV,24,GJBC_BLOCK_1_A2_GIRLS,564,0.0740926312470267,0.11872140083497607,0.5441719923951279,0.5549908999445309,0.1647340425531915,0.14402497197825012,True
Chronos2-COV,24,GJBC_BLOCK_1_A3,564,0.09951407923131969,0.14724237518386574,0.5903316391965628,0.5364824768950005,0.1895390070921986,0.16524172294224407,True
Chronos2-COV,24,GJBC_BLOCK_1_A4_RO,564,0.004031621556669631,0.019085328536666307,0.06760742439709984,0.09621008484268924,0.0040070921985815595,8.519852768418425e-05,True
Chronos2-COV,24,GJBC_BLOCK_2_A1,564,0.11700584341976658,0.208398586054256,0.5615640480680012,0.5893105192477958,0.4049468085106383,0.40107195541685353,True
Chronos2-COV,24,GJBC_LAW_BLOCK_3_A4_BOYS,564,0.5836043287845368,0.9708570122853395,0.7047791581824033,0.6061050983221223,1.280709219858156,1.1011002173660496,True
Chronos2-COV,24,GJBC_LAW_BLOCK_3__A1,561,0.37199725410730017,1.420554666447024,1.507446301805284,1.2899374600024154,0.6260071301247772,0.397854345739419,True
Chronos2-COV,24,GJBC_LAW_BLOCK_3__A2,564,0.17616794210799197,0.3512873561717721,0.4125792342601857,0.1917639166383542,0.4324468085106383,0.47335593740568094,True
Chronos2-COV,24,GJBC_LAW_BLOCK_3__A3_GIRLS,564,0.14686485385535458,0.20215569526122196,0.575862138227351,0.44641826066622403,0.3408333333333334,0.36784831447698546,True
Chronos2-COV,24,G_BLOCK,564,0.34633434815821074,0.7666358525405462,0.6864157530186263,0.6723578987573031,1.0315248226950353,1.0818479989543028,True
Chronos2-COV,24,I&H_BLOCK,564,0.31484870083894295,1.486000939829947,0.8346347878477779,1.4147442270221278,0.3141134751773049,0.01356041560887445,True
Chronos2-COV,24,INFORMATION_CENTRE,564,0.01762609862834744,0.07093251895815829,2.0552959398125927,1.1894167597161704,0.017304964539007095,0.000595699632474294,True
Chronos2-COV,24,IT_BLOCK,564,0.06403854311173054,0.12993744350390113,1.096492435643231,0.8044206499208255,0.09443262411347518,0.06424758429407862,True
Chronos2-COV,24,ME_WORKSHOP_BLOCK,564,0.02655879474145935,0.050003216698721084,0.16025083948409605,0.0674903029734645,0.037429078014184394,0.024144952964856692,True
Chronos2-COV,24,MM_BLOCK,564,0.23820447440265766,0.3695069126012149,0.5385115342553476,0.47540517346506866,1.1443617021276598,1.1835653457447146,True
Chronos2-COV,24,MRD_BLOCK,564,0.7322573784606675,1.2846194423804849,0.6083337401263048,0.4470547525718405,1.388758865248227,1.0701734113989148,True
Chronos2-COV,24,NBX,561,0.3503840623118661,0.8805174828813742,0.827282815912408,0.8662278445384016,0.8031729055258466,0.6924368958528454,True
Chronos2-COV,24,NEW_BLOCK,564,0.035575288402061936,0.06441946076777096,0.5145857570453007,0.4837923051994435,0.17489361702127657,0.1682518243736832,True
Chronos2-COV,24,NEW_BLOCK_RO,564,0.00046349422393345224,0.001948251714468205,0.23081113518517005,0.05887530881893494,0.0003900709219858156,8.498348025497749e-05,True
Chronos2-COV,24,TECH_PARK,564,0.1756014341506975,0.3361356346961427,0.5121260462292859,0.3364356616611739,0.40037234042553194,0.4053919400147935,True
Chronos2-COV,48,BE_BLOCK_OHT,1139,0.7361672617888848,1.2395515717308077,0.7765113056583993,0.7761037217670448,1.935873573309921,1.5818999110344107,True
Chronos2-COV,48,BE_BLOCK_RO,1139,0.007929635390989268,0.01451402516382758,0.600395637935194,0.2324531052620017,0.01141352063213345,0.008508826964522554,True
Chronos2-COV,48,CRICKET_GROUND_OHT,1139,0.009078562245871854,0.034740440185029496,0.16101220531839489,0.2705315691804139,0.008674275680421421,0.0008930362960531379,True
Chronos2-COV,48,F_BLOCK,1139,0.37170622269661413,0.8383680571956277,0.6376208107487256,0.695965342535806,0.716865671641791,0.5292789602195934,True
Chronos2-COV,48,GJBC_BLOCK_1_A1_BOYS,1139,0.07998091718834466,0.11601535676640821,0.6018111343136977,0.5407698180537338,0.15848990342405617,0.1455208546399442,True
Chronos2-COV,48,GJBC_BLOCK_1_A2_GIRLS,1139,0.07623564970163632,0.11988685544892033,0.5598336862676874,0.5602827028033853,0.16414398595259,0.14309548330186647,True
Chronos2-COV,48,GJBC_BLOCK_1_A3,1139,0.10159481400429313,0.14814629904923762,0.602571855966096,0.5396162651263547,0.18919227392449517,0.1658131474787672,True
Chronos2-COV,48,GJBC_BLOCK_1_A4_RO,1139,0.004009679635129975,0.019004883609633365,0.06723465272046762,0.09576238646163583,0.00398595258999122,8.938814419046979e-05,True
Chronos2-COV,48,GJBC_BLOCK_2_A1,1138,0.11718657447866482,0.20950037341946867,0.5624444686414406,0.5925014671391688,0.4074692442882249,0.40638061817113463,True
Chronos2-COV,48,GJBC_LAW_BLOCK_3_A4_BOYS,1139,0.5878496302922008,0.9742986766011418,0.7098896442450288,0.6082388641196687,1.2830465320456539,1.1044584167328082,True
Chronos2-COV,48,GJBC_LAW_BLOCK_3__A1,1133,0.3834774782867002,1.4397212422704058,1.5553154683179518,1.3088528381452766,0.6342365401588703,0.39316597179775203,True
Chronos2-COV,48,GJBC_LAW_BLOCK_3__A2,1139,0.17765528495108693,0.3498387443187837,0.41598061693437455,0.19088631208350296,0.4311676909569798,0.4756296569051399,True
Chronos2-COV,48,GJBC_LAW_BLOCK_3__A3_GIRLS,1139,0.15187946225384855,0.20662207337642702,0.5954733980471723,0.45620828139936137,0.33749780509218613,0.3712448344563475,True
Chronos2-COV,48,G_BLOCK,1139,0.3505099369047816,0.7655342109076322,0.6947245429538697,0.6712640733150572,1.0233450395083408,1.094344830936879,True
Chronos2-COV,48,I&H_BLOCK,1139,0.3135670194304544,1.5126127691210354,0.8309927095336369,1.4388542794067645,0.3123090430201932,0.013591376585432895,True
Chronos2-COV,48,INFORMATION_CENTRE,1139,0.017696550768604654,0.07045989814932052,2.0627984732618567,1.1811092719388225,0.017383669885864792,0.0006614916306234328,True
Chronos2-COV,48,IT_BLOCK,1139,0.06336744078798866,0.12945297960595492,1.0854362967409243,0.8016522358359934,0.09395083406496928,0.06244630325843986,True
Chronos2-COV,48,ME_WORKSHOP_BLOCK,1139,0.02593921032479921,0.04765769219348594,0.15655166744622454,0.06437790361355249,0.036523266022827044,0.024153508118388945,True
Chronos2-COV,48,MM_BLOCK,1139,0.243166228600821,0.37786737812575016,0.5496816130369007,0.48610303470252025,1.1396049165935032,1.1840325658838409,True
Chronos2-COV,48,MRD_BLOCK,1139,0.7876418602351455,1.3474649991059053,0.6544476440201532,0.4689515993671867,1.4137137840210712,1.060755261943673,True
Chronos2-COV,48,NBX,1133,0.34122069154812606,0.8591538477603201,0.8058040920745124,0.8459537935654907,0.7871138570167696,0.6932362924869988,True
Chronos2-COV,48,NEW_BLOCK,1139,0.035696362611805796,0.06484048046949754,0.5163201574942946,0.4869114450281137,0.17575065847234417,0.16778763379048003,True
Chronos2-COV,48,NEW_BLOCK_RO,1139,0.0004390052047413401,0.0019414131761113975,0.21859109675646168,0.058665337720722056,0.00038630377524143984,6.279823420564395e-05,True
Chronos2-COV,48,TECH_PARK,1139,0.17854641516235858,0.3383938903768185,0.5207300499172632,0.3386855708964828,0.4035557506584723,0.40955995741489165,True
Chronos2-COV,72,BE_BLOCK_OHT,1715,0.7321613111551579,1.2111737952975905,0.772264507932731,0.7581755926086203,1.9161574344023324,1.5634589943176804,True
Chronos2-COV,72,BE_BLOCK_RO,1715,0.007863393491541332,0.014187518634637694,0.5953929344258025,0.22739654732645323,0.01113119533527697,0.008029476845903057,True
Chronos2-COV,72,CRICKET_GROUND_OHT,1715,0.009560289493237919,0.035419812819217855,0.16975902013929678,0.2759430715660463,0.00917201166180758,0.000899178774772163,True
Chronos2-COV,72,F_BLOCK,1715,0.37553040557839085,0.8443825365325838,0.6441369270558467,0.700833412707807,0.7209271137026239,0.5265899721109485,True
Chronos2-COV,72,GJBC_BLOCK_1_A1_BOYS,1715,0.08058085903377644,0.11694353054281606,0.6062948200552155,0.5450537670259874,0.158600583090379,0.1449181195250753,True
Chronos2-COV,72,GJBC_BLOCK_1_A2_GIRLS,1715,0.07725566237035367,0.12105289265694881,0.5673043190360548,0.5656662492294314,0.16416909620991255,0.1418573863391626,True
Chronos2-COV,72,GJBC_BLOCK_1_A3,1715,0.10276722664648867,0.1499084886029693,0.6094952899027467,0.5459822951562573,0.18946938775510205,0.1652975278458512,True
Chronos2-COV,72,GJBC_BLOCK_1_A4_RO,1715,0.004272145952779594,0.02163678499436513,0.07159864566716136,0.10891495139121075,0.0042507288629737615,8.268781894215168e-05,True
Chronos2-COV,72,GJBC_BLOCK_2_A1,1713,0.1180455556235255,0.21004872605449418,0.566528547854477,0.5940210892371408,0.405563339171045,0.4016665932436958,True
Chronos2-COV,72,GJBC_LAW_BLOCK_3_A4_BOYS,1715,0.594989108473497,0.9824886559756253,0.7185137107689399,0.6133674687342162,1.2839475218658893,1.1014185062650341,True
Chronos2-COV,72,GJBC_LAW_BLOCK_3__A1,1706,0.3817996070833587,1.4358236615025075,1.548561558465219,1.3059151698390328,0.6290328253223916,0.39212939567680516,True
Chronos2-COV,72,GJBC_LAW_BLOCK_3__A2,1715,0.18295496963342495,0.35651169763596396,0.4283392757842004,0.19448905863110008,0.427399416909621,0.4768841119097551,True
Chronos2-COV,72,GJBC_LAW_BLOCK_3__A3_GIRLS,1715,0.15520881246060741,0.21046985589781594,0.6084683277580006,0.46464253679674833,0.3349037900874635,0.37448599764278956,True
Chronos2-COV,72,G_BLOCK,1715,0.3583104812188329,0.7692861629625255,0.7101535961808877,0.6743661954906621,1.0166763848396503,1.0934499764233914,True
Chronos2-COV,72,I&H_BLOCK,1715,0.3002251956716571,1.4759725029787372,0.7960134102861158,1.4081064022555512,0.29879883381924194,0.012392771808816115,True
Chronos2-COV,72,INFORMATION_CENTRE,1715,0.017555843545596386,0.07012545857612593,2.044943486208696,1.1748437177524804,0.017247813411078717,0.0006109903634419942,True
Chronos2-COV,72,IT_BLOCK,1715,0.06323488151019238,0.13067545708908185,1.0834502655846738,0.8093676018478214,0.09289795918367347,0.060476809481577,True
Chronos2-COV,72,ME_WORKSHOP_BLOCK,1715,0.025692320849735606,0.04670973835009542,0.15505740715167823,0.06310251866066091,0.0361399416909621,0.024369391169040612,True
Chronos2-COV,72,MM_BLOCK,1715,0.24332226256378883,0.37700056397517345,0.5500198249342092,0.4849916082210457,1.136932944606414,1.182022183838113,True
Chronos2-COV,72,MRD_BLOCK,1715,0.8076002763561883,1.3610858695324275,0.671048508007015,0.47381791405185575,1.4237551020408161,1.0446610641549001,True
Chronos2-COV,72,NBX,1706,0.33361894765115424,0.8428764031424847,0.7878966997323712,0.8304008622015063,0.7730070339976554,0.6966238287206551,True
Chronos2-COV,72,NEW_BLOCK,1715,0.035884600775582455,0.06490905678382458,0.5190046513309904,0.487354954764314,0.17590087463556853,0.1669914254815516,True
Chronos2-COV,72,NEW_BLOCK_RO,1715,0.0004149483591684686,0.0019276430778819248,0.20654841032932383,0.058237057557242074,0.00037900874635568517,4.380443116443628e-05,True
Chronos2-COV,72,TECH_PARK,1715,0.17943039524381432,0.3402764733907523,0.5232978827230007,0.34047771269291055,0.40137609329446067,0.40713051745217327,True
Chronos2-COV,168,BE_BLOCK_OHT,4019,0.7250429831413703,1.1865478676938277,0.7647407539415982,0.7427014357843837,1.8786290121920877,1.523814945041199,True
Chronos2-COV,168,BE_BLOCK_RO,4019,0.008062280461912348,0.014219036697667097,0.6103029603150817,0.22792165314496346,0.01094302065190346,0.00700345087083185,True
Chronos2-COV,168,CRICKET_GROUND_OHT,4019,0.009027551781663288,0.031939341789827214,0.1605921886247301,0.2490651704911297,0.008621547648668822,0.0009982772885225519,True
Chronos2-COV,168,F_BLOCK,4019,0.3564400594751762,0.7629881703105021,0.6113251112932419,0.6328950837675349,0.712963423737248,0.5169718258933779,True
Chronos2-COV,168,GJBC_BLOCK_1_A1_BOYS,4019,0.082944417560937,0.11987836839822413,0.6239898187019978,0.5585245576062452,0.15860413038069174,0.14522740896119202,True
Chronos2-COV,168,GJBC_BLOCK_1_A2_GIRLS,4019,0.08050149219150002,0.12470920385858941,0.5910372849540694,0.5824270034777181,0.16429957700920625,0.1410633478481457,True
Chronos2-COV,168,GJBC_BLOCK_1_A3,4019,0.10513764464304975,0.1530316955319563,0.6234356455070482,0.5571018084774019,0.18890768847972134,0.1653193906950666,True
Chronos2-COV,168,GJBC_BLOCK_1_A4_RO,4019,0.004179588176981384,0.020154455285107255,0.06999355774965345,0.10126268101282401,0.0041602388653894,7.41519085034259e-05,True
Chronos2-COV,168,GJBC_BLOCK_2_A1,4013,0.11972726098103266,0.2126520145882764,0.5745521704522596,0.6013189327230745,0.3998504859207575,0.3966752754470044,True
Chronos2-COV,168,GJBC_LAW_BLOCK_3_A4_BOYS,4019,0.6115206028353845,0.9968999027837254,0.7385108881705094,0.62232516200536,1.2819656631002738,1.0912964247921624,True
Chronos2-COV,168,GJBC_LAW_BLOCK_3__A1,3995,0.4124254507223268,1.5735692798974668,1.6731986996120458,1.4301648158714533,0.6534518147684606,0.3886436346288915,True
Chronos2-COV,168,GJBC_LAW_BLOCK_3__A2,4019,0.19168552786860782,0.3761062829221287,0.44849865936126787,0.20492736374311293,0.41123413784523516,0.4782253225501066,True
Chronos2-COV,168,GJBC_LAW_BLOCK_3__A3_GIRLS,4019,0.16600952757193868,0.22635013868991638,0.6505737454608194,0.49933240955660524,0.323018163722319,0.38219136229184886,True
Chronos2-COV,168,G_BLOCK,4019,0.3680169081646401,0.7825543252174988,0.7294475008729396,0.6854212324127162,1.0174222443393879,1.0982886199246416,True
Chronos2-COV,168,I&H_BLOCK,4019,0.3065909241987835,1.4573473686011513,0.8134393106463588,1.3953346033128422,0.30510077133615326,0.012475613082899743,True
Chronos2-COV,168,INFORMATION_CENTRE,4019,0.01568984053138218,0.06524842284753252,1.820335580736386,1.0914592548236057,0.015349589450111969,0.0006192544784325514,True
Chronos2-COV,168,IT_BLOCK,4019,0.06194620308518395,0.12973811913137512,1.0622608152137523,0.8040033521080667,0.09161731774073154,0.0577440790032111,True
Chronos2-COV,168,ME_WORKSHOP_BLOCK,4019,0.025220803498265217,0.04507059409736805,0.15217134420955,0.060851528132005187,0.03508584224931575,0.024994136220107002,True
Chronos2-COV,168,MM_BLOCK,4019,0.25028312616307924,0.38723628528451,0.5657497308378624,0.4981429297643951,1.1247001741726799,1.1783035484289286,True
Chronos2-COV,168,MRD_BLOCK,4019,0.8197265100769808,1.3715451525979834,0.6809715612805607,0.4773498072827333,1.4343468524508582,1.0274203305192242,True
Chronos2-COV,168,NBX,3998,0.3094988746986561,0.6418865332861237,0.7307164517267858,0.6308564203087197,0.7322611305652826,0.6970095779074019,True
Chronos2-COV,168,NEW_BLOCK,4019,0.03600940564721934,0.06569076842801858,0.5208704809710498,0.4932659547061519,0.17475491415775066,0.1660870247221343,True
Chronos2-COV,168,NEW_BLOCK_RO,4019,0.00038694555611187663,0.0019205610542082161,0.1927001586066732,0.05804714132320155,0.0003732271709380443,1.824790420454217e-05,True
Chronos2-COV,168,TECH_PARK,4019,0.17417462268377545,0.33313528458298064,0.5079425319293722,0.3331275640756982,0.39104005971634737,0.4027720651065393,True
Chronos2-ZS,6,BE_BLOCK_OHT,142,0.6406146940043276,0.9905514039424992,0.6754155154054844,0.6197546735166262,1.7737323943661973,1.711090218013441,True
Chronos2-ZS,6,BE_BLOCK_RO,142,0.005576202258939894,0.009721014749218273,0.4225475212478323,0.15631968633482737,0.009788732394366197,0.008708101493949202,True
Chronos2-ZS,6,CRICKET_GROUND_OHT,142,0.013651792134460012,0.05309879825154585,0.24179815390021406,0.4133745114340275,0.013380281690140848,0.0008578234693219125,True
Chronos2-ZS,6,F_BLOCK,142,0.27616014749231477,0.5955831830678917,0.47357544266409807,0.49326134914813835,0.6871126760563381,0.5661570538937206,True
Chronos2-ZS,6,GJBC_BLOCK_1_A1_BOYS,142,0.06409562227381786,0.09078771448092295,0.4824741305887128,0.42331022335229723,0.15492957746478872,0.14315824572679023,True
Chronos2-ZS,6,GJBC_BLOCK_1_A2_GIRLS,142,0.052616798248089534,0.0764013142755538,0.38645901662487325,0.3569501698356006,0.15971830985915494,0.1508328851679681,True
Chronos2-ZS,6,GJBC_BLOCK_1_A3,142,0.08928040674244854,0.12523971488978267,0.5298517927871187,0.4562831806107871,0.18105633802816903,0.1610484045051353,True
Chronos2-ZS,6,GJBC_BLOCK_1_A4_RO,142,0.006102367951411715,0.036598941075444216,0.1023310111751752,0.18448683507212918,0.0060563380281690145,0.00016981987983585192,True
Chronos2-ZS,6,GJBC_BLOCK_2_A1,142,0.11615683079185622,0.20244180627831526,0.5576277581161962,0.5727395752855651,0.42133802816901406,0.4106227427091397,True
Chronos2-ZS,6,GJBC_LAW_BLOCK_3_A4_BOYS,142,0.5812268821454384,0.9365225653393964,0.702211206485257,0.5847245378950855,1.1424647887323942,1.0743054323632952,True
Chronos2-ZS,6,GJBC_LAW_BLOCK_3__A1,139,0.27191149156299427,0.9490661252521376,1.1125076336673303,0.8695406697690867,0.5150359712230216,0.3767386124931651,True
Chronos2-ZS,6,GJBC_LAW_BLOCK_3__A2,142,0.18305621465327035,0.39977516704084887,0.42944058626685794,0.21892388180672342,0.3630985915492958,0.375884913013015,True
Chronos2-ZS,6,GJBC_LAW_BLOCK_3__A3_GIRLS,142,0.14078501080543224,0.19432651799201897,0.5521689408024313,0.4294700772678355,0.3047887323943662,0.3263448950060656,True
Chronos2-ZS,6,G_BLOCK,142,0.34794183114884614,0.547860010092825,0.6890182090462831,0.4785080550210003,0.9742957746478871,1.0679647574122524,True
Chronos2-ZS,6,I&H_BLOCK,142,0.42744373198965907,1.585412035648757,1.12610313610903,1.4739372530368664,0.43302816901408453,0.033369275675693026,True
Chronos2-ZS,6,INFORMATION_CENTRE,142,0.014391377174728354,0.05990282632513707,1.663654071242914,0.9980915598609619,0.014084507042253521,0.00048761587904792435,True
Chronos2-ZS,6,IT_BLOCK,142,0.06340652375678782,0.11540619161134122,1.0812145747886426,0.7122155883689778,0.09190140845070423,0.0721953226594438,True
Chronos2-ZS,6,ME_WORKSHOP_BLOCK,142,0.025955958472381174,0.036973756579607296,0.15673233380123397,0.05005062905444345,0.03492957746478873,0.02833675616748736,True
Chronos2-ZS,6,MM_BLOCK,142,0.25691986159539554,0.40220754914317514,0.5809488066875899,0.5177810618727675,1.0646478873239438,1.1570557569953757,True
Chronos2-ZS,6,MRD_BLOCK,142,0.6201959884334618,1.2268123365888446,0.5150049306436355,0.42740396916838574,1.3928873239436619,1.1337210871803929,True
Chronos2-ZS,6,NBX,142,0.3586004088378288,0.6019177042173319,0.8453717719752546,0.5854702826481452,0.7847887323943662,0.6802089136671012,True
Chronos2-ZS,6,NEW_BLOCK,142,0.033934713555893434,0.06229972108302819,0.4911099349387236,0.46843136201849495,0.17204225352112676,0.17174022760189755,True
Chronos2-ZS,6,NEW_BLOCK_RO,142,0.00039114543697534417,0.0016560473600642246,0.1936241287605506,0.04976240261834077,0.00028169014084507044,0.00011960622439698749,True
Chronos2-ZS,6,TECH_PARK,142,0.14748612266611044,0.24145207775051844,0.43041289559574614,0.24221398057079682,0.3949295774647887,0.4069736344923436,True
Chronos2-ZS,12,BE_BLOCK_OHT,286,0.6704878746546232,1.0813252362463885,0.707039426773309,0.6768062775391065,1.8353846153846152,1.6945378717842636,True
Chronos2-ZS,12,BE_BLOCK_RO,286,0.006780352307470528,0.012185700193274767,0.5141940336166526,0.19594066938170523,0.010944055944055946,0.010578980571688055,True
Chronos2-ZS,12,CRICKET_GROUND_OHT,286,0.011109512198091179,0.04399076554324338,0.196881789281472,0.34263335907141007,0.010769230769230769,0.0008392108350314877,True
Chronos2-ZS,12,F_BLOCK,286,0.3350834216062839,0.6773858835051672,0.5749990727907612,0.5621438374345384,0.6956993006993007,0.5768235556103967,True
Chronos2-ZS,12,GJBC_BLOCK_1_A1_BOYS,286,0.07235052786819583,0.11384858184691453,0.5446403615183683,0.5313901953289752,0.1651048951048951,0.14492402613892422,True
Chronos2-ZS,12,GJBC_BLOCK_1_A2_GIRLS,286,0.06876331671342983,0.1249360493964325,0.5052404452057626,0.584929957553933,0.1715034965034965,0.14887892647639855,True
Chronos2-ZS,12,GJBC_BLOCK_1_A3,286,0.0970736931993828,0.15311369528613938,0.5760814525335162,0.5584607245264235,0.19671328671328672,0.1642165134784642,True
Chronos2-ZS,12,GJBC_BLOCK_1_A4_RO,286,0.004864709176207808,0.02619235605760177,0.08161929550205525,0.1320382017585019,0.004825174825174826,0.000166151590581814,True
Chronos2-ZS,12,GJBC_BLOCK_2_A1,286,0.11236294047607408,0.20607251988708486,0.5395689192902017,0.5829752190644121,0.40248251748251745,0.4150089872154323,True
Chronos2-ZS,12,GJBC_LAW_BLOCK_3_A4_BOYS,286,0.5691319751239323,0.9435408460312604,0.6874147142301736,0.5892749901205926,1.1934965034965035,1.0689569307373954,True
Chronos2-ZS,12,GJBC_LAW_BLOCK_3__A1,283,0.347822167140435,1.333467960088001,1.416512535715612,1.2176654386027617,0.6009540636042403,0.3888651585410425,True
Chronos2-ZS,12,GJBC_LAW_BLOCK_3__A2,286,0.16572334799733196,0.33428392703561083,0.3888968258330099,0.18316963462008115,0.42363636363636364,0.43606347283283314,True
Chronos2-ZS,12,GJBC_LAW_BLOCK_3__A3_GIRLS,286,0.14563449459476072,0.19793310223741944,0.5715003031597576,0.43796939521617084,0.3105594405594405,0.3273871663983885,True
Chronos2-ZS,12,G_BLOCK,286,0.3858287753425278,0.6893137005396088,0.7643204814919912,0.6027609088864219,0.9605244755244755,1.0813495458422842,True
Chronos2-ZS,12,I&H_BLOCK,286,0.30614885561116095,1.306856707745554,0.8094387309118242,1.2301425294722157,0.3064685314685314,0.024578392818257525,True
Chronos2-ZS,12,INFORMATION_CENTRE,286,0.016784579424851842,0.06735401114174802,1.915832691649927,1.1204244439251236,0.01646853146853147,0.00046340137120935465,True
Chronos2-ZS,12,IT_BLOCK,286,0.05801692175099274,0.10792629272208848,0.9902222700553588,0.6666182425608412,0.08947552447552448,0.0714108239976572,True
Chronos2-ZS,12,ME_WORKSHOP_BLOCK,286,0.025455316973107676,0.04455324083114829,0.15372206816206568,0.060025514668317105,0.035419580419580425,0.027186690145856018,True
Chronos2-ZS,12,MM_BLOCK,286,0.23691598611278136,0.3724378500452607,0.5356143381970425,0.47923269209048425,1.1268881118881118,1.1629601706574846,True
Chronos2-ZS,12,MRD_BLOCK,286,0.6937746483629401,1.2827811632763075,0.5764402199315019,0.44703868470517716,1.3086013986013987,1.1320815178064199,True
Chronos2-ZS,12,NBX,286,0.34360215715595055,0.6227665888060968,0.8111014767634548,0.6098880839121787,0.786923076923077,0.6844818933860405,True
Chronos2-ZS,12,NEW_BLOCK,286,0.034814907251954914,0.06473048969556741,0.5040183555057962,0.48686081852934004,0.1729020979020979,0.17170857122311226,True
Chronos2-ZS,12,NEW_BLOCK_RO,286,0.0005455130867340921,0.002105771147755279,0.27184618530490473,0.06366142797833517,0.00045454545454545455,0.0001039139961439569,True
Chronos2-ZS,12,TECH_PARK,286,0.16065243630350884,0.2876040043408477,0.46883532201938016,0.2892151053494412,0.3816083916083916,0.417438147316029,True
Chronos2-ZS,24,BE_BLOCK_OHT,564,0.7158426820851387,1.2171938513163387,0.7550025248717124,0.7621048409159092,1.9401241134751774,1.6827307672153973,True
Chronos2-ZS,24,BE_BLOCK_RO,564,0.007343089366199595,0.013366117390732095,0.555899752131092,0.21401871529560712,0.01148936170212766,0.00983323432102218,True
Chronos2-ZS,24,CRICKET_GROUND_OHT,564,0.00876041615864011,0.03446096097867915,0.15529602759769767,0.26836333025114034,0.008421985815602837,0.0007666504086517061,True
Chronos2-ZS,24,F_BLOCK,564,0.36848560937541597,0.8317583275358287,0.6320943415842472,0.690558628992405,0.709822695035461,0.5497841755232067,True
Chronos2-ZS,24,GJBC_BLOCK_1_A1_BOYS,564,0.07782898326767675,0.11518601545225222,0.5856847692232673,0.5369453064123301,0.15852836879432625,0.14946860620580243,True
Chronos2-ZS,24,GJBC_BLOCK_1_A2_GIRLS,564,0.0732540366576707,0.11793285999803942,0.5380126759360251,0.5512679182852966,0.1647340425531915,0.1508019034295006,True
Chronos2-ZS,24,GJBC_BLOCK_1_A3,564,0.09871806556134359,0.14723454489371218,0.585595378820858,0.5363536975650908,0.1895390070921986,0.17112602129684273,True
Chronos2-ZS,24,GJBC_BLOCK_1_A4_RO,564,0.004039280416971528,0.019067060745055674,0.06773673772909286,0.09611754639811591,0.0040070921985815595,0.00016358434961586925,True
Chronos2-ZS,24,GJBC_BLOCK_2_A1,564,0.11780056795541277,0.2125667845941332,0.5653909073670723,0.6011040825011528,0.4049468085106383,0.4058223459209111,True
Chronos2-ZS,24,GJBC_LAW_BLOCK_3_A4_BOYS,564,0.5939409305736528,0.9754142140469311,0.7172389504255989,0.6089587136359469,1.280709219858156,1.1077680428188743,True
Chronos2-ZS,24,GJBC_LAW_BLOCK_3__A1,561,0.37538781821621503,1.422436529104647,1.5211433039948927,1.2916720995202655,0.6260071301247772,0.3931671804922787,True
Chronos2-ZS,24,GJBC_LAW_BLOCK_3__A2,564,0.1704784379698706,0.35467189259638376,0.3993731757206316,0.1937219897913166,0.4324468085106383,0.4753907781543461,True
Chronos2-ZS,24,GJBC_LAW_BLOCK_3__A3_GIRLS,564,0.14454703821886516,0.20249352188294792,0.5668995606109973,0.4473140398690544,0.3408333333333334,0.3619712538066063,True
Chronos2-ZS,24,G_BLOCK,564,0.34944220378043805,0.7759753710451118,0.6925873148437515,0.6805208947697226,1.0315248226950353,1.1006282075499811,True
Chronos2-ZS,24,I&H_BLOCK,564,0.3164233963910147,1.481807351944971,0.8387650965558855,1.4109027077762226,0.3141134751773049,0.02175371251102035,True
Chronos2-ZS,24,INFORMATION_CENTRE,564,0.017632003845911185,0.07084189205017298,2.0555751635355137,1.1878550912270682,0.017304964539007095,0.0007200819615221826,True
Chronos2-ZS,24,IT_BLOCK,564,0.06232919397136421,0.1250264103651018,1.0668461585201816,0.7738625293690301,0.09443262411347518,0.06919102506144038,True
Chronos2-ZS,24,ME_WORKSHOP_BLOCK,564,0.02640896702858996,0.04924317631729478,0.15937136393471432,0.06646463987127435,0.037429078014184394,0.026532275879636726,True
Chronos2-ZS,24,MM_BLOCK,564,0.23676923800022043,0.36331871690288886,0.5352375483495482,0.46739063815331383,1.1443617021276598,1.163947842011215,True
Chronos2-ZS,24,MRD_BLOCK,564,0.7403120932088675,1.3053598267156672,0.615047817567103,0.4543317445316767,1.388758865248227,1.1478785642072664,True
Chronos2-ZS,24,NBX,561,0.35515430495488237,0.8863350982801632,0.8385348534936095,0.8717737955868997,0.8031729055258466,0.6836422455502066,True
Chronos2-ZS,24,NEW_BLOCK,564,0.035839806959984156,0.06535282988316055,0.518461551447448,0.4908793628461872,0.17489361702127657,0.16954627699146035,True
Chronos2-ZS,24,NEW_BLOCK_RO,564,0.0004689336296852929,0.0019501814225367938,0.23353983252075872,0.0589336679634121,0.0003900709219858156,8.995756137445702e-05,True
Chronos2-ZS,24,TECH_PARK,564,0.18035242630129164,0.34583155082768385,0.5259909957206631,0.3462447850235837,0.40037234042553194,0.41528428660322586,True
Chronos2-ZS,48,BE_BLOCK_OHT,1139,0.7311831607056669,1.223979673442491,0.7712292453038259,0.7663383281650282,1.935873573309921,1.6435494294179125,True
Chronos2-ZS,48,BE_BLOCK_RO,1139,0.007610218277506863,0.01386454176489871,0.5761256220308798,0.22200997485420737,0.01141352063213345,0.009554738675173015,True
Chronos2-ZS,48,CRICKET_GROUND_OHT,1139,0.009023357339831325,0.034762846340408646,0.16003484298937123,0.27070718372163294,0.008674275680421421,0.0007677319254382752,True
Chronos2-ZS,48,F_BLOCK,1139,0.37666664544064504,0.8441989286014764,0.6461203152045182,0.7007894075652386,0.716865671641791,0.540249070072509,True
Chronos2-ZS,48,GJBC_BLOCK_1_A1_BOYS,1139,0.08015466585245125,0.1170898866567865,0.603101980523453,0.5456933893040075,0.15848990342405617,0.14898775744270712,True
Chronos2-ZS,48,GJBC_BLOCK_1_A2_GIRLS,1139,0.07533726341610315,0.1193853365689923,0.553230762059994,0.5579068465116539,0.16414398595259,0.14978568437096318,True
Chronos2-ZS,48,GJBC_BLOCK_1_A3,1139,0.10163544045690909,0.14939630008578123,0.6028059206260554,0.5440966520517364,0.18919227392449517,0.1715067119989299,True
Chronos2-ZS,48,GJBC_BLOCK_1_A4_RO,1139,0.004019984420330883,0.01899213564479158,0.06740802765720359,0.09569772825959001,0.00398595258999122,0.00014977164045663075,True
Chronos2-ZS,48,GJBC_BLOCK_2_A1,1138,0.11917456696657808,0.2148468142780376,0.5719891810175768,0.6076255695459173,0.4074692442882249,0.4068599203977937,True
Chronos2-ZS,48,GJBC_LAW_BLOCK_3_A4_BOYS,1139,0.5980457195930045,0.9798357564300294,0.722199774749619,0.6116802378711501,1.2830465320456539,1.0981952964055945,True
Chronos2-ZS,48,GJBC_LAW_BLOCK_3__A1,1133,0.3870406430244236,1.4402090292463499,1.5696577241810332,1.3093245093582222,0.6342365401588703,0.3909169642907376,True
Chronos2-ZS,48,GJBC_LAW_BLOCK_3__A2,1139,0.17500282672437478,0.3557914808315268,0.40983967055370635,0.1942103285133262,0.4311676909569798,0.4811141906703534,True
Chronos2-ZS,48,GJBC_LAW_BLOCK_3__A3_GIRLS,1139,0.1515292574147366,0.21002988063694022,0.5941962516250494,0.4638427972393814,0.33749780509218613,0.36960949643439006,True
Chronos2-ZS,48,G_BLOCK,1139,0.3498654783243041,0.7702905044229497,0.6934559510290692,0.675426466299079,1.0233450395083408,1.1058906341352621,True
Chronos2-ZS,48,I&H_BLOCK,1139,0.3146550552629399,1.510379045634421,0.8338441967523675,1.4368180426282355,0.3123090430201932,0.017941776313103532,True
Chronos2-ZS,48,INFORMATION_CENTRE,1139,0.017701518823841585,0.07039908277394472,2.063150859346133,1.180051757760052,0.017383669885864792,0.0007394888116123647,True
Chronos2-ZS,48,IT_BLOCK,1139,0.06302726708293693,0.12751482100872782,1.0792700294722954,0.7894839088367215,0.09395083406496928,0.06796499723413202,True
Chronos2-ZS,48,ME_WORKSHOP_BLOCK,1139,0.02589991133918461,0.046946438093781455,0.15632158691705886,0.06341722554663129,0.036523266022827044,0.026726959009930374,True
Chronos2-ZS,48,MM_BLOCK,1139,0.24099135794275367,0.37078011813642275,0.5447505686621255,0.4769589218863899,1.1396049165935032,1.1615645330239013,True
Chronos2-ZS,48,MRD_BLOCK,1139,0.7965950662740183,1.3537587355413785,0.6618798769772948,0.4711762851363703,1.4137137840210712,1.129771543449221,True
Chronos2-ZS,48,NBX,1133,0.3439589065718419,0.8638956411070041,0.812246584816514,0.8504737014770506,0.7871138570167696,0.6875785516619367,True
Chronos2-ZS,48,NEW_BLOCK,1139,0.03618422691344796,0.06554325918222983,0.5233975000825096,0.4922402486918214,0.17575065847234417,0.16875622187977407,True
Chronos2-ZS,48,NEW_BLOCK_RO,1139,0.0004566878083822684,0.0019420090128936054,0.22740809803614076,0.05868273163818116,0.00038630377524143984,8.057393198031556e-05,True
Chronos2-ZS,48,TECH_PARK,1139,0.1816993362779048,0.3474748359420289,0.5299282557303273,0.34782335054228375,0.4035557506584723,0.41926530865695627,True
Chronos2-ZS,72,BE_BLOCK_OHT,1715,0.7268649744695547,1.1959520794469338,0.7666582405208154,0.7486351550505893,1.9161574344023324,1.6237622177635616,True
Chronos2-ZS,72,BE_BLOCK_RO,1715,0.0074579570524546555,0.01335778002446738,0.5646187068582296,0.2140398181016184,0.01113119533527697,0.009228821724392582,True
Chronos2-ZS,72,CRICKET_GROUND_OHT,1715,0.009511775091442527,0.03544239854358962,0.16890575123372129,0.2761194314641658,0.00917201166180758,0.000789456778143481,True
Chronos2-ZS,72,F_BLOCK,1715,0.3804096107329989,0.851791713037674,0.6524911848525845,0.7069478949801058,0.7209271137026239,0.5295025424429001,True
Chronos2-ZS,72,GJBC_BLOCK_1_A1_BOYS,1715,0.08077070297200895,0.11777692968499702,0.6077064890197483,0.5488569397867621,0.158600583090379,0.14907962456562776,True
Chronos2-ZS,72,GJBC_BLOCK_1_A2_GIRLS,1715,0.0760818589639038,0.12004365805417648,0.5586828585974482,0.5609142681265361,0.16416909620991255,0.14943778409294067,True
Chronos2-ZS,72,GJBC_BLOCK_1_A3,1715,0.10284000191778901,0.15072417376580688,0.6099197030647835,0.548888689468173,0.18946938775510205,0.17248122435790805,True
Chronos2-ZS,72,GJBC_BLOCK_1_A4_RO,1715,0.004280483881064553,0.02162548580252409,0.07173815315589421,0.10885748315235867,0.0042507288629737615,0.00014107766267286922,True
Chronos2-ZS,72,GJBC_BLOCK_2_A1,1713,0.11979750471336413,0.21562784780140232,0.5749411168709407,0.6098078517120408,0.405563339171045,0.4043483036046688,True
Chronos2-ZS,72,GJBC_LAW_BLOCK_3_A4_BOYS,1715,0.6009913726728789,0.9863375578435184,0.7257605839858039,0.6157613553551542,1.2839475218658893,1.097765989970883,True
Chronos2-ZS,72,GJBC_LAW_BLOCK_3__A1,1706,0.38581803207240944,1.437784722853954,1.5647062344617413,1.307693082818645,0.6290328253223916,0.38851553839298375,True
Chronos2-ZS,72,GJBC_LAW_BLOCK_3__A2,1715,0.1803576481954002,0.365044607533856,0.42233314865342697,0.19924752503834514,0.427399416909621,0.487041068372504,True
Chronos2-ZS,72,GJBC_LAW_BLOCK_3__A3_GIRLS,1715,0.15653639306271389,0.21591695484180037,0.6137676607967891,0.47675598777181677,0.3349037900874635,0.37603299231988,True
Chronos2-ZS,72,G_BLOCK,1715,0.3579436452625097,0.7744014727007067,0.7094272793231767,0.6788369296055243,1.0166763848396503,1.10909815983244,True
Chronos2-ZS,72,I&H_BLOCK,1715,0.3018245270540693,1.4742174574911595,0.800200099214867,1.4065171288287206,0.29879883381924194,0.017142368431689092,True
Chronos2-ZS,72,INFORMATION_CENTRE,1715,0.017591171005420365,0.07004662924581596,2.048662732892454,1.173485044444238,0.017247813411078717,0.0007649376298743504,True
Chronos2-ZS,72,IT_BLOCK,1715,0.06308191104155067,0.1286580391091898,1.0804120660656356,0.7966753477963192,0.09289795918367347,0.06696932218186884,True
Chronos2-ZS,72,ME_WORKSHOP_BLOCK,1715,0.025663577085333733,0.045910819352362235,0.15489370061364696,0.06202454048406814,0.0361399416909621,0.027323527764474685,True
Chronos2-ZS,72,MM_BLOCK,1715,0.2405176175843175,0.36967267584933494,0.5436628713321384,0.4755383437379488,1.136932944606414,1.15875573540568,True
Chronos2-ZS,72,MRD_BLOCK,1715,0.8244825755903394,1.3699318207744862,0.6850563101057322,0.4769248758715262,1.4237551020408161,1.1123354834300783,True
Chronos2-ZS,72,NBX,1706,0.3363375878711378,0.8470831609529124,0.7942995765069386,0.8344047009404442,0.7730070339976554,0.6882552355702569,True
Chronos2-ZS,72,NEW_BLOCK,1715,0.03606743735248772,0.065122122126131,0.5216843781484835,0.489012401053819,0.17590087463556853,0.16807010299349665,True
Chronos2-ZS,72,NEW_BLOCK_RO,1715,0.00044264199201332583,0.0019249567910743948,0.22034923463149733,0.058155225293329824,0.00037900874635568517,7.295830245876451e-05,True
Chronos2-ZS,72,TECH_PARK,1715,0.18276204766476464,0.34927118687453285,0.5330154446965402,0.3495287095436836,0.40137609329446067,0.41521751628672765,True
Chronos2-ZS,168,BE_BLOCK_OHT,4019,0.7210642366867274,1.1734561409828645,0.7605195261704695,0.734490511463817,1.8786290121920877,1.5859239344633642,True
Chronos2-ZS,168,BE_BLOCK_RO,4019,0.007562393314736004,0.013156914602631862,0.5724516930577882,0.21088697811856819,0.01094302065190346,0.008745687542393762,True
Chronos2-ZS,168,CRICKET_GROUND_OHT,4019,0.008965363681666753,0.03198390728405941,0.15949164157064669,0.24941023178937802,0.008621547648668822,0.0008469563898447142,True
Chronos2-ZS,168,F_BLOCK,4019,0.3627728198487594,0.7697005348959145,0.6221670245170426,0.6384195714740697,0.712963423737248,0.5125489133778838,True
Chronos2-ZS,168,GJBC_BLOCK_1_A1_BOYS,4019,0.08271442577765634,0.12040090626211884,0.6222481802228614,0.5609032648532891,0.15860413038069174,0.14797014798704858,True
Chronos2-ZS,168,GJBC_BLOCK_1_A2_GIRLS,4019,0.07881946833328277,0.12344035333275659,0.5786985937802012,0.5764900390949508,0.16429957700920625,0.14765025116920352,True
Chronos2-ZS,168,GJBC_BLOCK_1_A3,4019,0.10469019337513459,0.1533955125210871,0.6207790904819117,0.558380896752865,0.18890768847972134,0.17185160023273593,True
Chronos2-ZS,168,GJBC_BLOCK_1_A4_RO,4019,0.0041839825659931214,0.020145117299494465,0.0700659833288958,0.10121512310561429,0.0041602388653894,0.00011672685978633847,True
Chronos2-ZS,168,GJBC_BLOCK_2_A1,4013,0.12083206136907511,0.21663618995159478,0.5798502984753999,0.612591917391339,0.3998504859207575,0.39870438688552323,True
Chronos2-ZS,168,GJBC_LAW_BLOCK_3_A4_BOYS,4019,0.6173658075193826,1.0024236215909157,0.7455654121894596,0.6257641459390406,1.2819656631002738,1.086981182654244,True
Chronos2-ZS,168,GJBC_LAW_BLOCK_3__A1,3995,0.41569284696393977,1.5740746990950283,1.6862899179300648,1.4305437720307514,0.6534518147684606,0.38486339908666695,True
Chronos2-ZS,168,GJBC_LAW_BLOCK_3__A2,4019,0.19047376694356544,0.38523773766393893,0.44568439437204843,0.2099629850882585,0.41123413784523516,0.49332714993641075,True
Chronos2-ZS,168,GJBC_LAW_BLOCK_3__A3_GIRLS,4019,0.16917744140448218,0.23496402239212227,0.6630468052567543,0.518379759236486,0.323018163722319,0.3855861043879629,True
Chronos2-ZS,168,G_BLOCK,4019,0.3668366765898832,0.7872919047433694,0.7271086799157243,0.6895639487990568,1.0174222443393879,1.1156629209021307,True
Chronos2-ZS,168,I&H_BLOCK,4019,0.3083600382292914,1.455757409554539,0.8180797011426186,1.3939124058741477,0.30510077133615326,0.016582276222568804,True
Chronos2-ZS,168,INFORMATION_CENTRE,4019,0.015761212986439992,0.06518654824536943,1.828493417635586,1.0904044803685435,0.015349589450111969,0.0007906727157727822,True
Chronos2-ZS,168,IT_BLOCK,4019,0.062048877977422444,0.12748394668935653,1.0634600737528574,0.7897243363288329,0.09161731774073154,0.0659571062971827,True
Chronos2-ZS,168,ME_WORKSHOP_BLOCK,4019,0.025346416937908917,0.04425069722941261,0.15294908682972036,0.05974754280961567,0.03508584224931575,0.028363090690710142,True
Chronos2-ZS,168,MM_BLOCK,4019,0.24666358234752436,0.3780868509933131,0.5575577492752173,0.48636086317278127,1.1247001741726799,1.1530344394731058,True
Chronos2-ZS,168,MRD_BLOCK,4019,0.8408850719549669,1.3871654847733232,0.6985250823513611,0.4827838703212402,1.4343468524508582,1.0732017987164195,True
Chronos2-ZS,168,NBX,3998,0.3111627469917367,0.6475362400213808,0.734624293035989,0.6362734126106396,0.7322611305652826,0.6873780828213442,True
Chronos2-ZS,168,NEW_BLOCK,4019,0.036239670691916706,0.0660592095196722,0.524235979657118,0.49608959003671915,0.17475491415775066,0.16688056912854346,True
Chronos2-ZS,168,NEW_BLOCK_RO,4019,0.0004302059239936141,0.0019100806275272665,0.21423082075179364,0.057730081594719575,0.0003732271709380443,6.608228262562076e-05,True
Chronos2-ZS,168,TECH_PARK,4019,0.1784703980838223,0.3438477102373833,0.5204692135790714,0.3438811462854166,0.39104005971634737,0.4120277295616261,True
PatchTST-Tuned,6,BE_BLOCK_OHT,142,0.70241434488498,1.1097770730765832,0.7405654704854433,0.6943699176453744,1.7737323943661973,1.4574993399667069,True
PatchTST-Tuned,6,BE_BLOCK_RO,142,0.008973795763387233,0.018620772370112507,0.6800676175757391,0.2994633067885343,0.009788732394366197,0.0014163039513860754,True
PatchTST-Tuned,6,CRICKET_GROUND_OHT,142,0.013494023603540666,0.05328817652365503,0.23899970762790576,0.4148525022985776,0.013380281690140848,0.0003159459031202216,True
PatchTST-Tuned,6,F_BLOCK,142,0.3958725802694828,0.7419595104272374,0.6789079987692689,0.6145993845382693,0.6871126760563381,0.5023449066711564,True
PatchTST-Tuned,6,GJBC_BLOCK_1_A1_BOYS,142,0.06900798381424288,0.09395611517870263,0.5194246616600467,0.43803421781315816,0.15492957746478872,0.1312701475977058,True
PatchTST-Tuned,6,GJBC_BLOCK_1_A2_GIRLS,142,0.061855348793815976,0.08914329301851785,0.45430277529569263,0.4164423471019714,0.15971830985915494,0.1320984514600689,True
PatchTST-Tuned,6,GJBC_BLOCK_1_A3,142,0.09240948990380889,0.12724638159363585,0.5483862630054042,0.46350276148790964,0.18105633802816903,0.14623917036519293,True
PatchTST-Tuned,6,GJBC_BLOCK_1_A4_RO,142,0.0061014652195498205,0.036605463314741335,0.10231192998300312,0.18451961037018352,0.0060563380281690145,0.00012647191595715254,True
PatchTST-Tuned,6,GJBC_BLOCK_2_A1,142,0.30250062995406624,0.4772744357834698,1.4524501828941352,1.3502025326543639,0.42133802816901406,0.18122346436565506,True
PatchTST-Tuned,6,GJBC_LAW_BLOCK_3_A4_BOYS,142,0.7084436340115859,1.0140665410310095,0.8558053049444392,0.6331088890883412,1.1424647887323942,0.8841386226228845,True
PatchTST-Tuned,6,GJBC_LAW_BLOCK_3__A1,139,0.27155996686691863,0.9424175655299168,1.1112656944882982,0.8634552026033439,0.5150359712230216,0.35026892815991273,True
PatchTST-Tuned,6,GJBC_LAW_BLOCK_3__A2,142,0.1804554208147694,0.3797546244948586,0.42290346354427205,0.2078884581294011,0.3630985915492958,0.290808944320175,True
PatchTST-Tuned,6,GJBC_LAW_BLOCK_3__A3_GIRLS,142,0.14181830947877658,0.18702888232510703,0.556106175065677,0.41328523433989683,0.3047887323943662,0.3358876823224652,True
PatchTST-Tuned,6,G_BLOCK,142,0.3788002866506577,0.5641544739194829,0.7502942024134097,0.4926943242894729,0.9742957746478871,1.0249660894484587,True
PatchTST-Tuned,6,I&H_BLOCK,142,0.4333867976502227,1.5992096039037274,1.1418368426040766,1.4867739325071705,0.43302816901408453,0.018726336095683173,True
PatchTST-Tuned,6,INFORMATION_CENTRE,142,0.014165975267333188,0.059989864478846605,1.6380823433136844,0.9995479517178465,0.014084507042253521,0.00012534316098622122,True
PatchTST-Tuned,6,IT_BLOCK,142,0.07609385211217468,0.15867892387765842,1.296406373386159,0.9784984398880171,0.09190140845070423,0.03426442830823362,True
PatchTST-Tuned,6,ME_WORKSHOP_BLOCK,142,0.0287981279208538,0.040224420389794645,0.17400076831141045,0.054491655710921044,0.03492957746478873,0.028007973789960526,True
PatchTST-Tuned,6,MM_BLOCK,142,0.3270575110215536,0.44844710248663644,0.7394057317411336,0.5771324250076953,1.0646478873239438,1.1614962810991516,True
PatchTST-Tuned,6,MRD_BLOCK,142,0.7645832992219169,1.4533177763320857,0.6349967019762455,0.5063289910758432,1.3928873239436619,0.8458471372985924,True
PatchTST-Tuned,6,NBX,142,0.43204238654861987,0.652390264680036,1.0186324345554212,0.634752880598656,0.7847887323943662,0.6890116195443651,True
PatchTST-Tuned,6,NEW_BLOCK,142,0.049833383727556385,0.07865581112553063,0.7217515173212444,0.5921304741853058,0.17204225352112676,0.15469582023387643,True
PatchTST-Tuned,6,NEW_BLOCK_RO,142,0.00028169014084507044,0.0016783627165933783,0.1391715236196239,0.05043180212444069,0.00028169014084507044,0.0,True
PatchTST-Tuned,6,TECH_PARK,142,0.21497996703105077,0.34860761934320295,0.6273900123586199,0.3495653611663214,0.3949295774647887,0.2744289702985068,True
PatchTST-Tuned,12,BE_BLOCK_OHT,286,0.7245851198276441,1.1805143248873005,0.7642152612857351,0.7391089075268638,1.8353846153846152,1.551839657179959,True
PatchTST-Tuned,12,BE_BLOCK_RO,286,0.010564385975268997,0.018578748520410148,0.8009586791952341,0.2991117838340556,0.010944055944055946,0.003753125262357151,True
PatchTST-Tuned,12,CRICKET_GROUND_OHT,286,0.011270996245713602,0.044093297213983036,0.1998119270612188,0.3434274287005136,0.010769230769230769,0.0009576893394057845,True
PatchTST-Tuned,12,F_BLOCK,286,0.44556187907793926,0.7803676660208309,0.7644848379719624,0.6474497306761005,0.6956993006993007,0.5125557351531786,True
PatchTST-Tuned,12,GJBC_BLOCK_1_A1_BOYS,286,0.07955641254287707,0.11783695124821315,0.5989425414629306,0.5500113824916695,0.1651048951048951,0.13108673774461438,True
PatchTST-Tuned,12,GJBC_BLOCK_1_A2_GIRLS,286,0.07982573806614308,0.1301091853978108,0.5865862982015612,0.6089082365039448,0.1715034965034965,0.14306601881980896,True
PatchTST-Tuned,12,GJBC_BLOCK_1_A3,286,0.1027874071304719,0.1562922257684959,0.6100563988878843,0.5700522871606261,0.19671328671328672,0.1541781633297776,True
PatchTST-Tuned,12,GJBC_BLOCK_1_A4_RO,286,0.005024165765787164,0.026085077718721695,0.08429029381609202,0.13149592437543342,0.004825174825174826,0.0006066871196588983,True
PatchTST-Tuned,12,GJBC_BLOCK_2_A1,286,0.2896501855439119,0.4541482258259845,1.3906055500469954,1.2842236830459592,0.40248251748251745,0.17160767426008483,True
PatchTST-Tuned,12,GJBC_LAW_BLOCK_3_A4_BOYS,286,0.7135481605209878,1.027339500297512,0.8617310772015481,0.6415398975318028,1.1934965034965035,0.9333865319385187,True
PatchTST-Tuned,12,GJBC_LAW_BLOCK_3__A1,283,0.37129013716016135,1.3316640980978975,1.5114097825333384,1.2160002513829742,0.6009540636042403,0.37840565020225075,True
PatchTST-Tuned,12,GJBC_LAW_BLOCK_3__A2,286,0.2360897730530559,0.4469774838779887,0.5525601458759521,0.2437572096019851,0.42363636363636364,0.34785271795479566,True
PatchTST-Tuned,12,GJBC_LAW_BLOCK_3__A3_GIRLS,286,0.1502839279800028,0.19177767421820252,0.5896229351119189,0.42416939933348846,0.3105594405594405,0.34627911563103014,True
PatchTST-Tuned,12,G_BLOCK,286,0.4173228663414508,0.6772431439340255,0.8268067609045463,0.5921832899742198,0.9605244755244755,0.9687759665759293,True
PatchTST-Tuned,12,I&H_BLOCK,286,0.31053321933174965,1.3103777102968415,0.8208671738291238,1.2333140979437824,0.3064685314685314,0.02605401873225273,True
PatchTST-Tuned,12,INFORMATION_CENTRE,286,0.016544452341137925,0.06742304097365243,1.8880794607132771,1.1215725286631852,0.01646853146853147,0.00011114919837645082,True
PatchTST-Tuned,12,IT_BLOCK,286,0.07011210674314168,0.14147203199692837,1.1972258738933426,0.874064160271973,0.08947552447552448,0.03808934764221793,True
PatchTST-Tuned,12,ME_WORKSHOP_BLOCK,286,0.02921525617253843,0.046642403679557756,0.1763274564902636,0.06291937017896636,0.035419580419580425,0.030623631392299504,True
PatchTST-Tuned,12,MM_BLOCK,286,0.3127862264476456,0.4408343179878295,0.7072419558562155,0.5674375901522959,1.1268881118881118,1.1734949940151267,True
PatchTST-Tuned,12,MRD_BLOCK,286,0.8085158258134669,1.3919664573666641,0.6717467005167569,0.48504948462849934,1.3086013986013987,0.9292883672914305,True
PatchTST-Tuned,12,NBX,286,0.4143762891411365,0.6985960800269261,0.9783609316874617,0.6844273970209612,0.786923076923077,0.6930908213493291,True
PatchTST-Tuned,12,NEW_BLOCK,286,0.053672963956019254,0.07941249683605447,0.7771223195051759,0.5969832125477371,0.1729020979020979,0.1646202455398503,True
PatchTST-Tuned,12,NEW_BLOCK_RO,286,0.00045508389090474804,0.0021318569357670603,0.22683801194837247,0.0644490534672569,0.00045454545454545455,6.025398206049742e-07,True
PatchTST-Tuned,12,TECH_PARK,286,0.23195671065651868,0.3726307702245223,0.6768906868892454,0.3739279548007699,0.3816083916083916,0.27105226267415744,True
PatchTST-Tuned,24,BE_BLOCK_OHT,564,0.7723444922088731,1.3058444589058704,0.8146749385395315,0.8177460114569504,1.9401241134751774,1.5829772044580879,True
PatchTST-Tuned,24,BE_BLOCK_RO,564,0.010914278969736924,0.020445026624108346,0.8262918279521642,0.32758955147628915,0.01148936170212766,0.0025493839583201885,True
PatchTST-Tuned,24,CRICKET_GROUND_OHT,564,0.008676914414880927,0.03458986951156606,0.1538641256123123,0.26936350779095675,0.008421985815602837,0.0005066881029147273,True
PatchTST-Tuned,24,F_BLOCK,564,0.48167152341481634,0.9269011248580695,0.8261007709266969,0.7691387204992253,0.709822695035461,0.4813168943654878,True
PatchTST-Tuned,24,GJBC_BLOCK_1_A1_BOYS,564,0.08292749704106163,0.11741107858118535,0.6240975123820137,0.5474547383845999,0.15852836879432625,0.13538960871742445,True
PatchTST-Tuned,24,GJBC_BLOCK_1_A2_GIRLS,564,0.08047121577625367,0.12175093341399457,0.5910372504745834,0.5690758162415721,0.1647340425531915,0.13930274224476824,True
PatchTST-Tuned,24,GJBC_BLOCK_1_A3,564,0.10345157232294057,0.14861035782606877,0.6136845370521598,0.5414440150002598,0.1895390070921986,0.15787910644282052,True
PatchTST-Tuned,24,GJBC_BLOCK_1_A4_RO,564,0.004095422477790281,0.019039133096103517,0.06867650622528057,0.0959773898791435,0.0040070921985815595,0.0002093147300790022,True
PatchTST-Tuned,24,GJBC_BLOCK_2_A1,564,0.293003472738787,0.4677724428212826,1.4057568149867312,1.3221939358636112,0.4049468085106383,0.1857040695390327,True
PatchTST-Tuned,24,GJBC_LAW_BLOCK_3_A4_BOYS,564,0.7897681605593956,1.1339635297538402,0.9537651982774765,0.7077853095080896,1.280709219858156,0.900205607189143,True
PatchTST-Tuned,24,GJBC_LAW_BLOCK_3__A1,561,0.3921256034790725,1.417505260359948,1.5897490409191217,1.2870970155738055,0.6260071301247772,0.41783862360446,True
PatchTST-Tuned,24,GJBC_LAW_BLOCK_3__A2,564,0.24082562492777265,0.46027406955377387,0.5628099677596334,0.2503248420756318,0.4324468085106383,0.35914105808375574,True
PatchTST-Tuned,24,GJBC_LAW_BLOCK_3__A3_GIRLS,564,0.15435478532462255,0.20513644049244958,0.6049453603985238,0.45272433723322786,0.3408333333333334,0.37386954758078494,True
PatchTST-Tuned,24,G_BLOCK,564,0.40168968401902105,0.778616413143875,0.7962809603303037,0.6828855704665262,1.0315248226950353,0.930676112572352,True
PatchTST-Tuned,24,I&H_BLOCK,564,0.32195611818970993,1.4860169351606651,0.8532269336621289,1.4147064378372927,0.3141134751773049,0.027850991879104378,True
PatchTST-Tuned,24,INFORMATION_CENTRE,564,0.017481560442183137,0.07098732982417276,2.0385247153020916,1.1903506691187125,0.017304964539007095,0.0003183826406699793,True
PatchTST-Tuned,24,IT_BLOCK,564,0.07885465252503805,0.16794649606431047,1.3501692300679664,1.0394004149880738,0.09443262411347518,0.039643136175111574,True
PatchTST-Tuned,24,ME_WORKSHOP_BLOCK,564,0.03153502584927127,0.053041339292786066,0.1902695054304934,0.07162652668417024,0.037429078014184394,0.030016612668574544,True
PatchTST-Tuned,24,MM_BLOCK,564,0.3397101398900891,0.4676236762648132,0.7678447550927939,0.6015280666209338,1.1443617021276598,1.1844589892008626,True
PatchTST-Tuned,24,MRD_BLOCK,564,0.8885682259848776,1.456875684102355,0.7381805296330971,0.5070616964220835,1.388758865248227,0.9804485799572992,True
PatchTST-Tuned,24,NBX,561,0.4367727539097349,0.9309963006126605,1.0310998006000025,0.9151869037481866,0.8031729055258466,0.7266824834593265,True
PatchTST-Tuned,24,NEW_BLOCK,564,0.06370792361967106,0.09443361736287349,0.9217312234728189,0.7091199108434202,0.17489361702127657,0.15691727033902145,True
PatchTST-Tuned,24,NEW_BLOCK_RO,564,0.000392295255882626,0.001974575270542158,0.19537265026308476,0.05967148711143698,0.0003900709219858156,2.4011333126680205e-06,True
PatchTST-Tuned,24,TECH_PARK,564,0.24919756743158641,0.4328498624510487,0.7267465245651742,0.4329318363645407,0.40037234042553194,0.2609273749766937,True
PatchTST-Tuned,48,BE_BLOCK_OHT,1139,0.7597778574493079,1.285992845893248,0.8014391025516039,0.8052729809046195,1.935873573309921,1.571296519778924,True
PatchTST-Tuned,48,BE_BLOCK_RO,1139,0.010859518486269027,0.020932757390007797,0.8222998203289337,0.3356318363993531,0.01141352063213345,0.0018080300107153327,True
PatchTST-Tuned,48,CRICKET_GROUND_OHT,1139,0.008712520534498589,0.0349394033479605,0.15450387108225538,0.2720870206153423,0.008674275680421421,0.00010335117319701515,True
PatchTST-Tuned,48,F_BLOCK,1139,0.4916662045275829,0.9364864497645131,0.8432466742619436,0.7770316245314333,0.716865671641791,0.4921251670069031,True
PatchTST-Tuned,48,GJBC_BLOCK_1_A1_BOYS,1139,0.08623383799438629,0.1202217112216937,0.6487831499355338,0.5603178485538671,0.15848990342405617,0.13170900210882092,True
PatchTST-Tuned,48,GJBC_BLOCK_1_A2_GIRLS,1139,0.08424671468253822,0.12436443579789737,0.6186321857836458,0.581059062086024,0.16414398595259,0.13867980766063515,True
PatchTST-Tuned,48,GJBC_BLOCK_1_A3,1139,0.10632283449971017,0.15095390549972904,0.6306184222471221,0.5498416199699714,0.18919227392449517,0.15662087139994874,True
PatchTST-Tuned,48,GJBC_BLOCK_1_A4_RO,1139,0.004024599521222156,0.018996822595543496,0.06748334876819098,0.09572285605751259,0.00398595258999122,8.81949407552e-05,True
PatchTST-Tuned,48,GJBC_BLOCK_2_A1,1138,0.30090677423220985,0.47578693983363,1.4435349529582495,1.3446892246948727,0.4074692442882249,0.18311138937915947,True
PatchTST-Tuned,48,GJBC_LAW_BLOCK_3_A4_BOYS,1139,0.8080901633766893,1.152819341469517,0.9758548960711416,0.7195445763169072,1.2830465320456539,0.9188927387830141,True
PatchTST-Tuned,48,GJBC_LAW_BLOCK_3__A1,1133,0.40145821248443386,1.4532125928234643,1.6288315996791352,1.3209730233424195,0.6342365401588703,0.38357762462358397,True
PatchTST-Tuned,48,GJBC_LAW_BLOCK_3__A2,1139,0.2508795185723359,0.4980076173959978,0.5862050016101683,0.2708059322245519,0.4311676909569798,0.31334096889311647,True
PatchTST-Tuned,48,GJBC_LAW_BLOCK_3__A3_GIRLS,1139,0.15773197343414347,0.20678591638734684,0.6181361993768529,0.4562446597542848,0.33749780509218613,0.3488305235400966,True
PatchTST-Tuned,48,G_BLOCK,1139,0.3840333598679467,0.7811960959763099,0.761284991989818,0.6850247060931375,1.0233450395083408,0.9618356097571362,True
PatchTST-Tuned,48,I&H_BLOCK,1139,0.31528573797582543,1.5149899156624944,0.835524139845318,1.4410427844815468,0.3123090430201932,0.012210770349602882,True
PatchTST-Tuned,48,INFORMATION_CENTRE,1139,0.017384988480164645,0.0706305591031098,2.0268291797077382,1.1839935937197867,0.017383669885864792,3.2453877111986532e-06,True
PatchTST-Tuned,48,IT_BLOCK,1139,0.08056760239865406,0.1716434203514361,1.3798892567173475,1.0624890847371045,0.09395083406496928,0.030786446688976385,True
PatchTST-Tuned,48,ME_WORKSHOP_BLOCK,1139,0.03121225322475101,0.052914029069834,0.18832572561298797,0.07148702333190769,0.036523266022827044,0.024026986068191092,True
PatchTST-Tuned,48,MM_BLOCK,1139,0.3247240319118047,0.4570858142509493,0.7339392954970102,0.5879590001674883,1.1396049165935032,1.1467541690140675,True
PatchTST-Tuned,48,MRD_BLOCK,1139,0.938594943280802,1.499675525899122,0.7797971374233816,0.5219397322322689,1.4137137840210712,0.9915300389723991,True
PatchTST-Tuned,48,NBX,1133,0.40633459151001594,0.9087156637693776,0.9594495272330618,0.8939342279750666,0.7871138570167696,0.6763674433343935,True
PatchTST-Tuned,48,NEW_BLOCK,1139,0.0593065615975616,0.09470095449336907,0.8579190228871288,0.7109018191668152,0.17575065847234417,0.1533852035443023,True
PatchTST-Tuned,48,NEW_BLOCK_RO,1139,0.00038630379602865614,0.0019654612060315234,0.19236507584833154,0.05939236900892368,0.00038630377524143984,2.078721625618525e-11,True
PatchTST-Tuned,48,TECH_PARK,1139,0.24805710933245617,0.4288694240311948,0.7234090306130443,0.4289318997819115,0.4035557506584723,0.2609437897807941,True
PatchTST-Tuned,72,BE_BLOCK_OHT,1715,0.75920032389727,1.2629919119187554,0.8008067094692092,0.7906623798151761,1.9161574344023324,1.5219192394362246,True
PatchTST-Tuned,72,BE_BLOCK_RO,1715,0.011016590316366823,0.02137295639696559,0.8342189483177734,0.34291491766451754,0.01113119533527697,0.0005227460611005219,True
PatchTST-Tuned,72,CRICKET_GROUND_OHT,1715,0.009185661853187177,0.03565495416074583,0.1630993226050881,0.277777577728885,0.00917201166180758,2.731943477579233e-05,True
PatchTST-Tuned,72,F_BLOCK,1715,0.490850334175952,0.9388800493059911,0.8418517929379375,0.778982191646996,0.7209271137026239,0.504786130713174,True
PatchTST-Tuned,72,GJBC_BLOCK_1_A1_BOYS,1715,0.08591622481419116,0.11958036407263463,0.6464430252637028,0.5573395736196011,0.158600583090379,0.13310308429920292,True
PatchTST-Tuned,72,GJBC_BLOCK_1_A2_GIRLS,1715,0.08579415134151545,0.12651290791808634,0.6300107189817322,0.5910710213299427,0.16416909620991255,0.1372364542596368,True
PatchTST-Tuned,72,GJBC_BLOCK_1_A3,1715,0.10884325611165592,0.15340474192126877,0.6455214209558084,0.5586730436698095,0.18946938775510205,0.15783043102559474,True
PatchTST-Tuned,72,GJBC_BLOCK_1_A4_RO,1715,0.004256295894873191,0.021648784499340917,0.07133188230762195,0.10897625238785344,0.0042507288629737615,2.0487933299050807e-05,True
PatchTST-Tuned,72,GJBC_BLOCK_2_A1,1713,0.3102016645373736,0.48875012111762417,1.4881931082855346,1.3815203300824608,0.405563339171045,0.16207574899733387,True
PatchTST-Tuned,72,GJBC_LAW_BLOCK_3_A4_BOYS,1715,0.8217481175886993,1.1607056320249918,0.9923858393791706,0.7244504600268625,1.2839475218658893,0.8957134270980824,True
PatchTST-Tuned,72,GJBC_LAW_BLOCK_3__A1,1706,0.39227334586599927,1.436591228184028,1.5914296566978223,1.3065530288695686,0.6290328253223916,0.39405494590332474,True
PatchTST-Tuned,72,GJBC_LAW_BLOCK_3__A2,1715,0.2475736374020924,0.47711080246106197,0.5785653276774629,0.2595259908177388,0.427399416909621,0.31483791788534937,True
PatchTST-Tuned,72,GJBC_LAW_BLOCK_3__A3_GIRLS,1715,0.1644843382331442,0.21273424999375368,0.6445331134118978,0.4693256864956025,0.3349037900874635,0.38240565922621733,True
PatchTST-Tuned,72,G_BLOCK,1715,0.38972031523951983,0.7798046010562564,0.7725546364513548,0.6836294179405952,1.0166763848396503,0.9498847008794111,True
PatchTST-Tuned,72,I&H_BLOCK,1715,0.2999368365681184,1.4789111583531198,0.7952385288181574,1.4108464785100225,0.29879883381924194,0.005421113806788332,True
PatchTST-Tuned,72,INFORMATION_CENTRE,1715,0.017253387626858213,0.07028019407978744,2.0098781380877155,1.177457699123763,0.017247813411078717,1.0139274682499652e-05,True
PatchTST-Tuned,72,IT_BLOCK,1715,0.07983307187699064,0.16920437569253932,1.367504084561242,1.0475425379111987,0.09289795918367347,0.03201616468863784,True
PatchTST-Tuned,72,ME_WORKSHOP_BLOCK,1715,0.03209712368777733,0.05042560743906066,0.19360891868104965,0.06812896866393787,0.0361399416909621,0.03330196516191907,True
PatchTST-Tuned,72,MM_BLOCK,1715,0.34740299169523725,0.4712030328428123,0.7852299783174819,0.6061348355520187,1.136932944606414,1.1926277443549376,True
PatchTST-Tuned,72,MRD_BLOCK,1715,0.950146640820684,1.479132584846565,0.7893477196183809,0.5148616345067868,1.4237551020408161,1.0447259477901736,True
PatchTST-Tuned,72,NBX,1706,0.41060337466588476,0.8930857716376658,0.9694213096414701,0.8788754457883303,0.7730070339976554,0.7043455010509295,True
PatchTST-Tuned,72,NEW_BLOCK,1715,0.06293379885861895,0.0933922899317846,0.9104936848268026,0.7012796108796083,0.17590087463556853,0.16067343231714154,True
PatchTST-Tuned,72,NEW_BLOCK_RO,1715,0.00037904443969338623,0.0019468135796104537,0.18868453972971538,0.05881615478831163,0.00037900874635568517,3.61362157525286e-08,True
PatchTST-Tuned,72,TECH_PARK,1715,0.24179429641235672,0.41490685616303785,0.7051531270519262,0.41493193007569834,0.40137609329446067,0.2751775712122375,True
PatchTST-Tuned,168,BE_BLOCK_OHT,4019,0.7305643816556644,1.2190442665578822,0.7705423340799114,0.7630288098210515,1.8786290121920877,1.5519166322868538,True
PatchTST-Tuned,168,BE_BLOCK_RO,4019,0.010778141388020173,0.02071506164936237,0.8160560816908469,0.3324897559599611,0.01094302065190346,0.0006940748088826041,True
PatchTST-Tuned,168,CRICKET_GROUND_OHT,4019,0.008726418552352266,0.032202428205616106,0.15524950554702355,0.2511082290243645,0.008621547648668822,0.0001997325788758041,True
PatchTST-Tuned,168,F_BLOCK,4019,0.5175816804271457,0.8722797754388926,0.8877231555708459,0.7234440637373262,0.712963423737248,0.5753569974883571,True
PatchTST-Tuned,168,GJBC_BLOCK_1_A1_BOYS,4019,0.08805071535840739,0.12172166234217956,0.6624009970507633,0.5670466008101329,0.15860413038069174,0.1345990174636523,True
PatchTST-Tuned,168,GJBC_BLOCK_1_A2_GIRLS,4019,0.08842977006130179,0.12927803078065658,0.6492609470514223,0.6036402534765292,0.16429957700920625,0.13704139696636672,True
PatchTST-Tuned,168,GJBC_BLOCK_1_A3,4019,0.10983837385206087,0.1546830208397065,0.6513163791430034,0.5630676245206296,0.18890768847972134,0.15843537809852345,True
PatchTST-Tuned,168,GJBC_BLOCK_1_A4_RO,4019,0.004165082644153394,0.020166528954100746,0.06974779978450658,0.10132476694583609,0.0041602388653894,1.2661643842023073e-05,True
PatchTST-Tuned,168,GJBC_BLOCK_2_A1,4013,0.3065139598227293,0.43500821173903526,1.4707309677212637,1.2298402147568663,0.3998504859207575,0.25215950193208053,True
PatchTST-Tuned,168,GJBC_LAW_BLOCK_3_A4_BOYS,4019,0.8233910097954847,1.1413785374974184,0.9943440325266919,0.7124323514642922,1.2819656631002738,0.9854056193597817,True
PatchTST-Tuned,168,GJBC_LAW_BLOCK_3__A1,3995,0.42506712530029284,1.5593429165320083,1.72474143914526,1.4170968370813464,0.6534518147684606,0.43240729903473574,True
PatchTST-Tuned,168,GJBC_LAW_BLOCK_3__A2,4019,0.24105481690911398,0.4452165284789966,0.5633804059609734,0.2422832314246252,0.41123413784523516,0.380469754701617,True
PatchTST-Tuned,168,GJBC_LAW_BLOCK_3__A3_GIRLS,4019,0.17505545454228152,0.22417040722804588,0.6857711400554102,0.49431291493150753,0.323018163722319,0.3992278099460488,True
PatchTST-Tuned,168,G_BLOCK,4019,0.4138722264473045,0.7986950746395477,0.820469060773125,0.6995556853438748,1.0174222443393879,0.9091217792072709,True
PatchTST-Tuned,168,I&H_BLOCK,4019,0.3070693451932609,1.456686707622616,0.8147281704456492,1.3946323947082337,0.30510077133615326,0.012243002209740212,True
PatchTST-Tuned,168,INFORMATION_CENTRE,4019,0.015392282668850623,0.06540446733453956,1.785597332086799,1.0940914833430706,0.015349589450111969,6.956687482278847e-05,True
PatchTST-Tuned,168,IT_BLOCK,4019,0.07661622766238499,0.1615803090929579,1.3132526997969551,1.000978392932295,0.09161731774073154,0.03940542811297509,True
PatchTST-Tuned,168,ME_WORKSHOP_BLOCK,4019,0.03149122346477162,0.048413056595768965,0.18978625278547887,0.06536218872640402,0.03508584224931575,0.03396346600706318,True
PatchTST-Tuned,168,MM_BLOCK,4019,0.3819744161676785,0.493233037302057,0.8634646733498076,0.6345305821843771,1.1247001741726799,1.2077027738583743,True
PatchTST-Tuned,168,MRD_BLOCK,4019,0.9677470558559934,1.488830510408741,0.8038619842215429,0.5181058595010922,1.4343468524508582,1.0554715907523275,True
PatchTST-Tuned,168,NBX,3998,0.41725240987828516,0.7054871810872957,0.9848358703955337,0.6922557678546096,0.7322611305652826,0.7813858539164216,True
PatchTST-Tuned,168,NEW_BLOCK,4019,0.06922855451017151,0.09543183714251194,1.0015272483533086,0.7164807300878191,0.17475491415775066,0.1666231669854483,True
PatchTST-Tuned,168,NEW_BLOCK_RO,4019,0.00037390160387989926,0.001931748289817918,0.1862070446696609,0.05838593518185042,0.0003732271709380443,7.36528578070692e-07,True
PatchTST-Tuned,168,TECH_PARK,4019,0.2385912933396178,0.4084182594122038,0.6957858065104363,0.4083060981847163,0.39104005971634737,0.266019191994288,True
PatchTST,6,BE_BLOCK_OHT,142,0.731819031675097,1.1057533749478352,0.7715582912081246,0.6918100428334024,1.7737323943661973,1.547270309757179,True
PatchTST,6,BE_BLOCK_RO,142,0.009598989113755394,0.01950421234509087,0.7273551607706936,0.3136190090977553,0.009788732394366197,0.0005287983330047827,True
PatchTST,6,CRICKET_GROUND_OHT,142,0.013475056489007193,0.053310816792862835,0.23865080562304627,0.41503490296389783,0.013380281690140848,0.00038423898548295497,True
PatchTST,6,F_BLOCK,142,0.460786020664472,0.8440126805947105,0.7902882262199884,0.6991701547411507,0.6871126760563381,0.41278863210283534,True
PatchTST,6,GJBC_BLOCK_1_A1_BOYS,142,0.07504629568524765,0.10266706789113239,0.5648999183517758,0.4785508877024815,0.15492957746478872,0.11971158051574735,True
PatchTST,6,GJBC_BLOCK_1_A2_GIRLS,142,0.06897577446373836,0.0952151060117796,0.5065295211806676,0.4445996319277523,0.15971830985915494,0.1336954332442141,True
PatchTST,6,GJBC_BLOCK_1_A3,142,0.10193456374423604,0.13793652059228503,0.6048507897321462,0.5023164195401179,0.18105633802816903,0.1462540298070706,True
PatchTST,6,GJBC_BLOCK_1_A4_RO,142,0.006087685873656957,0.036597461199396504,0.10207881834677524,0.1844792874970134,0.0060563380281690145,0.00016727170069815925,True
PatchTST,6,GJBC_BLOCK_2_A1,142,0.33995961401270514,0.5107100864818767,1.6318106773198062,1.444475855333006,0.42133802816901406,0.17603809839691703,True
PatchTST,6,GJBC_LAW_BLOCK_3_A4_BOYS,142,0.7595264352732142,1.0666253294183305,0.917494047770005,0.6659281840464513,1.1424647887323942,0.7900520205812555,True
PatchTST,6,GJBC_LAW_BLOCK_3__A1,139,0.2975087033726757,0.9696142530298558,1.2163972151361053,0.8882685051173067,0.5150359712230216,0.30431278261670963,True
PatchTST,6,GJBC_LAW_BLOCK_3__A2,142,0.1937631815955253,0.39578600600215075,0.4540535289777486,0.21665334803106726,0.3630985915492958,0.29393051499107353,True
PatchTST,6,GJBC_LAW_BLOCK_3__A3_GIRLS,142,0.13969526702774246,0.17975835705194668,0.5476202721341125,0.39705577354315214,0.3047887323943662,0.3158128991670592,True
PatchTST,6,G_BLOCK,142,0.3896827916066411,0.5575642358264402,0.7719362134419042,0.4870319940121792,0.9742957746478871,0.9281988848053234,True
PatchTST,6,I&H_BLOCK,142,0.4362310029261887,1.604265257401695,1.1491298805949484,1.4914920543467607,0.43302816901408453,0.015818294732295252,True
PatchTST,6,INFORMATION_CENTRE,142,0.014166643270854507,0.05999713524780645,1.6382824268214367,0.999669619407536,0.014084507042253521,9.523564930417014e-05,True
PatchTST,6,IT_BLOCK,142,0.07959231185487432,0.16366467768565277,1.356076822041636,1.0091966881721648,0.09190140845070423,0.03423857236113793,True
PatchTST,6,ME_WORKSHOP_BLOCK,142,0.02947665450253571,0.043793825842012815,0.17814612075952996,0.059322646161400365,0.03492957746478873,0.017098253858523708,True
PatchTST,6,MM_BLOCK,142,0.35857635308319413,0.47425930239872466,0.8107998420922681,0.6105306409101349,1.0646478873239438,1.121619892372212,True
PatchTST,6,MRD_BLOCK,142,0.8335303319235082,1.5069723494872636,0.6923210576527419,0.5251657956756521,1.3928873239436619,0.8531099152292164,True
PatchTST,6,NBX,142,0.4755661061511073,0.6932583148194955,1.1216804891372067,0.6745634654199468,0.7847887323943662,0.6768728153071772,True
PatchTST,6,NEW_BLOCK,142,0.05983124002945465,0.09063351049902955,0.8662513366497371,0.6820779378168726,0.17204225352112676,0.1442494129198013,True
PatchTST,6,NEW_BLOCK_RO,142,0.0002819112209342361,0.0016779149110712716,0.1392811694632821,0.05041840355713281,0.00028169014084507044,3.718344850995207e-07,True
PatchTST,6,TECH_PARK,142,0.26360035436434515,0.4190575879547654,0.7692521759691918,0.420202336963722,0.3949295774647887,0.2248834475332176,True
PatchTST,12,BE_BLOCK_OHT,286,0.7909832254739907,1.273680456003269,0.8342199339312476,0.7974728050578421,1.8353846153846152,1.5483639025604807,True
PatchTST,12,BE_BLOCK_RO,286,0.010871092812007942,0.020101067757057892,0.8243674703806405,0.3236162531301685,0.010944055944055946,0.0017580720375415288,True
PatchTST,12,CRICKET_GROUND_OHT,286,0.011067992157476243,0.04409741036104414,0.1961357533218074,0.34346752650638934,0.010769230769230769,0.001086606036083267,True
PatchTST,12,F_BLOCK,286,0.49534052993190464,0.8543119683092774,0.8499236496518612,0.708809288931076,0.6956993006993007,0.4286691556730262,True
PatchTST,12,GJBC_BLOCK_1_A1_BOYS,286,0.08223128074115807,0.11956404082857536,0.619096050094027,0.5579931004297897,0.1651048951048951,0.13455474712736123,True
PatchTST,12,GJBC_BLOCK_1_A2_GIRLS,286,0.08264264816301062,0.13235803988443057,0.6072611241934186,0.6193060248481002,0.1715034965034965,0.14352542325411435,True
PatchTST,12,GJBC_BLOCK_1_A3,286,0.10575942437965553,0.15947695248074084,0.6276871793721145,0.5815820913501893,0.19671328671328672,0.15516836128451608,True
PatchTST,12,GJBC_BLOCK_1_A4_RO,286,0.004929482517078449,0.026171112038932357,0.08270772885842732,0.13192995442795574,0.004825174825174826,0.00032573672887214013,True
PatchTST,12,GJBC_BLOCK_2_A1,286,0.34419786419110515,0.5088517957448938,1.6521239815567115,1.4387265818548853,0.40248251748251745,0.18064580213887474,True
PatchTST,12,GJBC_LAW_BLOCK_3_A4_BOYS,286,0.7649625418746804,1.1026942681323508,0.9237663417466299,0.688569873037179,1.1934965034965035,0.810755148972873,True
PatchTST,12,GJBC_LAW_BLOCK_3__A1,283,0.40543837466214655,1.350196276915949,1.6506909272806718,1.2330210472106646,0.6009540636042403,0.36523968249875327,True
PatchTST,12,GJBC_LAW_BLOCK_3__A2,286,0.24586283965023248,0.4804133698236442,0.575206101463626,0.26186568957503686,0.42363636363636364,0.32328613224875674,True
PatchTST,12,GJBC_LAW_BLOCK_3__A3_GIRLS,286,0.15946578616133103,0.20125255917226226,0.625212737148678,0.44465692198553536,0.3105594405594405,0.321781031084019,True
PatchTST,12,G_BLOCK,286,0.4517856077047495,0.6876941755879225,0.8951257425950468,0.601311133117001,0.9605244755244755,0.9320069363900831,True
PatchTST,12,I&H_BLOCK,286,0.32906552380384746,1.2975439775237958,0.869600437750539,1.220969287667073,0.3064685314685314,0.060460016057331305,True
PatchTST,12,INFORMATION_CENTRE,286,0.01663377632259173,0.06738960615388015,1.8984853838117033,1.121000605166502,0.01646853146853147,0.0002781362204984419,True
PatchTST,12,IT_BLOCK,286,0.07423528520195008,0.14725956665270798,1.267464576286305,0.9097041953777382,0.08947552447552448,0.039017983992304,True
PatchTST,12,ME_WORKSHOP_BLOCK,286,0.028003494205617614,0.04655100496629124,0.16913492126852367,0.06278794077046264,0.035419580419580425,0.024017923615768655,True
PatchTST,12,MM_BLOCK,286,0.3528580662337217,0.47861841809071276,0.7977724898587084,0.6161469271499788,1.1268881118881118,1.1423920911925656,True
PatchTST,12,MRD_BLOCK,286,0.877538726715358,1.421770820454434,0.7290244765728416,0.4955539812051094,1.3086013986013987,0.9414733808253195,True
PatchTST,12,NBX,286,0.4733756567381479,0.7429376364000914,1.1179070287336543,0.7277203510231649,0.786923076923077,0.6949124563407231,True
PatchTST,12,NEW_BLOCK,286,0.06596525845306736,0.09005916515489623,0.9549691753511769,0.6769884299305439,0.1729020979020979,0.1617292663069455,True
PatchTST,12,NEW_BLOCK_RO,286,0.00045487333933384635,0.002131768703128551,0.22673331616953687,0.06444640817254434,0.00045454545454545455,4.297356767180122e-07,True
PatchTST,12,TECH_PARK,286,0.27163599857135673,0.42840321084362276,0.7926591231159158,0.4299928651934615,0.3816083916083916,0.2458697269195235,True
PatchTST,24,BE_BLOCK_OHT,564,0.8362022859154018,1.3631730676516034,0.8820021364949402,0.8536476783799422,1.9401241134751774,1.6649404903675646,True
PatchTST,24,BE_BLOCK_RO,564,0.010805802921100999,0.020267158977418345,0.8182100604684149,0.32502247970270703,0.01148936170212766,0.002648961323434632,True
PatchTST,24,CRICKET_GROUND_OHT,564,0.008901984357935249,0.03448826418861837,0.15781434829352,0.26857167766800233,0.008421985815602837,0.0011989607522624693,True
PatchTST,24,F_BLOCK,564,0.5592855673330897,1.0009072079784436,0.9591793137575523,0.8304314433381155,0.709822695035461,0.47845523698744197,True
PatchTST,24,GJBC_BLOCK_1_A1_BOYS,564,0.08798555631058436,0.11849416502955237,0.662146690899373,0.5524254953177703,0.15852836879432625,0.14691263767527352,True
PatchTST,24,GJBC_BLOCK_1_A2_GIRLS,564,0.08719497063719,0.12507565356847797,0.6404085443213756,0.5845399091896111,0.1647340425531915,0.15578006743618572,True
PatchTST,24,GJBC_BLOCK_1_A3,564,0.10920808463020527,0.15011906718898424,0.6478222875023802,0.5468857588892593,0.1895390070921986,0.17372201922092032,True
PatchTST,24,GJBC_BLOCK_1_A4_RO,564,0.00429933121882499,0.018993798044335257,0.07210635257076128,0.09574677164705846,0.0040070921985815595,0.0007768092441309051,True
PatchTST,24,GJBC_BLOCK_2_A1,564,0.328354551374833,0.48314662516785234,1.5753100755248026,1.3656340453208806,0.4049468085106383,0.211578060803499,True
PatchTST,24,GJBC_LAW_BLOCK_3_A4_BOYS,564,0.8721083587873066,1.2105550336023547,1.0531808356159356,0.7555309183530721,1.280709219858156,0.9626176896775868,True
PatchTST,24,GJBC_LAW_BLOCK_3__A1,561,0.4185103166523039,1.4331087969290563,1.6970084385674313,1.3013166292019447,0.6260071301247772,0.397914224143228,True
PatchTST,24,GJBC_LAW_BLOCK_3__A2,564,0.2548835214470506,0.4948691822986295,0.595475853840927,0.26908475012203764,0.4324468085106383,0.34607009297725577,True
PatchTST,24,GJBC_LAW_BLOCK_3__A3_GIRLS,564,0.1667298189846548,0.2159815504310077,0.6532263811465628,0.47636857321891163,0.3408333333333334,0.34934001184788577,True
PatchTST,24,G_BLOCK,564,0.3842650323873716,0.7916776545419574,0.76168545784087,0.6943056006811897,1.0315248226950353,0.9630851216667088,True
PatchTST,24,I&H_BLOCK,564,0.33657706809777965,1.4744453400130324,0.8918076528701961,1.4037287897815003,0.3141134751773049,0.05955192727478079,True
PatchTST,24,INFORMATION_CENTRE,564,0.017637184207093818,0.0708958255419688,2.0562209126528583,1.1887951008562172,0.017304964539007095,0.0007025273620446898,True
PatchTST,24,IT_BLOCK,564,0.0820950362633861,0.1694000829666893,1.4053695850117462,1.0483592156820891,0.09443262411347518,0.04814733631400299,True
PatchTST,24,ME_WORKSHOP_BLOCK,564,0.031352726114543934,0.053524650478763564,0.18920811666097773,0.07226207834252087,0.037429078014184394,0.027965456833534522,True
PatchTST,24,MM_BLOCK,564,0.3783649448342357,0.5080958099598595,0.855138734597663,0.6535073177659695,1.1443617021276598,1.191879798862951,True
PatchTST,24,MRD_BLOCK,564,0.9726502658775511,1.521610099702005,0.8079210678823333,0.5297292133911814,1.388758865248227,1.0873599669083636,True
PatchTST,24,NBX,561,0.4673533456763269,0.9500397342774165,1.1032786913377928,0.9333690660536262,0.8031729055258466,0.699575961486116,True
PatchTST,24,NEW_BLOCK,564,0.07156178111302935,0.10013977274657966,1.0353558069369089,0.752035685176877,0.17489361702127657,0.16857269881887638,True
PatchTST,24,NEW_BLOCK_RO,564,0.0003915783863893481,0.0019745627205991116,0.19501602577069427,0.05967110533355567,0.0003900709219858156,1.689275790766391e-06,True
PatchTST,24,TECH_PARK,564,0.26190520409032275,0.45345390961147963,0.763788982491246,0.45349161709158325,0.40037234042553194,0.2491828213802519,True
PatchTST,48,BE_BLOCK_OHT,1139,0.8366355176595767,1.3824866796683861,0.8824780487082059,0.8657153683512457,1.935873573309921,1.6111743443885114,True
PatchTST,48,BE_BLOCK_RO,1139,0.011074265776985802,0.020784088650276897,0.8384792246861583,0.33329698979007244,0.01141352063213345,0.002635299778411799,True
PatchTST,48,CRICKET_GROUND_OHT,1139,0.009053619007310791,0.034833220375717414,0.16056718050094443,0.271254202587103,0.008674275680421421,0.0008806125902105004,True
PatchTST,48,F_BLOCK,1139,0.5549707823531265,1.0020403330622356,0.9517883709817859,0.8313186234457074,0.716865671641791,0.47415199098721,True
PatchTST,48,GJBC_BLOCK_1_A1_BOYS,1139,0.08897581319951822,0.12150127445525127,0.66950398518491,0.5663322781743343,0.15848990342405617,0.1365786042617171,True
PatchTST,48,GJBC_BLOCK_1_A2_GIRLS,1139,0.08884926308145955,0.12835133487478917,0.6524828484218299,0.599677082684598,0.16414398595259,0.14202900489594353,True
PatchTST,48,GJBC_BLOCK_1_A3,1139,0.11034479787061359,0.153005113618048,0.6544876243278795,0.5572737917649914,0.18919227392449517,0.16239918180666962,True
PatchTST,48,GJBC_BLOCK_1_A4_RO,1139,0.004325030133799304,0.018887664315074874,0.07252056533284064,0.09516999085031,0.00398595258999122,0.0008711305633918264,True
PatchTST,48,GJBC_BLOCK_2_A1,1138,0.32783065664518124,0.47544219807044613,1.5727063194619655,1.3437189568989703,0.4074692442882249,0.22950540276601097,True
PatchTST,48,GJBC_LAW_BLOCK_3_A4_BOYS,1139,0.8744459141352597,1.217710748143792,1.0559657760891321,0.7599985636044377,1.2830465320456539,0.9379899478644211,True
PatchTST,48,GJBC_LAW_BLOCK_3__A1,1133,0.41862804970905404,1.4384109847899618,1.6984521772797867,1.3076005206948396,0.6342365401588703,0.38962468607490924,True
PatchTST,48,GJBC_LAW_BLOCK_3__A2,1139,0.2474537642863992,0.4877390403188325,0.5782360048115864,0.26534581589947426,0.4311676909569798,0.3338308819390578,True
PatchTST,48,GJBC_LAW_BLOCK_3__A3_GIRLS,1139,0.1635929733653462,0.21584057143860305,0.6409480558977939,0.47604025107547826,0.33749780509218613,0.31884757848006784,True
PatchTST,48,G_BLOCK,1139,0.40600530628471443,0.7905323564747275,0.8048006659609364,0.6931399243728963,1.0233450395083408,0.8897794007574706,True
PatchTST,48,I&H_BLOCK,1139,0.3486002549773264,1.502990125878985,0.9236765456959889,1.4297172226090509,0.3123090430201932,0.06893945208927767,True
PatchTST,48,INFORMATION_CENTRE,1139,0.017771623836409445,0.07046257153748756,2.071670287414181,1.18114240204195,0.017383669885864792,0.0007822168283112761,True
PatchTST,48,IT_BLOCK,1139,0.08172597069365216,0.16773844833504428,1.3993505344269728,1.0383240430867573,0.09395083406496928,0.05147483793215677,True
PatchTST,48,ME_WORKSHOP_BLOCK,1139,0.030331767817257632,0.05143901122990475,0.1830572203607641,0.0694916231474998,0.036523266022827044,0.027282172384736462,True
PatchTST,48,MM_BLOCK,1139,0.3531891828110806,0.49982451136326683,0.7982655231704328,0.6429200231752811,1.1396049165935032,1.0922493180546247,True
PatchTST,48,MRD_BLOCK,1139,1.0322525705581593,1.5842184372287769,0.8574273922921484,0.5514964122039939,1.4137137840210712,1.0589712922305157,True
PatchTST,48,NBX,1133,0.44815811492759156,0.9238833528895695,1.058127376370691,0.90835102199207,0.7871138570167696,0.6821792574183455,True
PatchTST,48,NEW_BLOCK,1139,0.0706419226880446,0.10111647254997311,1.0221431141196855,0.7594311365235624,0.17575065847234417,0.15814297862802293,True
PatchTST,48,NEW_BLOCK_RO,1139,0.00038936815546949065,0.0019646339677871494,0.19389515043139974,0.05936734134449026,0.00038630377524143984,3.408623454608367e-06,True
PatchTST,48,TECH_PARK,1139,0.26737410176319704,0.45661261654105006,0.7797337041087298,0.4567440184697036,0.4035557506584723,0.24156603682704458,True
PatchTST,72,BE_BLOCK_OHT,1715,0.8510514179068474,1.3933723259897788,0.897627027047405,0.8722829936908963,1.9161574344023324,1.5438565671270166,True
PatchTST,72,BE_BLOCK_RO,1715,0.011079304354550264,0.021156086352692224,0.838912282272329,0.33946322927348804,0.01113119533527697,0.001187718783989425,True
PatchTST,72,CRICKET_GROUND_OHT,1715,0.009277114027151583,0.035626729107391175,0.16471954583919604,0.27755723436283386,0.00917201166180758,0.00025049773374010055,True
PatchTST,72,F_BLOCK,1715,0.5699516553274049,1.0299500799391554,0.9774300560015587,0.8543938059804506,0.7209271137026239,0.41301831999256033,True
PatchTST,72,GJBC_BLOCK_1_A1_BOYS,1715,0.09127484295397736,0.12421039012201325,0.6867471210166355,0.5788299341185487,0.158600583090379,0.12723061032484642,True
PatchTST,72,GJBC_BLOCK_1_A2_GIRLS,1715,0.0927352757225405,0.13238365276918834,0.6808877590357347,0.6183228576738745,0.16416909620991255,0.13208951970274524,True
PatchTST,72,GJBC_BLOCK_1_A3,1715,0.11260576638283952,0.15687060799341745,0.6677866893594265,0.5711995844760798,0.18946938775510205,0.1506875562142179,True
PatchTST,72,GJBC_BLOCK_1_A4_RO,1715,0.004366362544042279,0.021592022392211387,0.0731784871747561,0.10868907214121114,0.0042507288629737615,0.00031329936350676707,True
PatchTST,72,GJBC_BLOCK_2_A1,1713,0.3414224591549434,0.5145757784446305,1.6379528223620972,1.4543649952247553,0.405563339171045,0.1759560409432821,True
PatchTST,72,GJBC_LAW_BLOCK_3_A4_BOYS,1715,0.8935608715948489,1.2474377689138898,1.079040087515272,0.7785700391365866,1.2839475218658893,0.8627302428549998,True
PatchTST,72,GJBC_LAW_BLOCK_3__A1,1706,0.4159989895420924,1.4552912795704387,1.686920763811395,1.3233607750821905,0.6290328253223916,0.3326509051452907,True
PatchTST,72,GJBC_LAW_BLOCK_3__A2,1715,0.25222625147149447,0.4979175360579317,0.5894560278942447,0.27090005370540227,0.427399416909621,0.31335216519088854,True
PatchTST,72,GJBC_LAW_BLOCK_3__A3_GIRLS,1715,0.16545430479053158,0.21789804727913303,0.6482105315923526,0.4805293289674374,0.3349037900874635,0.30097207252815933,True
PatchTST,72,G_BLOCK,1715,0.43094444619948935,0.7990149190025534,0.8541976186323619,0.7003915300343612,1.0166763848396503,0.836265294371124,True
PatchTST,72,I&H_BLOCK,1715,0.3125237130453895,1.4751421644432736,0.8285249264895242,1.4072113430201705,0.29879883381924194,0.027036224024883298,True
PatchTST,72,INFORMATION_CENTRE,1715,0.017349787782089933,0.07021966483347737,2.020958725363761,1.1764293910804429,0.017247813411078717,0.0002396072102148516,True
PatchTST,72,IT_BLOCK,1715,0.08142774915505667,0.17228068233790844,1.3945824673310458,1.0665121445382844,0.09289795918367347,0.031004910215697422,True
PatchTST,72,ME_WORKSHOP_BLOCK,1715,0.02997456342223,0.052585978960963814,0.18088821757702114,0.07103799078478243,0.0361399416909621,0.02012213640751279,True
PatchTST,72,MM_BLOCK,1715,0.3577561385958257,0.5155259521355073,0.808670629432935,0.6631860082740975,1.136932944606414,1.0370724560568005,True
PatchTST,72,MRD_BLOCK,1715,1.0515612271575818,1.6158940464188176,0.8734735739589099,0.5626470904683705,1.4237551020408161,0.9758946361069082,True
PatchTST,72,NBX,1706,0.4387178512663522,0.9197881474453611,1.0358881489142329,0.9046414829670187,0.7730070339976554,0.6407359042767203,True
PatchTST,72,NEW_BLOCK,1715,0.07660006281029724,0.1085044709688753,1.1082570607673075,0.8147849748426704,0.17590087463556853,0.1431221725554925,True
PatchTST,72,NEW_BLOCK_RO,1715,0.0003809874120518129,0.0019463804657539536,0.18965432146309746,0.05880294407807423,0.00037900874635568517,2.1507439868487246e-06,True
PatchTST,72,TECH_PARK,1715,0.27640149988344825,0.47559256583215287,0.8060532295293726,0.47567640274389883,0.40137609329446067,0.20695314555437067,True
PatchTST,168,BE_BLOCK_OHT,4019,0.8932655324269123,1.3580969282064477,0.9420886312903853,0.8500680728926557,1.8786290121920877,1.6984712290034183,True
PatchTST,168,BE_BLOCK_RO,4019,0.010846270108512893,0.020437017628659224,0.8211874024419459,0.3281208972005058,0.01094302065190346,0.0013902984983124311,True
PatchTST,168,CRICKET_GROUND_OHT,4019,0.008863879779416326,0.03214137355324797,0.15766389484704427,0.2506373368771876,0.008621547648668822,0.0005372373055866266,True
PatchTST,168,F_BLOCK,4019,0.5649881718180375,0.9489126748242399,0.9689845413442049,0.7868879649099328,0.712963423737248,0.4674434733015591,True
PatchTST,168,GJBC_BLOCK_1_A1_BOYS,4019,0.09501022999968567,0.12667095781649537,0.7147762959834054,0.5900856911101412,0.15860413038069174,0.14195780495552912,True
PatchTST,168,GJBC_BLOCK_1_A2_GIRLS,4019,0.09613905417226565,0.1339940136935199,0.7059156425192015,0.6256506199207692,0.16429957700920625,0.14866196531380668,True
PatchTST,168,GJBC_BLOCK_1_A3,4019,0.11859203722204667,0.16055571165308918,0.7032331976003441,0.5844168806364213,0.18890768847972134,0.1664734214514635,True
PatchTST,168,GJBC_BLOCK_1_A4_RO,4019,0.004343488696364164,0.020084831574629678,0.07272826110848586,0.10091216232181215,0.0041602388653894,0.000444732324260821,True
PatchTST,168,GJBC_BLOCK_2_A1,4013,0.33525761694603856,0.4853887208834586,1.6086584615429127,1.372218829688144,0.3998504859207575,0.20793934797322405,True
PatchTST,168,GJBC_LAW_BLOCK_3_A4_BOYS,4019,0.89794991548514,1.2282224551343535,1.0843531109182205,0.7665983543092771,1.2819656631002738,0.9531698107986374,True
PatchTST,168,GJBC_LAW_BLOCK_3__A1,3995,0.4412487552525553,1.5826446587746656,1.7901018678644491,1.4382630308995206,0.6534518147684606,0.37930040630664635,True
PatchTST,168,GJBC_LAW_BLOCK_3__A2,4019,0.2487981606474502,0.47789677119043733,0.5814278604989025,0.2600848089626094,0.41123413784523516,0.3349254089605752,True
PatchTST,168,GJBC_LAW_BLOCK_3__A3_GIRLS,4019,0.18181850813920594,0.23123896056856943,0.7121725409720561,0.5097526121152445,0.323018163722319,0.3374080410100655,True
PatchTST,168,G_BLOCK,4019,0.4346605559550995,0.8043383734941065,0.8614703675269212,0.7044047375723798,1.0174222443393879,0.9492402102230022,True
PatchTST,168,I&H_BLOCK,4019,0.3320973790529994,1.4506251837762514,0.8806529462375666,1.388817724936938,0.30510077133615326,0.047324323849075235,True
PatchTST,168,INFORMATION_CENTRE,4019,0.015586931508480678,0.06530055407053811,1.8087259991287206,1.0923228031309338,0.015349589450111969,0.0004305775673444202,True
PatchTST,168,IT_BLOCK,4019,0.0778164145283857,0.16096302816917732,1.3335045577113704,0.9971136430202715,0.09161731774073154,0.04782394184036916,True
PatchTST,168,ME_WORKSHOP_BLOCK,4019,0.030156222053639666,0.04926705615108779,0.18194086416926028,0.06651417194149636,0.03508584224931575,0.026988356927111764,True
PatchTST,168,MM_BLOCK,4019,0.398278891607789,0.5237658163081406,0.9002137813652343,0.6737498985528287,1.1247001741726799,1.140869763693011,True
PatchTST,168,MRD_BLOCK,4019,1.087250314734118,1.6198721088576504,0.9029185669865334,0.563971266345077,1.4343468524508582,1.0733544900512837,True
PatchTST,168,NBX,3998,0.4322330993276766,0.7273783175076367,1.0204014347990582,0.7134931843938808,0.7322611305652826,0.7074069000814127,True
PatchTST,168,NEW_BLOCK,4019,0.07879232029819642,0.10414609874977203,1.1398812331388328,0.7819846448431991,0.17475491415775066,0.169112119018201,True
PatchTST,168,NEW_BLOCK_RO,4019,0.0003741912949121591,0.0019316867924173027,0.1863521285794673,0.05838403146687081,0.0003732271709380443,1.0504411352071944e-06,True
PatchTST,168,TECH_PARK,4019,0.25742100294233555,0.445995050573055,0.7506751028353535,0.44590098493547153,0.39104005971634737,0.23593137376649992,True
SeasonalNaive,6,BE_BLOCK_OHT,142,0.8845774647887324,1.3155797201234138,0.9325758892729853,0.822988034766709,1.7737323943661973,1.7798591549295772,True
SeasonalNaive,6,BE_BLOCK_RO,142,0.009084507042253522,0.017939648433441858,0.6873824599482502,0.2870675952481879,0.009788732394366197,0.01056338028169014,True
SeasonalNaive,6,CRICKET_GROUND_OHT,142,0.02232394366197183,0.07270914466770917,0.39495056038483844,0.5657821931646705,0.013380281690140848,0.01147887323943662,True
SeasonalNaive,6,F_BLOCK,142,0.5430281690140843,0.927861011325526,0.9316577065303349,0.7694756525215107,0.6871126760563381,0.7525352112676057,True
SeasonalNaive,6,GJBC_BLOCK_1_A1_BOYS,142,0.08992957746478875,0.12129872333083369,0.6771320598169983,0.5657332008738801,0.15492957746478872,0.14725352112676054,True
SeasonalNaive,6,GJBC_BLOCK_1_A2_GIRLS,142,0.07640845070422536,0.10993275793686627,0.5612874160576271,0.513494875994692,0.15971830985915494,0.1573943661971831,True
SeasonalNaive,6,GJBC_BLOCK_1_A3,142,0.12267605633802818,0.17047572211604187,0.7281198424725365,0.6211626326172819,0.18105633802816903,0.17274647887323943,True
SeasonalNaive,6,GJBC_BLOCK_1_A4_RO,142,0.009507042253521128,0.05090034450200249,0.15947545461704604,0.2566786153794293,0.0060563380281690145,0.005985915492957747,True
SeasonalNaive,6,GJBC_BLOCK_2_A1,142,0.21838028169014087,0.3659417717092299,1.0482709872043259,1.0352124510528824,0.42133802816901406,0.4377464788732394,True
SeasonalNaive,6,GJBC_LAW_BLOCK_3_A4_BOYS,142,0.8708450704225351,1.4050687918600837,1.0520799856025638,0.8773537127717799,1.1424647887323942,1.1654225352112675,True
SeasonalNaive,6,GJBC_LAW_BLOCK_3__A1,139,0.40971223021582737,1.2168058788330167,1.6747606194471003,1.1143997486058292,0.5150359712230216,0.5092086330935252,True
SeasonalNaive,6,GJBC_LAW_BLOCK_3__A2,142,0.2482394366197183,0.5079196731434974,0.5820473487849022,0.2780821190740299,0.3630985915492958,0.3573943661971831,True
SeasonalNaive,6,GJBC_LAW_BLOCK_3__A3_GIRLS,142,0.19154929577464788,0.2548128282971419,0.7510822121567149,0.5629593152664307,0.3047887323943662,0.3123943661971831,True
SeasonalNaive,6,G_BLOCK,142,0.49091549295774645,0.7737174758232919,0.9721441670278148,0.6755895646712655,0.9742957746478871,0.9894366197183099,True
SeasonalNaive,6,I&H_BLOCK,142,0.7511971830985916,2.148627304996064,1.9802446747227067,1.998788830748268,0.43302816901408453,0.5322535211267605,True
SeasonalNaive,6,INFORMATION_CENTRE,142,0.03077464788732395,0.09380456158763222,3.6102528822592204,1.5772741498124219,0.014084507042253521,0.024014084507042253,True
SeasonalNaive,6,IT_BLOCK,142,0.11119718309859154,0.19830443234412068,1.8963154465162912,1.2234020201602274,0.09190140845070423,0.1088732394366197,True
SeasonalNaive,6,ME_WORKSHOP_BLOCK,142,0.03471830985915493,0.05217117006465825,0.20991881129897472,0.0706913037170128,0.03492957746478873,0.035704225352112665,True
SeasonalNaive,6,MM_BLOCK,142,0.35774647887323946,0.5497348912923623,0.8086572078476039,0.7076265137799798,1.0646478873239438,1.1280281690140845,True
SeasonalNaive,6,MRD_BLOCK,142,1.1230985915492957,1.8076095022642629,0.9325714984880109,0.629799219129427,1.3928873239436619,1.2797887323943662,True
SeasonalNaive,6,NBX,142,0.4576760563380282,0.7822075118210613,1.0791479354752056,0.7600049883096024,0.7847887323943662,0.8048591549295775,True
SeasonalNaive,6,NEW_BLOCK,142,0.04873239436619719,0.09661889705231391,0.7054425146410798,0.7269373671141817,0.17204225352112676,0.17119718309859155,True
SeasonalNaive,6,NEW_BLOCK_RO,142,0.00042253521126760566,0.002055566129482595,0.20918270848165613,0.06185331686799638,0.00028169014084507044,0.00042253521126760566,True
SeasonalNaive,6,TECH_PARK,142,0.3255633802816902,0.5156556062192595,0.9500763140835378,0.5164011901508669,0.3949295774647887,0.4233098591549296,True
NPTS,6,BE_BLOCK_OHT,142,0.6698591549295774,1.0209516411275936,0.7062782315521716,0.6388684855006695,1.7737323943661973,1.6751408450704222,True
NPTS,6,BE_BLOCK_RO,142,0.009577464788732394,0.01748238550132394,0.7260496900809825,0.2811281526500478,0.009788732394366197,0.0048591549295774646,True
NPTS,6,CRICKET_GROUND_OHT,142,0.013521126760563383,0.053365600567628416,0.23945436718235757,0.41546690644534057,0.013380281690140848,0.00014084507042253522,True
NPTS,6,F_BLOCK,142,0.37514084507042267,0.6879234931257735,0.6434498037303484,0.569901116911538,0.6871126760563381,0.6395774647887326,True
NPTS,6,GJBC_BLOCK_1_A1_BOYS,142,0.06781690140845072,0.09593498385240165,0.5105473454433624,0.4473605693082022,0.15492957746478872,0.15514084507042256,True
NPTS,6,GJBC_BLOCK_1_A2_GIRLS,142,0.05816901408450705,0.08299838790221288,0.4271799075202575,0.38760822517828497,0.15971830985915494,0.15154929577464787,True
NPTS,6,GJBC_BLOCK_1_A3,142,0.09492957746478874,0.13041105111730802,0.5634398866077889,0.4752021980519314,0.18105633802816903,0.18161971830985915,True
NPTS,6,GJBC_BLOCK_1_A4_RO,142,0.0060563380281690145,0.03661755139851019,0.10155471772825893,0.18458146074194892,0.0060563380281690145,0.0,True
NPTS,6,GJBC_BLOCK_2_A1,142,0.16549295774647887,0.29101086567972334,0.7945255184559988,0.8233643493357296,0.42133802816901406,0.4255633802816902,True
NPTS,6,GJBC_LAW_BLOCK_3_A4_BOYS,142,0.643661971830986,1.042205813525562,0.7777148842765168,0.6507194076559599,1.1424647887323942,1.1445774647887326,True
NPTS,6,GJBC_LAW_BLOCK_3__A1,139,0.31424460431654677,0.9893832102328438,1.2843481344550847,0.9063974824951158,0.5150359712230216,0.43,True
NPTS,6,GJBC_LAW_BLOCK_3__A2,142,0.306056338028169,0.643230184632636,0.7184556407956916,0.3522256177814536,0.3630985915492958,0.6229577464788731,True
NPTS,6,GJBC_LAW_BLOCK_3__A3_GIRLS,142,0.21373239436619718,0.302232305019141,0.8385528648143277,0.6681877419793872,0.3047887323943662,0.45570422535211264,True
NPTS,6,G_BLOCK,142,0.35098591549295777,0.5464920137813183,0.695155471038308,0.4771526164139937,0.9742957746478871,1.060211267605634,True
NPTS,6,I&H_BLOCK,142,0.432887323943662,1.6097220038185054,1.140413094793099,1.4965960081956429,0.43302816901408453,0.0009859154929577466,True
NPTS,6,INFORMATION_CENTRE,142,0.014084507042253521,0.060000000000000005,1.6286789285961936,0.9997177406386832,0.014084507042253521,0.0,True
NPTS,6,IT_BLOCK,142,0.0678169014084507,0.13796049648920988,1.1564069116411217,0.8511428133975836,0.09190140845070423,0.054929577464788736,True
NPTS,6,ME_WORKSHOP_BLOCK,142,0.02612676056338028,0.04060285149217693,0.15777551799792858,0.05498288327125494,0.03492957746478873,0.025845070422535213,True
NPTS,6,MM_BLOCK,142,0.2661971830985915,0.44453488907579997,0.6019744225798266,0.5723710883306249,1.0646478873239438,1.1822535211267606,True
NPTS,6,MRD_BLOCK,142,0.8430985915492957,1.365547921810349,0.7001806153082909,0.4757041926948405,1.3928873239436619,1.1444366197183102,True
NPTS,6,NBX,142,0.33598591549295775,0.601429634815082,0.7921864782431961,0.5849703426962708,0.7847887323943662,0.6704929577464789,True
NPTS,6,NEW_BLOCK,142,0.03429577464788732,0.06362854351072146,0.49615745214084767,0.47828864922885556,0.17204225352112676,0.16154929577464788,True
NPTS,6,NEW_BLOCK_RO,142,0.00028169014084507044,0.0016783627165933783,0.1391715236196239,0.05043180212444069,0.00028169014084507044,0.0,True
NPTS,6,TECH_PARK,142,0.22323943661971832,0.34221935145026827,0.6515133211341281,0.34315439493241645,0.3949295774647887,0.4338028169014085,True
ETS,6,BE_BLOCK_OHT,142,0.7838493487201521,1.081139529532491,0.8263446239620321,0.6763356523190494,1.7737323943661973,1.950605559765118,True
ETS,6,BE_BLOCK_RO,142,0.010072406047120756,0.017652010344312106,0.7625650185740418,0.2834371538170708,0.009788732394366197,0.007300882348513164,True
ETS,6,CRICKET_GROUND_OHT,142,0.015400914897692925,0.04947654583824255,0.2728520989553898,0.3851810036105456,0.013380281690140848,0.007326260180810374,True
ETS,6,F_BLOCK,142,0.4306757781518165,0.6974756611164675,0.738753692341914,0.5778773607582763,0.6871126760563381,0.7565459658526061,True
ETS,6,GJBC_BLOCK_1_A1_BOYS,142,0.08065016668124624,0.10554578947298529,0.6067152350978303,0.4918402889577082,0.15492957746478872,0.13373381660942035,True
ETS,6,GJBC_BLOCK_1_A2_GIRLS,142,0.06426044892131241,0.08845340614805305,0.4719484919925958,0.41311469654254457,0.15971830985915494,0.1668779627432426,True
ETS,6,GJBC_BLOCK_1_A3,142,0.096587853525222,0.130605474819357,0.5732195367812796,0.4758528663847206,0.18105633802816903,0.19313296712575515,True
ETS,6,GJBC_BLOCK_1_A4_RO,142,0.007796628332080652,0.03621462684850466,0.13071606174034578,0.18254752515544,0.0060563380281690145,0.003825726217142423,True
ETS,6,GJBC_BLOCK_2_A1,142,0.19901338450672929,0.2755030955798873,0.9551659094110271,0.7793569756107771,0.42133802816901406,0.43188930491717187,True
ETS,6,GJBC_LAW_BLOCK_3_A4_BOYS,142,0.6564906478753602,0.991708581705731,0.7931429056280784,0.6191727357393134,1.1424647887323942,1.211997884498592,True
ETS,6,GJBC_LAW_BLOCK_3__A1,139,0.41431401166325993,0.9229343239407524,1.6908829613182133,0.8450888025667682,0.5150359712230216,0.5652376570668091,True
ETS,6,GJBC_LAW_BLOCK_3__A2,142,0.25094612333418237,0.4672291992408941,0.5887948617149577,0.25580967893627987,0.3630985915492958,0.441954127437535,True
ETS,6,GJBC_LAW_BLOCK_3__A3_GIRLS,142,0.1640873494877521,0.20789745468661802,0.642842156057416,0.45879528547552667,0.3047887323943662,0.35922868767466165,True
ETS,6,G_BLOCK,142,0.41436157495946857,0.5734925528939405,0.8208056070471719,0.5007811449798167,0.9742957746478871,1.019114542361859,True
ETS,6,I&H_BLOCK,142,0.6557652100154213,1.500212078858355,1.7300552166192351,1.397214607147453,0.43302816901408453,0.4098541238124555,True
ETS,6,INFORMATION_CENTRE,142,0.03782714225308734,0.07866353606844231,4.4590049894161305,1.3233346464136317,0.014084507042253521,0.028901680711444225,True
ETS,6,IT_BLOCK,142,0.07814079476788846,0.12705064989824144,1.3341062837398159,0.7839123917019253,0.09190140845070423,0.10131173046784735,True
ETS,6,ME_WORKSHOP_BLOCK,142,0.035112066933741866,0.04408589649261506,0.21203820543830262,0.05963436429890439,0.03492957746478873,0.040530633146970724,True
ETS,6,MM_BLOCK,142,0.26549653478265156,0.41015788701180345,0.6002788119740359,0.5279697551729613,1.0646478873239438,1.1648113453898008,True
ETS,6,MRD_BLOCK,142,0.8139594762510535,1.198280148860542,0.6758820670414963,0.4173483698445387,1.3928873239436619,1.3184189031342526,True
ETS,6,NBX,142,0.4458774119491937,0.6249772682441147,1.0513265601331112,0.6078218626047428,0.7847887323943662,0.8358232023309347,True
ETS,6,NEW_BLOCK,142,0.0363040237520912,0.06274643205821788,0.5253913353549032,0.47173089293671966,0.17204225352112676,0.17423865539493305,True
ETS,6,NEW_BLOCK_RO,142,0.0011846698265291352,0.0017900170861998672,0.5891939081533848,0.053883887647146494,0.00028169014084507044,0.0009556204259960461,True
ETS,6,TECH_PARK,142,0.26709273602958195,0.34812389995493537,0.7792175043061316,0.3487559507606063,0.3949295774647887,0.4311578627956084,True
Theta,6,BE_BLOCK_OHT,142,0.8276799814841969,1.1859048206852956,0.872582947171967,0.7417434132803232,1.7737323943661973,1.8357949306923504,True
Theta,6,BE_BLOCK_RO,142,0.009753865314579103,0.016151521486342014,0.7389840260358812,0.2589637331410641,0.009788732394366197,0.010372190868332978,True
Theta,6,CRICKET_GROUND_OHT,142,0.016454465204642724,0.050282320940297186,0.2922530969050935,0.39160586454973034,0.013380281690140848,0.008529931740715478,True
Theta,6,F_BLOCK,142,0.433463695376524,0.709974780175105,0.7435633785712822,0.5884242792283383,0.6871126760563381,0.7352194630208302,True
Theta,6,GJBC_BLOCK_1_A1_BOYS,142,0.07280944956762002,0.10070597968350452,0.5480010412674524,0.46943784357621293,0.15492957746478872,0.12773879418023731,True
Theta,6,GJBC_BLOCK_1_A2_GIRLS,142,0.06537806369977009,0.09332179763339397,0.4801877912834649,0.4358346596172678,0.15971830985915494,0.1538895262594666,True
Theta,6,GJBC_BLOCK_1_A3,142,0.09740786680243176,0.13192714745266315,0.5780814356393333,0.48063412463980354,0.18105633802816903,0.17961395326434373,True
Theta,6,GJBC_BLOCK_1_A4_RO,142,0.007451478418127139,0.03626235750762623,0.12491281473771455,0.18278998691443993,0.0060563380281690145,0.002928633518240842,True
Theta,6,GJBC_BLOCK_2_A1,142,0.18892538304931794,0.2716057083710434,0.9066060793605627,0.768083284106468,0.42133802816901406,0.3993766851676787,True
Theta,6,GJBC_LAW_BLOCK_3_A4_BOYS,142,0.6340861238796401,0.9595313244191939,0.7660759811996555,0.5990865446168636,1.1424647887323942,1.2170708610887933,True
Theta,6,GJBC_LAW_BLOCK_3__A1,139,0.4379440475436993,0.9906707182977134,1.7841762818637579,0.9066038886335347,0.5150359712230216,0.5585630831372415,True
Theta,6,GJBC_LAW_BLOCK_3__A2,142,0.27160120327328985,0.4762561466134173,0.6367984173844768,0.26064675056478176,0.3630985915492958,0.4064761151638098,True
Theta,6,GJBC_LAW_BLOCK_3__A3_GIRLS,142,0.164545594584149,0.22103553318569938,0.6451804269876146,0.488408329168866,0.3047887323943662,0.34178249821611145,True
Theta,6,G_BLOCK,142,0.43699906105131225,0.6053926593061159,0.865710519268375,0.5289098382932756,0.9742957746478871,1.0293362445393108,True
Theta,6,I&H_BLOCK,142,0.6727173208576781,1.5391779396618983,1.777815807398675,1.4378974610206368,0.43302816901408453,0.42169309098544794,True
Theta,6,INFORMATION_CENTRE,142,0.034861702594617516,0.0789697645603349,4.112244260197457,1.3281959083626302,0.014084507042253521,0.02405807848783656,True
Theta,6,IT_BLOCK,142,0.07859887464224657,0.1307203667626077,1.3422782917845621,0.8067667429445542,0.09190140845070423,0.09513842254439495,True
Theta,6,ME_WORKSHOP_BLOCK,142,0.03894544130596715,0.0542028600396047,0.23501118252497372,0.07330129481045349,0.03492957746478873,0.03210885534888815,True
Theta,6,MM_BLOCK,142,0.2808565956663808,0.4123832480929611,0.6349881433814945,0.530839247729406,1.0646478873239438,1.1341414324455283,True
Theta,6,MRD_BLOCK,142,0.686796618166329,1.1197394106865048,0.5703384588821142,0.38998982793510273,1.3928873239436619,1.2019806511291897,True
Theta,6,NBX,142,0.45192802516140845,0.6481277478293662,1.0660228408535712,0.6308177914088311,0.7847887323943662,0.77029025655437,True
Theta,6,NEW_BLOCK,142,0.03931128691400386,0.06570658496966164,0.5687909807578619,0.49387417448738324,0.17204225352112676,0.17214950255573988,True
Theta,6,NEW_BLOCK_RO,142,0.0008248815324295208,0.0018058738194814353,0.4101320769816063,0.05440743411615112,0.00028169014084507044,0.0006239524584191418,True
Theta,6,TECH_PARK,142,0.27920944361044975,0.38928599477225406,0.8142815627044416,0.3890752857232351,0.3949295774647887,0.4161707123551293,True
DynamicOptimizedTheta,6,BE_BLOCK_OHT,142,0.8276426157731258,1.1859357683808964,0.8725435723836081,0.7417628866973092,1.7737323943661973,1.8360901158746465,True
DynamicOptimizedTheta,6,BE_BLOCK_RO,142,0.009737114395780322,0.016152137389356558,0.7377196937396324,0.2589770069142952,0.009788732394366197,0.010392196976283219,True
DynamicOptimizedTheta,6,CRICKET_GROUND_OHT,142,0.016566643016421436,0.05031477438340233,0.2942672687939422,0.3918695717167661,0.013380281690140848,0.008751186353143604,True
DynamicOptimizedTheta,6,F_BLOCK,142,0.4334774341946759,0.7099645877105515,0.7435871987166875,0.5884158036551306,0.6871126760563381,0.7352355430002936,True
DynamicOptimizedTheta,6,GJBC_BLOCK_1_A1_BOYS,142,0.07279589950625477,0.10069716795001651,0.5478979338905742,0.46939620836235635,0.15492957746478872,0.1277243062639222,True
DynamicOptimizedTheta,6,GJBC_BLOCK_1_A2_GIRLS,142,0.06544981879860494,0.09340839232168481,0.48071280254127297,0.4362374905650958,0.15971830985915494,0.1539116198806148,True
DynamicOptimizedTheta,6,GJBC_BLOCK_1_A3,142,0.09762668096490044,0.1328324512617159,0.5793656875772762,0.483905585214994,0.18105633802816903,0.17539307757592185,True
DynamicOptimizedTheta,6,GJBC_BLOCK_1_A4_RO,142,0.0074475335769349305,0.03626299458610485,0.12484661750727105,0.18279321475970153,0.0060563380281690145,0.002919572492557336,True
DynamicOptimizedTheta,6,GJBC_BLOCK_2_A1,142,0.18893093354169968,0.2715748064224228,0.9066335946964648,0.7679966932210409,0.42133802816901406,0.39925513988500083,True
DynamicOptimizedTheta,6,GJBC_LAW_BLOCK_3_A4_BOYS,142,0.6352929015238629,0.9555795802296535,0.767522308043449,0.5966247366913654,1.1424647887323942,1.223682059005997,True
DynamicOptimizedTheta,6,GJBC_LAW_BLOCK_3__A1,139,0.4376405240224989,0.9905982584649666,1.7829510507902595,0.9065410951735191,0.5150359712230216,0.5576816251545093,True
DynamicOptimizedTheta,6,GJBC_LAW_BLOCK_3__A2,142,0.2715555885889482,0.47631647411458305,0.6366912184655106,0.26067991227348025,0.3630985915492958,0.4066490929586636,True
DynamicOptimizedTheta,6,GJBC_LAW_BLOCK_3__A3_GIRLS,142,0.16454590249775627,0.22104782592197947,0.6451810865096419,0.48843476048833745,0.3047887323943662,0.34177481212895816,True
DynamicOptimizedTheta,6,G_BLOCK,142,0.4392762733807228,0.6193076675464849,0.8702438788147688,0.5411670336730184,0.9742957746478871,1.0387112064259183,True
DynamicOptimizedTheta,6,I&H_BLOCK,142,0.6725021809617906,1.5391807692126014,1.7772484772106338,1.4378962010985339,0.43302816901408453,0.42137255533384305,True
DynamicOptimizedTheta,6,INFORMATION_CENTRE,142,0.03478956063537085,0.07897138199703342,4.103899553455564,1.3282294040829323,0.014084507042253521,0.023971929368202274,True
DynamicOptimizedTheta,6,IT_BLOCK,142,0.07855424348701258,0.1307111691915649,1.3415123920969134,0.8067090485997145,0.09190140845070423,0.09501112394436768,True
DynamicOptimizedTheta,6,ME_WORKSHOP_BLOCK,142,0.038940478465049486,0.05419561538337775,0.2349819604196388,0.073291786189904,0.03492957746478873,0.03209155929825229,True
DynamicOptimizedTheta,6,MM_BLOCK,142,0.2808386408165198,0.4123744840548176,0.6349479178530041,0.5308281853688576,1.0646478873239438,1.1340716022461659,True
DynamicOptimizedTheta,6,MRD_BLOCK,142,0.6868742520749509,1.1197974069620034,0.5704028677322648,0.3900097586570935,1.3928873239436619,1.201856747567229,True
DynamicOptimizedTheta,6,NBX,142,0.45176067042991586,0.648048077672074,1.0656281163828312,0.6307391047168177,0.7847887323943662,0.7689344334774234,True
DynamicOptimizedTheta,6,NEW_BLOCK,142,0.039307247440067264,0.06570592435791418,0.5687328593798425,0.49386961178567507,0.17204225352112676,0.17205284900697537,True
DynamicOptimizedTheta,6,NEW_BLOCK_RO,142,0.0008257559219680228,0.001806727160965701,0.41057061578178955,0.05443359509083973,0.00028169014084507044,0.0006248277989560476,True
DynamicOptimizedTheta,6,TECH_PARK,142,0.27916838105377034,0.3892516634305279,0.8141616079950709,0.38904064083528017,0.3949295774647887,0.41621710901594455,True
SeasonalNaive,12,BE_BLOCK_OHT,286,0.8947202797202798,1.4195610224655708,0.9434513420521606,0.8884958646192377,1.8353846153846152,1.8156993006993005,True
SeasonalNaive,12,BE_BLOCK_RO,286,0.01,0.019665026994979865,0.7579000851093326,0.31524369702896776,0.010944055944055946,0.011853146853146855,True
SeasonalNaive,12,CRICKET_GROUND_OHT,286,0.021643356643356645,0.06468049500093853,0.38249936148678293,0.5032290988656724,0.010769230769230769,0.013041958041958044,True
SeasonalNaive,12,F_BLOCK,286,0.5467132867132867,0.9636128114287659,0.9382861301003251,0.7997618256430911,0.6956993006993007,0.7087762237762238,True
SeasonalNaive,12,GJBC_BLOCK_1_A1_BOYS,286,0.10279720279720281,0.15821778387042063,0.7740408763703472,0.738564561970369,0.1651048951048951,0.16111888111888112,True
SeasonalNaive,12,GJBC_BLOCK_1_A2_GIRLS,286,0.10335664335664337,0.1756685531318584,0.7596553246093347,0.8219796301368071,0.1715034965034965,0.16779720279720278,True
SeasonalNaive,12,GJBC_BLOCK_1_A3,286,0.1380769230769231,0.2120405357736789,0.8196025929441104,0.7733912401078437,0.19671328671328672,0.19010489510489512,True
SeasonalNaive,12,GJBC_BLOCK_1_A4_RO,286,0.006888111888111888,0.03620551285148659,0.11559866027331282,0.18258169700584218,0.004825174825174826,0.004790209790209791,True
SeasonalNaive,12,GJBC_BLOCK_2_A1,286,0.20762237762237762,0.3659559758000629,0.9971160477600467,1.0353574658805824,0.40248251748251745,0.41346153846153844,True
SeasonalNaive,12,GJBC_LAW_BLOCK_3_A4_BOYS,286,0.8593006993006993,1.403414916043515,1.0377550863380118,0.8766657489818774,1.1934965034965035,1.1744055944055944,True
SeasonalNaive,12,GJBC_LAW_BLOCK_3__A1,283,0.47561837455830386,1.5630248376495943,1.9365247965655574,1.4278103958088997,0.6009540636042403,0.5560070671378091,True
SeasonalNaive,12,GJBC_LAW_BLOCK_3__A2,286,0.22979020979020978,0.4602781159863502,0.5392223158606683,0.25232436851943485,0.42363636363636364,0.41244755244755243,True
SeasonalNaive,12,GJBC_LAW_BLOCK_3__A3_GIRLS,286,0.18465034965034965,0.2508454236645081,0.724438067258588,0.554824191303074,0.3105594405594405,0.31646853146853143,True
SeasonalNaive,12,G_BLOCK,286,0.59506993006993,1.001732939020616,1.178854711934316,0.8757365333852394,0.9605244755244755,0.9473426573426573,True
SeasonalNaive,12,I&H_BLOCK,286,0.5293356643356643,1.7957341642935876,1.4002985621683424,1.693179240180387,0.3064685314685314,0.3857342657342657,True
SeasonalNaive,12,INFORMATION_CENTRE,286,0.029125874125874127,0.09228452506478843,3.3664014943105687,1.5437265890960916,0.01646853146853147,0.01853146853146853,True
SeasonalNaive,12,IT_BLOCK,286,0.09031468531468531,0.16261735944973893,1.5409405335810602,1.0038228918518586,0.08947552447552448,0.09615384615384616,True
SeasonalNaive,12,ME_WORKSHOP_BLOCK,286,0.03625874125874126,0.0625870023817475,0.21906157297457143,0.0843594211406574,0.035419580419580425,0.036783216783216784,True
SeasonalNaive,12,MM_BLOCK,286,0.3281818181818182,0.5106796513409422,0.7418098217691499,0.6571776116702939,1.1268881118881118,1.1514335664335662,True
SeasonalNaive,12,MRD_BLOCK,286,1.0793356643356646,1.7076101772601724,0.8966575564967546,0.5954628421058374,1.3086013986013987,1.1998951048951048,True
SeasonalNaive,12,NBX,286,0.46132867132867134,0.8272390679389335,1.0892393723493818,0.80945644115098,0.786923076923077,0.797902097902098,True
SeasonalNaive,12,NEW_BLOCK,286,0.05153846153846154,0.0962877389459773,0.746207120966402,0.724119415700394,0.1729020979020979,0.17108391608391607,True
SeasonalNaive,12,NEW_BLOCK_RO,286,0.0007342657342657344,0.0027097338139856733,0.36640337826101455,0.08199180322897169,0.00045454545454545455,0.0004895104895104895,True
SeasonalNaive,12,TECH_PARK,286,0.31702797202797206,0.516147983875498,0.9253400111132127,0.5182952655299689,0.3816083916083916,0.3947902097902098,True
NPTS,12,BE_BLOCK_OHT,286,0.6692307692307693,1.0883046416362439,0.7057610793575329,0.6812287141719712,1.8353846153846152,1.6488111888111887,True
NPTS,12,BE_BLOCK_RO,286,0.010174825174825175,0.017827848098751792,0.7718039538445637,0.2869068961566877,0.010944055944055946,0.004895104895104895,True
NPTS,12,CRICKET_GROUND_OHT,286,0.010874125874125874,0.04423000911478209,0.1926972359546834,0.3445082205504567,0.010769230769230769,0.0001048951048951049,True
NPTS,12,F_BLOCK,286,0.4111888111888113,0.7230370097598859,0.7056592940136608,0.5999204657525181,0.6956993006993007,0.6507342657342657,True
NPTS,12,GJBC_BLOCK_1_A1_BOYS,286,0.07636363636363637,0.11687061760229242,0.5749409683919154,0.5454818680820356,0.1651048951048951,0.15335664335664337,True
NPTS,12,GJBC_BLOCK_1_A2_GIRLS,286,0.07363636363636364,0.127493315332787,0.5411250942506866,0.5967652323037209,0.1715034965034965,0.15059440559440562,True
NPTS,12,GJBC_BLOCK_1_A3,286,0.1008041958041958,0.15433026977178574,0.5983591242576561,0.5629290803777404,0.19671328671328672,0.18164335664335665,True
NPTS,12,GJBC_BLOCK_1_A4_RO,286,0.004825174825174826,0.02621855425862737,0.08095205906802842,0.13217142500154896,0.004825174825174826,0.0,True
NPTS,12,GJBC_BLOCK_2_A1,286,0.1555944055944056,0.2834218975802188,0.7472606656641736,0.801979062111351,0.40248251748251745,0.42255244755244753,True
NPTS,12,GJBC_LAW_BLOCK_3_A4_BOYS,286,0.5998601398601399,1.0204376546330536,0.7246053720628556,0.6373211077665872,1.1934965034965035,1.133076923076923,True
NPTS,12,GJBC_LAW_BLOCK_3__A1,283,0.3809187279151943,1.3569540823570418,1.5500899457300663,1.2391460553616076,0.6009540636042403,0.42243816254416966,True
NPTS,12,GJBC_LAW_BLOCK_3__A2,286,0.23804195804195805,0.5133272787461183,0.5588031343522782,0.2812635528159288,0.42363636363636364,0.6173426573426574,True
NPTS,12,GJBC_LAW_BLOCK_3__A3_GIRLS,286,0.19255244755244758,0.2766274159817267,0.7557348132669062,0.6121223196599712,0.3105594405594405,0.4504545454545454,True
NPTS,12,G_BLOCK,286,0.37741258741258743,0.6717933415167895,0.747701582871246,0.5873730380916046,0.9605244755244755,1.0581468531468532,True
NPTS,12,I&H_BLOCK,286,0.3063636363636364,1.3231021505157117,0.8099724102376158,1.245221603932024,0.3064685314685314,0.0013636363636363635,True
NPTS,12,INFORMATION_CENTRE,286,0.01646853146853147,0.06744850405532134,1.8793883068744293,1.1219978217280722,0.01646853146853147,0.0,True
NPTS,12,IT_BLOCK,286,0.061398601398601406,0.12214573434868865,1.0486011797316868,0.7544355247827399,0.08947552447552448,0.05346153846153847,True
NPTS,12,ME_WORKSHOP_BLOCK,286,0.02653846153846154,0.048063914323948485,0.16036303606567648,0.06483984529364295,0.035419580419580425,0.025874125874125874,True
NPTS,12,MM_BLOCK,286,0.24045454545454545,0.4054432953376658,0.5436284835724752,0.5217481910193554,1.1268881118881118,1.176853146853147,True
NPTS,12,MRD_BLOCK,286,0.8576573426573427,1.3935308829295179,0.7126036515528431,0.48565241564972494,1.3086013986013987,1.130104895104895,True
NPTS,12,NBX,286,0.34206293706293706,0.6380978617100054,0.8078207639003498,0.6252416242230718,0.786923076923077,0.6607342657342656,True
NPTS,12,NEW_BLOCK,286,0.03573426573426573,0.06621114773145141,0.5171842291189633,0.49786516548255155,0.1729020979020979,0.16213286713286715,True
NPTS,12,NEW_BLOCK_RO,286,0.00045454545454545455,0.0021320071635561044,0.22656997653116698,0.06445358587735153,0.00045454545454545455,0.0,True
NPTS,12,TECH_PARK,286,0.2240909090909091,0.3578163180774704,0.6540538434445007,0.35955362158951204,0.3816083916083916,0.43108391608391616,True
ETS,12,BE_BLOCK_OHT,286,0.7740686535850672,1.1369003010822025,0.8162304450322706,0.711512262107182,1.8353846153846152,1.932681462466626,True
ETS,12,BE_BLOCK_RO,286,0.011461219007143374,0.019671135739775435,0.8686024941512592,0.31634677488274004,0.010944055944055946,0.007087251658177736,True
ETS,12,CRICKET_GROUND_OHT,286,0.014269218902099421,0.041539435280755516,0.253235668143585,0.32364341329291296,0.010769230769230769,0.007849045718377634,True
ETS,12,F_BLOCK,286,0.46661402469788865,0.7465234654020969,0.8007784379039364,0.6194964567615756,0.6956993006993007,0.7573902870576201,True
ETS,12,GJBC_BLOCK_1_A1_BOYS,286,0.08930773845336995,0.1329328937030459,0.6722382404683717,0.6204450675281304,0.1651048951048951,0.13433697959714389,True
ETS,12,GJBC_BLOCK_1_A2_GIRLS,286,0.07817507953315152,0.12918011520680472,0.5743994571679617,0.6046328831104315,0.1715034965034965,0.16740546442399934,True
ETS,12,GJBC_BLOCK_1_A3,286,0.10165843195893007,0.15519982199422494,0.6033400184496057,0.566069651270929,0.19671328671328672,0.19408111742588546,True
ETS,12,GJBC_BLOCK_1_A4_RO,286,0.006310286875461746,0.025817390131492736,0.10582615902620557,0.1301437943061789,0.004825174825174826,0.003736931384362257,True
ETS,12,GJBC_BLOCK_2_A1,286,0.19883400082250027,0.2789569643563964,0.9545290426854379,0.7891395101570171,0.40248251748251745,0.42617854042825093,True
ETS,12,GJBC_LAW_BLOCK_3_A4_BOYS,286,0.6403701860421049,0.9865060214713077,0.7734825015185165,0.6161172336308756,1.1934965034965035,1.2003524319057144,True
ETS,12,GJBC_LAW_BLOCK_3__A1,283,0.48523345871723533,1.2710821277549913,1.973177969344943,1.1602990621212197,0.6009540636042403,0.5785388595558428,True
ETS,12,GJBC_LAW_BLOCK_3__A2,286,0.22469933865063393,0.39169529156126637,0.5270694803566814,0.21454444673243708,0.42363636363636364,0.43843443620105615,True
ETS,12,GJBC_LAW_BLOCK_3__A3_GIRLS,286,0.18533308384196898,0.2267991006756161,0.7262528183019273,0.5006665607800302,0.3105594405594405,0.36133218795295385,True
ETS,12,G_BLOCK,286,0.4361186869092294,0.6817811804734207,0.8640880592765765,0.5960735006972621,0.9605244755244755,1.0113976823188,True
ETS,12,I&H_BLOCK,286,0.5625821200966603,1.2556670152810252,1.487179330550415,1.1829852598173014,0.3064685314685314,0.41774315322179895,True
ETS,12,INFORMATION_CENTRE,286,0.042772229586827554,0.08675731031151027,5.025240138942785,1.4580040849070446,0.01646853146853147,0.030879164816040073,True
ETS,12,IT_BLOCK,286,0.07111886601768526,0.11348045996332634,1.21612672686054,0.7009981023137529,0.08947552447552448,0.10010023023168978,True
ETS,12,ME_WORKSHOP_BLOCK,286,0.03294369216699029,0.047094156820843745,0.1987889585331424,0.06350981397497771,0.035419580419580425,0.04069047024092556,True
ETS,12,MM_BLOCK,286,0.250324906398348,0.38378615183189907,0.565917032657956,0.49382658859545964,1.1268881118881118,1.1670915805464077,True
ETS,12,MRD_BLOCK,286,0.8449351145398962,1.2536346149799515,0.7020090402811356,0.43693356431521385,1.3086013986013987,1.2967720855134313,True
ETS,12,NBX,286,0.4237622167844399,0.639841519138043,1.000161644404779,0.625940753281044,0.786923076923077,0.836283883650994,True
ETS,12,NEW_BLOCK,286,0.037972180915532346,0.06603133921697711,0.54954981156981,0.4964601171552715,0.1729020979020979,0.1745446833718196,True
ETS,12,NEW_BLOCK_RO,286,0.001323557695785859,0.0021434005585007293,0.6593762206367824,0.06479917272226528,0.00045454545454545455,0.0009554811570105318,True
ETS,12,TECH_PARK,286,0.2857652650296528,0.3811288064148859,0.8337314403061996,0.3825431835677785,0.3816083916083916,0.43322001176265335,True
Theta,12,BE_BLOCK_OHT,286,0.8265197033883221,1.2331117777815146,0.8714808760081114,0.7715215685191097,1.8353846153846152,1.8472412271178829,True
Theta,12,BE_BLOCK_RO,286,0.01094369442028829,0.017686144707646963,0.829569405092157,0.2837917304476994,0.010944055944055946,0.011814669717225047,True
Theta,12,CRICKET_GROUND_OHT,286,0.014619712512494793,0.042382740623914325,0.2603827393402661,0.3303637659307737,0.010769230769230769,0.007764961690193093,True
Theta,12,F_BLOCK,286,0.4954858498830024,0.8020486689646112,0.8503417378487015,0.6657688921096001,0.6956993006993007,0.7541934446120706,True
Theta,12,GJBC_BLOCK_1_A1_BOYS,286,0.08400136018624678,0.12383759445898052,0.6323734373341522,0.5779222776364895,0.1651048951048951,0.13415924808731625,True
Theta,12,GJBC_BLOCK_1_A2_GIRLS,286,0.08220640152426871,0.13664352344774996,0.6040221826233737,0.6394401313500657,0.1715034965034965,0.1579694241761442,True
Theta,12,GJBC_BLOCK_1_A3,286,0.10329660821146944,0.15725320774051732,0.6130587033351202,0.5735334616679296,0.19671328671328672,0.18149316821298045,True
Theta,12,GJBC_BLOCK_1_A4_RO,286,0.005992156815320875,0.025870114362487043,0.10046944661815095,0.13041098926825884,0.004825174825174826,0.0029000299443166133,True
Theta,12,GJBC_BLOCK_2_A1,286,0.19884555825723546,0.28714185330709435,0.9543180739386898,0.8120144258382893,0.40248251748251745,0.4245748755292519,True
Theta,12,GJBC_LAW_BLOCK_3_A4_BOYS,286,0.653886699761371,0.984128744691127,0.7897392585487203,0.6146180523225041,1.1934965034965035,1.2068352731783407,True
Theta,12,GJBC_LAW_BLOCK_3__A1,283,0.5136886669269846,1.3405449923037527,2.0862481550596663,1.2233131766019165,0.6009540636042403,0.5674048134718808,True
Theta,12,GJBC_LAW_BLOCK_3__A2,286,0.24004177924032316,0.3950247365591529,0.562615940322459,0.21619267269564416,0.42363636363636364,0.4144715401218116,True
Theta,12,GJBC_LAW_BLOCK_3__A3_GIRLS,286,0.17029044481953604,0.2266278327421331,0.667741305450797,0.5010423506576677,0.3105594405594405,0.35183804977582384,True
Theta,12,G_BLOCK,286,0.4728608838297089,0.7147146961394588,0.9369540649925725,0.6250102058492358,0.9605244755244755,1.024601999078737,True
Theta,12,I&H_BLOCK,286,0.5927810845899679,1.3141294734627278,1.5693046349358184,1.2404673978061893,0.3064685314685314,0.4469857089433565,True
Theta,12,INFORMATION_CENTRE,286,0.03964964387347349,0.0875368166515826,4.6590904061305345,1.4708049228472668,0.01646853146853147,0.026019538864265425,True
Theta,12,IT_BLOCK,286,0.07340092502968328,0.11858411928797549,1.2555579041782086,0.7327281958174485,0.08947552447552448,0.0947323053816653,True
Theta,12,ME_WORKSHOP_BLOCK,286,0.04062700973455933,0.05862369450590074,0.24528312609239125,0.07922319979000188,0.035419580419580425,0.03231908556337359,True
Theta,12,MM_BLOCK,286,0.2593290474286291,0.38331859430233256,0.586290768472689,0.49326608311252196,1.1268881118881118,1.1398830182202622,True
Theta,12,MRD_BLOCK,286,0.7944515864282787,1.2064107166383582,0.6600226793183218,0.42048645329515116,1.3086013986013987,1.2135544905070466,True
Theta,12,NBX,286,0.41929158588517274,0.6455026273688715,0.9899546287282411,0.6314477484513445,0.786923076923077,0.7750757661779031,True
Theta,12,NEW_BLOCK,286,0.04130073998764822,0.06842144542248794,0.5976737537391996,0.514320789131116,0.1729020979020979,0.17253849522090373,True
Theta,12,NEW_BLOCK_RO,286,0.0008967742048956168,0.0021674035343157774,0.446885280126953,0.06554338989755433,0.00045454545454545455,0.0005217121180938232,True
Theta,12,TECH_PARK,286,0.3130746857369948,0.4318310466739087,0.9130992203715984,0.43227975835261756,0.3816083916083916,0.4362146335805595,True
DynamicOptimizedTheta,12,BE_BLOCK_OHT,286,0.8264524850317062,1.2330955113652815,0.8714100158048795,0.7715114670636916,1.8353846153846152,1.8477061701796413,True
DynamicOptimizedTheta,12,BE_BLOCK_RO,286,0.010932901274064053,0.017672457936260887,0.8287553411808407,0.28357513325262806,0.010944055944055946,0.01181918131753163,True
DynamicOptimizedTheta,12,CRICKET_GROUND_OHT,286,0.01477299523333406,0.04243703086203888,0.2631408803050322,0.33080285031273193,0.010769230769230769,0.007994267724972462,True
DynamicOptimizedTheta,12,F_BLOCK,286,0.4954745166381302,0.8019885357717211,0.8503224894048897,0.6657187687398236,0.6956993006993007,0.7542290186595777,True
DynamicOptimizedTheta,12,GJBC_BLOCK_1_A1_BOYS,286,0.08398883781829086,0.12383681157087412,0.6322785655084873,0.577918733588165,0.1651048951048951,0.13411103880597758,True
DynamicOptimizedTheta,12,GJBC_BLOCK_1_A2_GIRLS,286,0.0822713180515942,0.1367165224244141,0.6044973866214072,0.639779441202773,0.1715034965034965,0.15794956060631185,True
DynamicOptimizedTheta,12,GJBC_BLOCK_1_A3,286,0.10525866660986748,0.15952245101708032,0.624682023816332,0.5817839616927549,0.19671328671328672,0.17643290406076062,True
DynamicOptimizedTheta,12,GJBC_BLOCK_1_A4_RO,286,0.005987943164273774,0.02587075586370535,0.10039867790108067,0.1304142467111532,0.004825174825174826,0.0028888147949527004,True
DynamicOptimizedTheta,12,GJBC_BLOCK_2_A1,286,0.1988150478789686,0.28706611159633105,0.9541725056200034,0.8118008235391441,0.40248251748251745,0.4244027144033027,True
DynamicOptimizedTheta,12,GJBC_LAW_BLOCK_3_A4_BOYS,286,0.656006576317853,0.9833921340802101,0.7922970204598359,0.6141585493434099,1.1934965034965035,1.2104583468860997,True
DynamicOptimizedTheta,12,GJBC_LAW_BLOCK_3__A1,283,0.5134181326333835,1.340547515579834,2.085161709553183,1.2233189823413886,0.6009540636042403,0.5663094418285296,True
DynamicOptimizedTheta,12,GJBC_LAW_BLOCK_3__A2,286,0.23997235101805622,0.39504917623667224,0.5624527762418872,0.21620619052393747,0.42363636363636364,0.41468370341498567,True
DynamicOptimizedTheta,12,GJBC_LAW_BLOCK_3__A3_GIRLS,286,0.17029190467744085,0.22664720580844488,0.6677472000214336,0.501085556515776,0.3105594405594405,0.35186373728061804,True
DynamicOptimizedTheta,12,G_BLOCK,286,0.4818100279088582,0.7273263616887947,0.9547009390914338,0.6360620709290707,0.9605244755244755,1.0316896246939837,True
DynamicOptimizedTheta,12,I&H_BLOCK,286,0.5924879476590672,1.3140549894092786,1.5685311670642066,1.2403949008444557,0.3064685314685314,0.44660511582091095,True
DynamicOptimizedTheta,12,INFORMATION_CENTRE,286,0.03955914493852908,0.08754687178433096,4.64861347124009,1.470981582067169,0.01646853146853147,0.02591251781400801,True
DynamicOptimizedTheta,12,IT_BLOCK,286,0.0733702721109159,0.11857227178486637,1.2550273703438035,0.7326539651810328,0.08947552447552448,0.094570351036627,True
DynamicOptimizedTheta,12,ME_WORKSHOP_BLOCK,286,0.040619040734553795,0.058614830160376344,0.2452354009446821,0.07921132256675603,0.035419580419580425,0.03229722433469201,True
DynamicOptimizedTheta,12,MM_BLOCK,286,0.25931993750473953,0.38331224439248945,0.5862703226187395,0.493257985730035,1.1268881118881118,1.1397929118363581,True
DynamicOptimizedTheta,12,MRD_BLOCK,286,0.7944440830228049,1.2064302845852455,0.6600163988101301,0.4204932158500963,1.3086013986013987,1.2136644948973434,True
DynamicOptimizedTheta,12,NBX,286,0.4189576167881353,0.6454409567115565,0.9891683849442854,0.6313913885985969,0.786923076923077,0.7733450266285797,True
DynamicOptimizedTheta,12,NEW_BLOCK,286,0.04128519127721697,0.06842202839865284,0.5974505978146392,0.5143254128035698,0.1729020979020979,0.17241875269382065,True
DynamicOptimizedTheta,12,NEW_BLOCK_RO,286,0.0008975452966369376,0.0021677540481606188,0.4472725907855852,0.06555415383088363,0.00045454545454545455,0.0005226002279929556,True
DynamicOptimizedTheta,12,TECH_PARK,286,0.31306895564321385,0.43184526270006857,0.913082444306177,0.4322941926463395,0.3816083916083916,0.4363621987931813,True
SeasonalNaive,24,BE_BLOCK_OHT,564,1.0221631205673758,1.6913280064883673,1.0780492012710174,1.058592559345055,1.9401241134751774,1.9247340425531918,True
SeasonalNaive,24,BE_BLOCK_RO,564,0.011631205673758867,0.02145422307946066,0.8799110961510015,0.3428852817892535,0.01148936170212766,0.012801418439716314,True
SeasonalNaive,24,CRICKET_GROUND_OHT,564,0.01620567375886525,0.05025114232497147,0.28675606168817447,0.39105599579338285,0.008421985815602837,0.00952127659574468,True
SeasonalNaive,24,F_BLOCK,564,0.6092021276595744,1.2135016883044416,1.0450932196563798,1.0068450455775306,0.709822695035461,0.7579964539007092,True
SeasonalNaive,24,GJBC_BLOCK_1_A1_BOYS,564,0.10400709219858155,0.15431500434946654,0.782781158331702,0.7194421062090195,0.15852836879432625,0.16069148936170213,True
SeasonalNaive,24,GJBC_BLOCK_1_A2_GIRLS,564,0.1023936170212766,0.16103114099078578,0.7521239301422273,0.752497944263336,0.1647340425531915,0.16648936170212766,True
SeasonalNaive,24,GJBC_BLOCK_1_A3,564,0.13134751773049644,0.1957908132502429,0.7792538623599267,0.7133205719877489,0.1895390070921986,0.19159574468085105,True
SeasonalNaive,24,GJBC_BLOCK_1_A4_RO,564,0.005602836879432625,0.026194850882682214,0.09398185266630019,0.1320984398091619,0.0040070921985815595,0.003936170212765958,True
SeasonalNaive,24,GJBC_BLOCK_2_A1,564,0.20960992907801418,0.3672632155601022,1.0060889454825601,1.038643033534607,0.4049468085106383,0.40523049645390075,True
SeasonalNaive,24,GJBC_LAW_BLOCK_3_A4_BOYS,564,0.9025886524822695,1.4488611326004586,1.0900377063634095,0.9044742422805715,1.280709219858156,1.2271631205673759,True
SeasonalNaive,24,GJBC_LAW_BLOCK_3__A1,561,0.5237433155080213,1.7406939219082345,2.1192028765941795,1.5762130752254833,0.6260071301247772,0.613030303030303,True
SeasonalNaive,24,GJBC_LAW_BLOCK_3__A2,564,0.24265957446808514,0.4749468055320578,0.56800544207258,0.2591207609957009,0.4324468085106383,0.44351063829787235,True
SeasonalNaive,24,GJBC_LAW_BLOCK_3__A3_GIRLS,564,0.18388297872340426,0.25532242166933206,0.7208717466070182,0.5637230352504331,0.3408333333333334,0.3504964539007092,True
SeasonalNaive,24,G_BLOCK,564,0.5320390070921986,1.1276800228976982,1.0544906368927376,0.9876796933193054,1.0315248226950353,1.0187056737588651,True
SeasonalNaive,24,I&H_BLOCK,564,0.5689007092198581,2.030979482804902,1.5089234075273277,1.931559632769589,0.3141134751773049,0.4047163120567376,True
SeasonalNaive,24,INFORMATION_CENTRE,564,0.03664893617021277,0.10891225565850757,4.314420448346914,1.8337042046476424,0.017304964539007095,0.02686170212765957,True
SeasonalNaive,24,IT_BLOCK,564,0.09551418439716312,0.18224224000640793,1.6351263629004276,1.1273668098935472,0.09443262411347518,0.0975709219858156,True
SeasonalNaive,24,ME_WORKSHOP_BLOCK,564,0.0376241134751773,0.06744843052393319,0.22708564619349197,0.09107578440754413,0.037429078014184394,0.03803191489361703,True
SeasonalNaive,24,MM_BLOCK,564,0.322322695035461,0.504119378240641,0.7285097425242073,0.6485206894399176,1.1443617021276598,1.1653014184397164,True
SeasonalNaive,24,MRD_BLOCK,564,1.0859397163120568,1.762908269699784,0.9019903169764774,0.6134847030420741,1.388758865248227,1.2876418439716313,True
SeasonalNaive,24,NBX,561,0.4968805704099822,1.2422555100413781,1.1736281999768001,1.2180126222299814,0.8031729055258466,0.8165953654188949,True
SeasonalNaive,24,NEW_BLOCK,564,0.05079787234042553,0.09204435409392243,0.7346717951739155,0.6912298670013164,0.17489361702127657,0.17303191489361702,True
SeasonalNaive,24,NEW_BLOCK_RO,564,0.0006205673758865249,0.0024911189772600685,0.3096151664818052,0.07538862197889551,0.0003900709219858156,0.0003723404255319149,True
SeasonalNaive,24,TECH_PARK,564,0.33485815602836877,0.5711860871023478,0.9766246171042081,0.5713984914802241,0.40037234042553194,0.42867021276595746,True
NPTS,24,BE_BLOCK_OHT,564,0.7413829787234042,1.2524418702270665,0.7819167968415656,0.7840740571116747,1.9401241134751774,1.6457624113475178,True
NPTS,24,BE_BLOCK_RO,564,0.010372340425531914,0.01919016444295144,0.7853527000870624,0.30747732883750295,0.01148936170212766,0.00476950354609929,True
NPTS,24,CRICKET_GROUND_OHT,564,0.008634751773049646,0.03469982729329351,0.15302766184608255,0.270232673733049,0.008421985815602837,0.0002482269503546099,True
NPTS,24,F_BLOCK,564,0.43445035460992903,0.849839680333593,0.7452653695707373,0.7053164615838784,0.709822695035461,0.6494148936170212,True
NPTS,24,GJBC_BLOCK_1_A1_BOYS,564,0.08143617021276597,0.12031798884504474,0.6128874040561653,0.5608940004427764,0.15852836879432625,0.15319148936170213,True
NPTS,24,GJBC_BLOCK_1_A2_GIRLS,564,0.07804964539007092,0.12259603270107297,0.5733309518363964,0.5730449012680344,0.1647340425531915,0.15008865248226952,True
NPTS,24,GJBC_BLOCK_1_A3,564,0.105,0.15386624936949447,0.6229448850944228,0.5605341772601569,0.1895390070921986,0.18191489361702126,True
NPTS,24,GJBC_BLOCK_1_A4_RO,564,0.0040070921985815595,0.019102188801843535,0.06719333310993704,0.09629619033294438,0.0040070921985815595,0.0,True
NPTS,24,GJBC_BLOCK_2_A1,564,0.15590425531914895,0.28240827293851267,0.7483397736086187,0.7987845757805968,0.4049468085106383,0.4169858156028369,True
NPTS,24,GJBC_LAW_BLOCK_3_A4_BOYS,564,0.632145390070922,1.0610035561200022,0.7634644802054668,0.6623980372933072,1.280709219858156,1.1256560283687944,True
NPTS,24,GJBC_LAW_BLOCK_3__A1,561,0.39531194295900174,1.4455633150030853,1.6020140352259962,1.3125437530051483,0.6260071301247772,0.42456327985739745,True
NPTS,24,GJBC_LAW_BLOCK_3__A2,564,0.23700354609929075,0.5114058983897246,0.5551476653600478,0.27925075381938474,0.4324468085106383,0.6220744680851064,True
NPTS,24,GJBC_LAW_BLOCK_3__A3_GIRLS,564,0.17570921985815602,0.25428456165853314,0.6890797136004944,0.5619257109178116,0.3408333333333334,0.4485992907801418,True
NPTS,24,G_BLOCK,564,0.34569148936170213,0.7686384988041984,0.6851429933045278,0.6741138602746174,1.0315248226950353,1.0621808510638298,True
NPTS,24,I&H_BLOCK,564,0.3139893617021276,1.4915935240992273,0.8323627852709609,1.4199477135344725,0.3141134751773049,0.0012588652482269504,True
NPTS,24,INFORMATION_CENTRE,564,0.017304964539007095,0.07106834189608026,2.018188827619866,1.191712232277045,0.017304964539007095,0.0,True
NPTS,24,IT_BLOCK,564,0.06868794326241134,0.1434516252760011,1.176374086306695,0.8879057374545952,0.09443262411347518,0.05340425531914894,True
NPTS,24,ME_WORKSHOP_BLOCK,564,0.027606382978723403,0.05178207198175257,0.16659036545902495,0.06990869350987897,0.037429078014184394,0.025815602836879434,True
NPTS,24,MM_BLOCK,564,0.23780141843971633,0.3870757801444933,0.5375858564765574,0.4979929303100282,1.1443617021276598,1.1786170212765958,True
NPTS,24,MRD_BLOCK,564,0.8470035460992908,1.4087642968117948,0.7037177903370551,0.49045015335809733,1.388758865248227,1.120904255319149,True
NPTS,24,NBX,561,0.3468449197860962,0.9018495552589998,0.8191143416018167,0.8871846449672869,0.8031729055258466,0.6691622103386808,True
NPTS,24,NEW_BLOCK,564,0.037960992907801416,0.06827536028974901,0.5490161302206279,0.5126623717266464,0.17489361702127657,0.1605496453900709,True
NPTS,24,NEW_BLOCK_RO,564,0.0003900709219858156,0.0019750213213679886,0.19426360350801689,0.059684980142765826,0.0003900709219858156,0.0,True
NPTS,24,TECH_PARK,564,0.22379432624113474,0.3887851600938748,0.652726489281266,0.38912063313215534,0.40037234042553194,0.42991134751773047,True
ETS,24,BE_BLOCK_OHT,564,0.8056714725253984,1.2703792768120872,0.8497246615900508,0.795300256240264,1.9401241134751774,1.9258700704081924,True
ETS,24,BE_BLOCK_RO,564,0.01202467428348262,0.01944906261990673,0.9101669704556057,0.3121097546072835,0.01148936170212766,0.009648222341852707,True
ETS,24,CRICKET_GROUND_OHT,564,0.012201392768210109,0.03336204063434278,0.2164241851451031,0.2598771432042788,0.008421985815602837,0.007258146499439658,True
ETS,24,F_BLOCK,564,0.49598554400459516,0.8814165600872185,0.8508333764178556,0.7314933975528676,0.709822695035461,0.7571526835115759,True
ETS,24,GJBC_BLOCK_1_A1_BOYS,564,0.0935727120093748,0.13219037019736063,0.7041753429610896,0.6162343482846683,0.15852836879432625,0.13540833357267745,True
ETS,24,GJBC_BLOCK_1_A2_GIRLS,564,0.08043882523202953,0.12042291563050123,0.590819030535616,0.5629070577648582,0.1647340425531915,0.16780777528338367,True
ETS,24,GJBC_BLOCK_1_A3,564,0.10300717494001865,0.14763919891974556,0.6110842725009701,0.53790335960707,0.1895390070921986,0.19584387244401663,True
ETS,24,GJBC_BLOCK_1_A4_RO,564,0.00547461874052296,0.01870983022212081,0.09180587689290517,0.09431507818961404,0.0040070921985815595,0.003752526967210542,True
ETS,24,GJBC_BLOCK_2_A1,564,0.19488825300384705,0.2866274305657298,0.935240556238252,0.8105434070769018,0.4049468085106383,0.415566595213529,True
ETS,24,GJBC_LAW_BLOCK_3_A4_BOYS,564,0.6702866223294193,1.0406835121788278,0.8095367773982809,0.6496407570777356,1.280709219858156,1.200412850280655,True
ETS,24,GJBC_LAW_BLOCK_3__A1,561,0.5181521575589095,1.345543639149609,2.09966579252595,1.2216666520500863,0.6260071301247772,0.6024032042908806,True
ETS,24,GJBC_LAW_BLOCK_3__A2,564,0.22782328342247796,0.4034852039819326,0.5334706259842996,0.22020969930547052,0.4324468085106383,0.45293536534376666,True
ETS,24,GJBC_LAW_BLOCK_3__A3_GIRLS,564,0.18781083146534303,0.23579958104565119,0.7357366812777938,0.520021482375226,0.3408333333333334,0.36116484261793047,True
ETS,24,G_BLOCK,564,0.4108199488619947,0.7908008451727989,0.8142946098314209,0.6934364221619422,1.0315248226950353,1.019018226593845,True
ETS,24,I&H_BLOCK,564,0.581925487863465,1.4505395517690334,1.5413648001823492,1.382388550301388,0.3141134751773049,0.42409228901927676,True
ETS,24,INFORMATION_CENTRE,564,0.041062964749923214,0.08544342118023654,4.846069852693966,1.4403045325483432,0.017304964539007095,0.03194197158115383,True
ETS,24,IT_BLOCK,564,0.07863093311054817,0.13567609263845226,1.3471943510697069,0.8397469350312186,0.09443262411347518,0.09919827836858203,True
ETS,24,ME_WORKSHOP_BLOCK,564,0.03535144566436443,0.0533605226920893,0.21323399665920945,0.0720518752062209,0.037429078014184394,0.04036477745305018,True
ETS,24,MM_BLOCK,564,0.24708966297367407,0.3793252144788522,0.5585932350534046,0.48798530601783424,1.1443617021276598,1.167601067893196,True
ETS,24,MRD_BLOCK,564,0.8844351798133953,1.3369043890377257,0.7347139545573381,0.4652586724341961,1.388758865248227,1.2944615636496422,True
ETS,24,NBX,561,0.43392689598935963,0.892060081064059,1.024476482809165,0.8769093254021569,0.8031729055258466,0.8399352096137884,True
ETS,24,NEW_BLOCK,564,0.04100698241552932,0.06790350504754432,0.5931033588103314,0.5098888503714915,0.17489361702127657,0.17382281903027466,True
ETS,24,NEW_BLOCK_RO,564,0.0012717762911773982,0.00201827381680426,0.6335367516617848,0.06099988713400181,0.0003900709219858156,0.0009558421499200889,True
ETS,24,TECH_PARK,564,0.28126355551218607,0.41068229261007405,0.8202328658739222,0.4109234233149896,0.40037234042553194,0.438859437299203,True
Theta,24,BE_BLOCK_OHT,564,0.874306320206089,1.3504925646923787,0.9219716320768223,0.84517619231883,1.9401241134751774,1.7557679535121196,True
Theta,24,BE_BLOCK_RO,564,0.010793550972243719,0.01794841003557126,0.8169746007055058,0.2873145099650825,0.01148936170212766,0.010930796595377724,True
Theta,24,CRICKET_GROUND_OHT,564,0.012104226810069247,0.034016889228555426,0.21514394178174862,0.2650764677944337,0.008421985815602837,0.006650770286645332,True
Theta,24,F_BLOCK,564,0.539810853335364,0.9310900092477077,0.9260271779630802,0.7728312448760841,0.709822695035461,0.7442642843458227,True
Theta,24,GJBC_BLOCK_1_A1_BOYS,564,0.09329428482228475,0.13207921393656352,0.7020919764108317,0.6155855077869676,0.15852836879432625,0.12401650201340511,True
Theta,24,GJBC_BLOCK_1_A2_GIRLS,564,0.0886162809618194,0.13266568437005966,0.6508627430674783,0.6199292834385803,0.1647340425531915,0.14899014434851215,True
Theta,24,GJBC_BLOCK_1_A3,564,0.10392183089210404,0.14960742397197052,0.6164967911854614,0.5450418253586914,0.1895390070921986,0.18231486969593805,True
Theta,24,GJBC_BLOCK_1_A4_RO,564,0.005135403927862282,0.018758128671987097,0.08608365636610998,0.09455836890826458,0.0040070921985815595,0.002899917796263729,True
Theta,24,GJBC_BLOCK_2_A1,564,0.20848900383172028,0.31796449857230336,1.0002789881252303,0.8989512342779754,0.4049468085106383,0.37641892177985753,True
Theta,24,GJBC_LAW_BLOCK_3_A4_BOYS,564,0.7142079533278193,1.074978873432321,0.8625424391586349,0.6709953512959844,1.280709219858156,1.1890478120858186,True
Theta,24,GJBC_LAW_BLOCK_3__A1,561,0.5223311054322345,1.4071799341456144,2.115087854308114,1.2775211404922202,0.6260071301247772,0.559149890341416,True
Theta,24,GJBC_LAW_BLOCK_3__A2,564,0.2449701738952787,0.40487182244059605,0.573368804510395,0.22087783106202744,0.4324468085106383,0.4217327462139894,True
Theta,24,GJBC_LAW_BLOCK_3__A3_GIRLS,564,0.17693574382178318,0.23177720828320383,0.6934352727651331,0.5116594494753466,0.3408333333333334,0.3304627253428131,True
Theta,24,G_BLOCK,564,0.45382116502413894,0.834688809177086,0.8996156844548634,0.7318869719870627,1.0315248226950353,1.0253154297440896,True
Theta,24,I&H_BLOCK,564,0.6048482300264103,1.5163772873307804,1.6039025169111498,1.446590632705769,0.3141134751773049,0.44185881519074566,True
Theta,24,INFORMATION_CENTRE,564,0.037532045256200894,0.08619751464916271,4.43631965899479,1.4529382726466027,0.017304964539007095,0.026558662088276872,True
Theta,24,IT_BLOCK,564,0.08042939276939948,0.13913996208976537,1.3783243838157526,0.861216114133871,0.09443262411347518,0.09345205423705003,True
Theta,24,ME_WORKSHOP_BLOCK,564,0.0425069308385199,0.06514684406228351,0.25661003949541256,0.08808537628298085,0.037429078014184394,0.02985524679252977,True
Theta,24,MM_BLOCK,564,0.26189687010868096,0.3841938516259951,0.5920730416814204,0.49429055814572515,1.1443617021276598,1.1361450456856894,True
Theta,24,MRD_BLOCK,564,0.8459037986506779,1.2978936551384253,0.7026773665795212,0.4515962470938457,1.388758865248227,1.155306234611725,True
Theta,24,NBX,561,0.4394879983458229,0.9082688844779703,1.0379004341894216,0.8928074597399832,0.8031729055258466,0.772616587606643,True
Theta,24,NEW_BLOCK,564,0.04362266318278432,0.07056592811064338,0.6309254412882851,0.5297805074741367,0.17489361702127657,0.1706118974355313,True
Theta,24,NEW_BLOCK_RO,564,0.0006534711027293495,0.0020003417263616398,0.3254516629413585,0.06046227454611737,0.0003900709219858156,0.000305319495510048,True
Theta,24,TECH_PARK,564,0.30942975008240875,0.46538828029048124,0.9021387111474181,0.4648980681914259,0.40037234042553194,0.42820841109611385,True
DynamicOptimizedTheta,24,BE_BLOCK_OHT,564,0.8741482485428319,1.3503228144489772,0.9218049323621516,0.8450699153838557,1.9401241134751774,1.7564974333457113,True
DynamicOptimizedTheta,24,BE_BLOCK_RO,564,0.010831467148099787,0.017974559702108858,0.8198290913096843,0.2877296253499793,0.01148936170212766,0.010960182962796517,True
DynamicOptimizedTheta,24,CRICKET_GROUND_OHT,564,0.012268884717645593,0.03408769033895288,0.2180862567037074,0.26563949638647216,0.008421985815602837,0.006913024881885421,True
DynamicOptimizedTheta,24,F_BLOCK,564,0.5397107485894375,0.9309763607443154,0.9258554128840555,0.7727366715102933,0.709822695035461,0.7442787416822714,True
DynamicOptimizedTheta,24,GJBC_BLOCK_1_A1_BOYS,564,0.09327917340511199,0.1320752183035601,0.7019780832318224,0.6155671510906471,0.15852836879432625,0.12391106653063058,True
DynamicOptimizedTheta,24,GJBC_BLOCK_1_A2_GIRLS,564,0.08867037693573243,0.13272977477750136,0.6512594340896167,0.6202278446973802,0.1647340425531915,0.14891620947982226,True
DynamicOptimizedTheta,24,GJBC_BLOCK_1_A3,564,0.1063073096581369,0.15238142892613687,0.6306372144438849,0.5551162949687306,0.1895390070921986,0.17629853701243497,True
DynamicOptimizedTheta,24,GJBC_BLOCK_1_A4_RO,564,0.005129362758153271,0.01875861550864182,0.08598200368596477,0.09456083861202753,0.0040070921985815595,0.002884271065216234,True
DynamicOptimizedTheta,24,GJBC_BLOCK_2_A1,564,0.20849698778439776,0.3179736861080272,1.0003176211598312,0.898977439534612,0.4049468085106383,0.37621243058659243,True
DynamicOptimizedTheta,24,GJBC_LAW_BLOCK_3_A4_BOYS,564,0.7190433759644657,1.0806027586855447,0.8683892932335076,0.6745006441590443,1.280709219858156,1.1867684663693305,True
DynamicOptimizedTheta,24,GJBC_LAW_BLOCK_3__A1,561,0.5219941017038756,1.407228023609187,2.113734616000141,1.2775664013695573,0.6260071301247772,0.5576293682166827,True
DynamicOptimizedTheta,24,GJBC_LAW_BLOCK_3__A2,564,0.2448278011948467,0.4048625386584925,0.573034062426446,0.22087266142128478,0.4324468085106383,0.422040920356894,True
DynamicOptimizedTheta,24,GJBC_LAW_BLOCK_3__A3_GIRLS,564,0.17691607854208832,0.231792965522986,0.6933580960067599,0.5116941639735929,0.3408333333333334,0.3304994268274939,True
DynamicOptimizedTheta,24,G_BLOCK,564,0.4667970243736794,0.8506353870430017,0.9253325285183323,0.7458020228547151,1.0315248226950353,1.0301473022546617,True
DynamicOptimizedTheta,24,I&H_BLOCK,564,0.6044972237110368,1.5162625996852441,1.6029752256446643,1.4464812252236687,0.3141134751773049,0.4414137343473419,True
DynamicOptimizedTheta,24,INFORMATION_CENTRE,564,0.03741478379856273,0.08621808992607734,4.422846245351838,1.4532985169622308,0.017304964539007095,0.026411828096912254,True
DynamicOptimizedTheta,24,IT_BLOCK,564,0.08038171353056608,0.1391364240825471,1.3775038666185553,0.8611942543773585,0.09443262411347518,0.09322567874372996,True
DynamicOptimizedTheta,24,ME_WORKSHOP_BLOCK,564,0.04250499374614555,0.06514584655193921,0.2565987276052426,0.08808413398410411,0.037429078014184394,0.029831600727400032,True
DynamicOptimizedTheta,24,MM_BLOCK,564,0.26189781987276356,0.38418665122865253,0.5920750579458973,0.4942813204049843,1.1443617021276598,1.1360282540831217,True
DynamicOptimizedTheta,24,MRD_BLOCK,564,0.8457304813527387,1.2977480320615566,0.702533389868827,0.45154580697548846,1.388758865248227,1.1556499939544627,True
DynamicOptimizedTheta,24,NBX,561,0.4392347951154951,0.908337589177052,1.037300865502311,0.8928743105079573,0.8031729055258466,0.770214053519144,True
DynamicOptimizedTheta,24,NEW_BLOCK,564,0.043619030522936864,0.07057880231734043,0.6308733147758028,0.5298764967624608,0.17489361702127657,0.17044862636346825,True
DynamicOptimizedTheta,24,NEW_BLOCK_RO,564,0.0006543444547567057,0.002000662891575652,0.32588957071630414,0.06047213478040404,0.0003900709219858156,0.0003062700429707689,True
DynamicOptimizedTheta,24,TECH_PARK,564,0.3094111454386841,0.4653905048740031,0.9020843370980008,0.4649003460511439,0.40037234042553194,0.42849653312421304,True
SeasonalNaive,48,BE_BLOCK_OHT,1139,0.9810359964881475,1.6223985322250851,1.03467756802341,1.015401254456199,1.935873573309921,1.9174363476733978,True
SeasonalNaive,48,BE_BLOCK_RO,1139,0.012309043020193151,0.02240970566102714,0.9311625565516823,0.3582127688969821,0.01141352063213345,0.012818261633011413,True
SeasonalNaive,48,CRICKET_GROUND_OHT,1139,0.016637401229148377,0.05052055623489021,0.29457102892108794,0.39316499791704,0.008674275680421421,0.009438103599648815,True
SeasonalNaive,48,F_BLOCK,1139,0.6494117647058824,1.237322578869029,1.1139797870800185,1.0264497986190626,0.716865671641791,0.7553380158033361,True
SeasonalNaive,48,GJBC_BLOCK_1_A1_BOYS,1139,0.10732221246707639,0.15864272868415588,0.8075865950007777,0.7394400383824453,0.15848990342405617,0.16093064091308162,True
SeasonalNaive,48,GJBC_BLOCK_1_A2_GIRLS,1139,0.10668129938542582,0.1668904263239664,0.7834565024947718,0.7797639950333916,0.16414398595259,0.1666286215978929,True
SeasonalNaive,48,GJBC_BLOCK_1_A3,1139,0.1341176470588235,0.2005694264338849,0.7955513270260721,0.7305897193372483,0.18919227392449517,0.1919315188762072,True
SeasonalNaive,48,GJBC_BLOCK_1_A4_RO,1139,0.0056277436347673395,0.026240931373864504,0.09439521913744667,0.13229960078260938,0.00398595258999122,0.003924495171202809,True
SeasonalNaive,48,GJBC_BLOCK_2_A1,1138,0.2119859402460457,0.3784567683148289,1.017429957350049,1.0702791463341923,0.4074692442882249,0.40732864674868186,True
SeasonalNaive,48,GJBC_LAW_BLOCK_3_A4_BOYS,1139,0.8771027216856891,1.4186734087033195,1.0593555655159632,0.8855685329902018,1.2830465320456539,1.2256453028972782,True
SeasonalNaive,48,GJBC_LAW_BLOCK_3__A1,1133,0.5399205648720212,1.758613375980715,2.1867010220010608,1.5939520966807925,0.6342365401588703,0.6196646072374228,True
SeasonalNaive,48,GJBC_LAW_BLOCK_3__A2,1139,0.24055311676909572,0.4711354971941914,0.5629906290538255,0.25696247142072376,0.4311676909569798,0.4438366988586479,True
SeasonalNaive,48,GJBC_LAW_BLOCK_3__A3_GIRLS,1139,0.19030728709394204,0.26993414473425786,0.7459833969149562,0.5958228991361045,0.33749780509218613,0.352071992976295,True
SeasonalNaive,48,G_BLOCK,1139,0.5185425812115891,1.103924995225403,1.0277943465290116,0.9668571365850385,1.0233450395083408,1.0208165057067604,True
SeasonalNaive,48,I&H_BLOCK,1139,0.5762247585601404,2.0124403698787754,1.5273996391160025,1.9112734289175397,0.3123090430201932,0.4087269534679544,True
SeasonalNaive,48,INFORMATION_CENTRE,1139,0.038068481123792804,0.11060215106812128,4.482075986426349,1.8620849583209944,0.017383669885864792,0.026760316066725194,True
SeasonalNaive,48,IT_BLOCK,1139,0.09661106233538191,0.18475525419006103,1.6544684981422357,1.1431723681902375,0.09395083406496928,0.0971641791044776,True
SeasonalNaive,48,ME_WORKSHOP_BLOCK,1139,0.03744512730465321,0.06569343759946474,0.22590760627597947,0.0887145133947571,0.036523266022827044,0.038235294117647055,True
SeasonalNaive,48,MM_BLOCK,1139,0.3354082528533801,0.5190388395338912,0.7580101770904137,0.6675784005134929,1.1396049165935032,1.1671992976294996,True
SeasonalNaive,48,MRD_BLOCK,1139,1.1419227392449518,1.7920027936059373,0.9484439022781477,0.6235143021913468,1.4137137840210712,1.2881913959613696,True
SeasonalNaive,48,NBX,1133,0.4924536628420123,1.2026432714990372,1.1632194256520494,1.1792269764803156,0.7871138570167696,0.8214563106796116,True
SeasonalNaive,48,NEW_BLOCK,1139,0.050763827919227386,0.09072626679892398,0.7340782768190316,0.68119135400685,0.17575065847234417,0.17339771729587358,True
SeasonalNaive,48,NEW_BLOCK_RO,1139,0.0006496927129060581,0.002548907045982764,0.32390152270148936,0.07709640357975088,0.00038630377524143984,0.00036874451273046535,True
SeasonalNaive,48,TECH_PARK,1139,0.3194381035996488,0.5611042042321762,0.9315293618453169,0.5610925284744391,0.4035557506584723,0.42713784021071116,True
NPTS,48,BE_BLOCK_OHT,1139,0.7420983318700615,1.252017897136371,0.7826940673185052,0.7838040783389059,1.935873573309921,1.6392010535557506,True
NPTS,48,BE_BLOCK_RO,1139,0.010272168568920105,0.019202721492810996,0.7779176110519049,0.3078265986124168,0.01141352063213345,0.004635645302897278,True
NPTS,48,CRICKET_GROUND_OHT,1139,0.008823529411764706,0.03497019927848313,0.1564506139598446,0.27232733161433986,0.008674275680421421,0.0002721685689201054,True
NPTS,48,F_BLOCK,1139,0.43637401229148376,0.8530230804428551,0.7485693633500525,0.7079970566172462,0.716865671641791,0.6505355575065848,True
NPTS,48,GJBC_BLOCK_1_A1_BOYS,1139,0.08101843722563652,0.12024703866327476,0.6096951770851735,0.560491020905999,0.15848990342405617,0.15353819139596137,True
NPTS,48,GJBC_BLOCK_1_A2_GIRLS,1139,0.07783143107989465,0.12238879311971086,0.5716394606764755,0.5719526459616324,0.16414398595259,0.14987708516242315,True
NPTS,48,GJBC_BLOCK_1_A3,1139,0.10536435469710273,0.15451956185418786,0.625041385847421,0.5628113352821483,0.18919227392449517,0.18252853380158035,True
NPTS,48,GJBC_BLOCK_1_A4_RO,1139,0.00398595258999122,0.019023574857297068,0.06683408011971823,0.09585797551745356,0.00398595258999122,0.0,True
NPTS,48,GJBC_BLOCK_2_A1,1138,0.15486818980667838,0.2817878522454627,0.743392618946965,0.7970797165198177,0.4074692442882249,0.41804920913884,True
NPTS,48,GJBC_LAW_BLOCK_3_A4_BOYS,1139,0.6332923617208077,1.0582144917018292,0.7648295861426246,0.6606290612988426,1.2830465320456539,1.1291220368744515,True
NPTS,48,GJBC_LAW_BLOCK_3__A1,1133,0.4062488967343336,1.461784325990159,1.6476292361084675,1.3287521641977709,0.6342365401588703,0.4268578993821712,True
NPTS,48,GJBC_LAW_BLOCK_3__A2,1139,0.23726075504828797,0.5095660844100949,0.5556187425699753,0.2781421317897366,0.4311676909569798,0.6198595258999122,True
NPTS,48,GJBC_LAW_BLOCK_3__A3_GIRLS,1139,0.1777875329236172,0.2563415193429838,0.6971530686957003,0.5663812881467377,0.33749780509218613,0.4482967515364355,True
NPTS,48,G_BLOCK,1139,0.34500438981562775,0.7650628463801689,0.6838120056726704,0.6708619479126448,1.0233450395083408,1.063116769095698,True
NPTS,48,I&H_BLOCK,1139,0.3122124670763828,1.5169065663934913,0.8274195507683382,1.4428728151595935,0.3123090430201932,0.001308165057067603,True
NPTS,48,INFORMATION_CENTRE,1139,0.017383669885864792,0.07063116926678317,2.0266782500449994,1.184003728009038,0.017383669885864792,0.0,True
NPTS,48,IT_BLOCK,1139,0.06832309043020192,0.14510085499802855,1.1707615737140493,0.8984528949639038,0.09395083406496928,0.05270412642669008,True
NPTS,48,ME_WORKSHOP_BLOCK,1139,0.02678665496049166,0.04909809928927127,0.16167077105415195,0.06633629607452375,0.036523266022827044,0.025768217734855138,True
NPTS,48,MM_BLOCK,1139,0.24039508340649693,0.3906030770845504,0.5434008596003808,0.5024925593028058,1.1396049165935032,1.179947322212467,True
NPTS,48,MRD_BLOCK,1139,0.8652502194907814,1.4216803669767808,0.7189359194082591,0.4948878488796972,1.4137137840210712,1.1294468832309044,True
NPTS,48,NBX,1133,0.33402471315092674,0.8780483151726799,0.7889670634430292,0.8645522861504406,0.7871138570167696,0.6689938217122683,True
NPTS,48,NEW_BLOCK,1139,0.03808604038630377,0.06819251785043126,0.5508145356214741,0.5120226914575102,0.17575065847234417,0.16098331870061458,True
NPTS,48,NEW_BLOCK_RO,1139,0.00038630377524143984,0.0019654612060313985,0.19236506557935157,0.059392369008919935,0.00038630377524143984,0.0,True
NPTS,48,TECH_PARK,1139,0.22607550482879718,0.39094267109228764,0.6593664620300096,0.39123236579860476,0.4035557506584723,0.4288059701492537,True
ETS,48,BE_BLOCK_OHT,1139,0.8073324423568119,1.2755676625978363,0.8514822443868248,0.7985281433050321,1.935873573309921,1.919738160288751,True
ETS,48,BE_BLOCK_RO,1139,0.012781129233697853,0.020373754489331014,0.9672613626533353,0.326816799411692,0.01141352063213345,0.009840380178294124,True
ETS,48,CRICKET_GROUND_OHT,1139,0.013143781553900275,0.03487822511158853,0.23313374505122803,0.27165559942077144,0.008674275680421421,0.007324225836416574,True
ETS,48,F_BLOCK,1139,0.49331939812905024,0.8797700046309406,0.846273088723042,0.7301696682241267,0.716865671641791,0.755267220577099,True
ETS,48,GJBC_BLOCK_1_A1_BOYS,1139,0.09451106407397768,0.1293888209497198,0.7111548167388086,0.6030131689591569,0.15848990342405617,0.13520628140100396,True
ETS,48,GJBC_BLOCK_1_A2_GIRLS,1139,0.08134477534799506,0.12022208732393432,0.597429670464284,0.5618117409512562,0.16414398595259,0.1676753272699521,True
ETS,48,GJBC_BLOCK_1_A3,1139,0.10399819338817343,0.14658300998510645,0.6169033442779841,0.5339498672784145,0.18919227392449517,0.1957502512606214,True
ETS,48,GJBC_BLOCK_1_A4_RO,1139,0.005444234401721757,0.018626796922053615,0.09128300639484722,0.09385344236382241,0.00398595258999122,0.003747724617765994,True
ETS,48,GJBC_BLOCK_2_A1,1138,0.19923842093224042,0.2955600734375098,0.95609014759142,0.8358076493982617,0.4074692442882249,0.4174087988892286,True
ETS,48,GJBC_LAW_BLOCK_3_A4_BOYS,1139,0.6692523571500284,1.0373755221071848,0.8082680500269762,0.6475509284423137,1.2830465320456539,1.199396824202376,True
ETS,48,GJBC_LAW_BLOCK_3__A1,1133,0.5296336910979442,1.3646405589545094,2.147598548865294,1.2404962073567765,0.6342365401588703,0.6066916456927215,True
ETS,48,GJBC_LAW_BLOCK_3__A2,1139,0.22830127104173178,0.4020167942655532,0.5345012692150619,0.21932070604833165,0.4311676909569798,0.45238781163147074,True
ETS,48,GJBC_LAW_BLOCK_3__A3_GIRLS,1139,0.18649235491133706,0.24061374305223218,0.7304580319435873,0.5304585076130212,0.33749780509218613,0.3622375678513893,True
ETS,48,G_BLOCK,1139,0.40695739104951256,0.7826416735683793,0.8066772914978513,0.6862205658751569,1.0233450395083408,1.0183153663260482,True
ETS,48,I&H_BLOCK,1139,0.5923047793792958,1.4776312075044808,1.5687722315665684,1.4066741307712731,0.3123090430201932,0.42761875750589706,True
ETS,48,INFORMATION_CENTRE,1139,0.041226416709582554,0.08542346350284939,4.867931554234249,1.440044256908559,0.017383669885864792,0.03231223893391006,True
ETS,48,IT_BLOCK,1139,0.07926400452129699,0.13689908359142294,1.358612899370416,0.8476025690371584,0.09395083406496928,0.09901121469212883,True
ETS,48,ME_WORKSHOP_BLOCK,1139,0.03509568523378345,0.051739843021832856,0.21162561865937818,0.06987884785229932,0.036523266022827044,0.04058879183030233,True
ETS,48,MM_BLOCK,1139,0.25188271578956517,0.38570206143482055,0.5693853582718351,0.49614934156500057,1.1396049165935032,1.1693899167465192,True
ETS,48,MRD_BLOCK,1139,0.9514048608113033,1.42623367462678,0.7903255527424878,0.4962898587747405,1.4137137840210712,1.2926865662181433,True
ETS,48,NBX,1133,0.42662523865145663,0.8745576708737257,1.0074477978281506,0.8603423014116469,0.7871138570167696,0.8423476601107963,True
ETS,48,NEW_BLOCK,1139,0.04167170567500848,0.0688426971452028,0.6026884886341409,0.5168916207316264,0.17575065847234417,0.17378421594824262,True
ETS,48,NEW_BLOCK_RO,1139,0.001268471234277158,0.002010532978863165,0.6317979747323199,0.060761555794469194,0.00038630377524143984,0.0009556118071040399,True
ETS,48,TECH_PARK,1139,0.2796381429948587,0.41448854306760635,0.8154604714990351,0.4146082250658554,0.4035557506584723,0.43896822249955403,True
Theta,48,BE_BLOCK_OHT,1139,0.8880507377299751,1.3651187460062306,0.936496663185105,0.8543849585664602,1.935873573309921,1.713185984906112,True
Theta,48,BE_BLOCK_RO,1139,0.011760221220722603,0.019355729707096144,0.8899442461718842,0.30970898052827284,0.01141352063213345,0.011064668317018722,True
Theta,48,CRICKET_GROUND_OHT,1139,0.013021368448745543,0.035148330947985654,0.23150576356498134,0.2738618199433017,0.008674275680421421,0.007235243532331295,True
Theta,48,F_BLOCK,1139,0.5498715255369364,0.935104783035532,0.9433146478332024,0.7761389688571632,0.716865671641791,0.7495582340584014,True
Theta,48,GJBC_BLOCK_1_A1_BOYS,1139,0.09605977351420573,0.13120664112341363,0.7228161971640085,0.6113892553972341,0.15848990342405617,0.11898273636084733,True
Theta,48,GJBC_BLOCK_1_A2_GIRLS,1139,0.09099536687721616,0.13236395333863088,0.6682531187288887,0.6183777450691532,0.16414398595259,0.14445092317518887,True
Theta,48,GJBC_BLOCK_1_A3,1139,0.1050374084486566,0.1482463583407947,0.6230506457665363,0.539974080574321,0.18919227392449517,0.18338074631259707,True
Theta,48,GJBC_BLOCK_1_A4_RO,1139,0.005139397360429736,0.018725795583650662,0.08613925128688579,0.09435303820060399,0.00398595258999122,0.0029490225956667624,True
Theta,48,GJBC_BLOCK_2_A1,1138,0.2189841338366457,0.33373660052914533,1.0506291277554658,0.9435345896105467,0.4074692442882249,0.35914026337823823,True
Theta,48,GJBC_LAW_BLOCK_3_A4_BOYS,1139,0.7323354480816111,1.0887742623934815,0.8844261206996893,0.679584669228024,1.2830465320456539,1.1943142237135256,True
Theta,48,GJBC_LAW_BLOCK_3__A1,1133,0.5378688345278764,1.4244550729760768,2.1796207025634184,1.2946510544579959,0.6342365401588703,0.5674718217033018,True
Theta,48,GJBC_LAW_BLOCK_3__A2,1139,0.24349664214051975,0.40296670709999144,0.5699125275404704,0.2197958873785313,0.4311676909569798,0.42500380483094086,True
Theta,48,GJBC_LAW_BLOCK_3__A3_GIRLS,1139,0.18177954783497624,0.2344740225760386,0.7123670796094944,0.5174466671517522,0.33749780509218613,0.3200334903269368,True
Theta,48,G_BLOCK,1139,0.45223177308863444,0.8248586044383577,0.8964691760905619,0.7231773794041253,1.0233450395083408,1.0292972268558092,True
Theta,48,I&H_BLOCK,1139,0.6146309897071612,1.5172642598647108,1.6297805473688984,1.446166886459844,0.3123090430201932,0.45749891936535036,True
Theta,48,INFORMATION_CENTRE,1139,0.03803133722725337,0.08616587497283743,4.496739950348538,1.4525726781261452,0.017383669885864792,0.027632812108948693,True
Theta,48,IT_BLOCK,1139,0.08201417000369902,0.14117490047291814,1.4060351689672002,0.8740887989576452,0.09395083406496928,0.09417893485504077,True
Theta,48,ME_WORKSHOP_BLOCK,1139,0.04318608554482602,0.06570514341952398,0.26063320309813076,0.08883650008634218,0.036523266022827044,0.033024889171478666,True
Theta,48,MM_BLOCK,1139,0.2694401678210978,0.3947064635221369,0.6090707716214401,0.5077628829870002,1.1396049165935032,1.141651845442699,True
Theta,48,MRD_BLOCK,1139,0.9150436983134854,1.4064143430066987,0.7601803201549013,0.4893614067067014,1.4137137840210712,1.1232745840273324,True
Theta,48,NBX,1133,0.4446559665882246,0.8916726238295878,1.050326987957227,0.8769643879550664,0.7871138570167696,0.7835387337498796,True
Theta,48,NEW_BLOCK,1139,0.04488399693368941,0.07170361279786655,0.6490937047053515,0.5382555117618759,0.17575065847234417,0.17128087910619547,True
Theta,48,NEW_BLOCK_RO,1139,0.0008923046943751459,0.0023652917232835744,0.44433892718818024,0.07148502619960982,0.00038630377524143984,0.0005617752717941399,True
Theta,48,TECH_PARK,1139,0.3181602060053099,0.4768114287482851,0.9275984872320814,0.4762687113639527,0.4035557506584723,0.4267060414923744,True
DynamicOptimizedTheta,48,BE_BLOCK_OHT,1139,0.887686655767179,1.3647472477517357,0.9361124341771976,0.8541519312034738,1.935873573309921,1.7145210586101052,True
DynamicOptimizedTheta,48,BE_BLOCK_RO,1139,0.011789621386984764,0.019368914286457227,0.8921631406041619,0.3099215838129652,0.01141352063213345,0.011091218074753105,True
DynamicOptimizedTheta,48,CRICKET_GROUND_OHT,1139,0.013300876911866363,0.03524251693962273,0.23650300236072405,0.2746098228764698,0.008674275680421421,0.007625557936054131,True
DynamicOptimizedTheta,48,F_BLOCK,1139,0.5496672297404257,0.9349129244627812,0.9429640850686827,0.7759790679052753,0.716865671641791,0.7495359949060734,True
DynamicOptimizedTheta,48,GJBC_BLOCK_1_A1_BOYS,1139,0.09607358215745272,0.13124044013029282,0.7229201864378084,0.6115470133822114,0.15848990342405617,0.11878880357326209,True
DynamicOptimizedTheta,48,GJBC_BLOCK_1_A2_GIRLS,1139,0.09106911013626899,0.13245049516774363,0.6687942199327526,0.6187812690780953,0.16414398595259,0.14426059090297452,True
DynamicOptimizedTheta,48,GJBC_BLOCK_1_A3,1139,0.1067159772060401,0.1501720249681961,0.6329964807905357,0.5469619729756457,0.18919227392449517,0.17876150407376937,True
DynamicOptimizedTheta,48,GJBC_BLOCK_1_A4_RO,1139,0.0051299579912595,0.018726642640066564,0.08598050584151203,0.09435734171075387,0.00398595258999122,0.0029245211228577945,True
DynamicOptimizedTheta,48,GJBC_BLOCK_2_A1,1138,0.2189669720830455,0.33372537854018586,1.0505471865921368,0.9435029372053811,0.4074692442882249,0.35882347861526603,True
DynamicOptimizedTheta,48,GJBC_LAW_BLOCK_3_A4_BOYS,1139,0.7405363104464945,1.0969330203254608,0.8943374490425149,0.6846725278647603,1.2830465320456539,1.1954687954648526,True
DynamicOptimizedTheta,48,GJBC_LAW_BLOCK_3__A1,1133,0.5372428067492094,1.4245140256746966,2.177098270133652,1.2947076122016201,0.6342365401588703,0.5651034610046578,True
DynamicOptimizedTheta,48,GJBC_LAW_BLOCK_3__A2,1139,0.24327064888297528,0.40294677340517154,0.5693811420908723,0.21978486150699506,0.4311676909569798,0.4254743694580139,True
DynamicOptimizedTheta,48,GJBC_LAW_BLOCK_3__A3_GIRLS,1139,0.18172249533303858,0.23445566002440354,0.7121432489781928,0.5174062925377733,0.33749780509218613,0.3201293440323178,True
DynamicOptimizedTheta,48,G_BLOCK,1139,0.4658229871823494,0.8421832837888628,0.9234081975237314,0.738292005765355,1.0233450395083408,1.0390702947437962,True
DynamicOptimizedTheta,48,I&H_BLOCK,1139,0.6139954586612314,1.5170430008898528,1.6281009845006362,1.4459550323811183,0.3123090430201932,0.4567100333967563,True
DynamicOptimizedTheta,48,INFORMATION_CENTRE,1139,0.037855644978064054,0.08620176222020225,4.476517589141294,1.4531992338594226,0.017383669885864792,0.027407864733890216,True
DynamicOptimizedTheta,48,IT_BLOCK,1139,0.08190371838160074,0.1411552223629299,1.404139768777451,0.8739674028672828,0.09395083406496928,0.09382689077023475,True
DynamicOptimizedTheta,48,ME_WORKSHOP_BLOCK,1139,0.04317399023128938,0.0656905557865802,0.2605617792475762,0.08881719819461478,0.036523266022827044,0.032981389825690294,True
DynamicOptimizedTheta,48,MM_BLOCK,1139,0.26941735781954035,0.39467268569269015,0.6090193566588641,0.50771980900887,1.1396049165935032,1.1414398804410961,True
DynamicOptimizedTheta,48,MRD_BLOCK,1139,0.9147308205015574,1.4059977638276384,0.7599203052674539,0.4892171365221273,1.4137137840210712,1.123954369764657,True
DynamicOptimizedTheta,48,NBX,1133,0.44402031210252446,0.8915629539628807,1.0488242142499338,0.8768596789047983,0.7871138570167696,0.7798407031304175,True
DynamicOptimizedTheta,48,NEW_BLOCK,1139,0.04487084063915482,0.07172337087156243,0.6489040059411632,0.5384029439075793,0.17575065847234417,0.1710191675983953,True
DynamicOptimizedTheta,48,NEW_BLOCK_RO,1139,0.0008935648946161059,0.0023660333115281553,0.44497251411768013,0.07150782398497317,0.00038630377524143984,0.0005631839266625815,True
DynamicOptimizedTheta,48,TECH_PARK,1139,0.31811634512686715,0.4767744144655497,0.9274704265918571,0.4762315872163858,0.4035557506584723,0.42722334818170377,True
SeasonalNaive,72,BE_BLOCK_OHT,1715,0.9755801749271137,1.6064710977030061,1.0289075587099132,1.005351219261334,1.9161574344023324,1.9144548104956272,True
SeasonalNaive,72,BE_BLOCK_RO,1715,0.012618075801749272,0.022905560963051526,0.9545777959920252,0.36623561838440166,0.01113119533527697,0.012833819241982508,True
SeasonalNaive,72,CRICKET_GROUND_OHT,1715,0.01682798833819242,0.05030750919146726,0.2982109679941204,0.39161054946905083,0.00917201166180758,0.009416909620991253,True
SeasonalNaive,72,F_BLOCK,1715,0.6698134110787172,1.2458771893110014,1.1488927216421039,1.0334230074904205,0.7209271137026239,0.7541107871720116,True
SeasonalNaive,72,GJBC_BLOCK_1_A1_BOYS,1715,0.10719533527696794,0.15859110008521624,0.8065804301522299,0.7391570906454515,0.158600583090379,0.1609446064139942,True
SeasonalNaive,72,GJBC_BLOCK_1_A2_GIRLS,1715,0.10608746355685131,0.16498290396457171,0.7790604527495179,0.7708172630375327,0.16416909620991255,0.16661807580174928,True
SeasonalNaive,72,GJBC_BLOCK_1_A3,1715,0.1362274052478134,0.20263957864597737,0.8080001573672415,0.7380708679002036,0.18946938775510205,0.19198250728862973,True
SeasonalNaive,72,GJBC_BLOCK_1_A4_RO,1715,0.005877551020408163,0.028222357409081678,0.09851698432799338,0.14219154662568495,0.0042507288629737615,0.003924198250728863,True
SeasonalNaive,72,GJBC_BLOCK_2_A1,1713,0.2223817863397548,0.3909743542859071,1.067270084130495,1.1056358795956778,0.405563339171045,0.40780502043199063,True
SeasonalNaive,72,GJBC_LAW_BLOCK_3_A4_BOYS,1715,0.8739708454810496,1.4030378536086945,1.0556099428361025,0.875787692893761,1.2839475218658893,1.2244956268221574,True
SeasonalNaive,72,GJBC_LAW_BLOCK_3__A1,1706,0.5500351699882767,1.7618064639490516,2.227878810164236,1.597495543861647,0.6290328253223916,0.6173094958968348,True
SeasonalNaive,72,GJBC_LAW_BLOCK_3__A2,1715,0.24343440233236152,0.4732201578380369,0.5696631086827375,0.2580881783585196,0.427399416909621,0.4438367346938776,True
SeasonalNaive,72,GJBC_LAW_BLOCK_3__A3_GIRLS,1715,0.19166180758017495,0.2697827654331932,0.7511933217348129,0.5953804696575076,0.3349037900874635,0.35255976676384837,True
SeasonalNaive,72,G_BLOCK,1715,0.5128513119533528,1.0962786775156719,1.0164848555198431,0.960043072072399,1.0166763848396503,1.0215510204081633,True
SeasonalNaive,72,I&H_BLOCK,1715,0.5977142857142856,2.039236323073201,1.5845190909029054,1.9384803941871376,0.29879883381924194,0.40980758017492713,True
SeasonalNaive,72,INFORMATION_CENTRE,1715,0.03773177842565598,0.10995917609805589,4.438374772212592,1.850329865342353,0.017247813411078717,0.026711370262390673,True
SeasonalNaive,72,IT_BLOCK,1715,0.0997609329446064,0.19496026357485732,1.708895582633982,1.2064421827581047,0.09289795918367347,0.09702040816326529,True
SeasonalNaive,72,ME_WORKSHOP_BLOCK,1715,0.037807580174927115,0.06590920515083731,0.22811253525317343,0.08901971286691361,0.0361399416909621,0.038285714285714284,True
SeasonalNaive,72,MM_BLOCK,1715,0.3321574344023324,0.5158746994565236,0.7506565930248102,0.6634649895786847,1.136932944606414,1.1681807580174928,True
SeasonalNaive,72,MRD_BLOCK,1715,1.191877551020408,1.8518025730836698,0.9899215018284538,0.6443947531444072,1.4237551020408161,1.2876209912536443,True
SeasonalNaive,72,NBX,1706,0.4897069167643611,1.1958636212810387,1.1567188307778298,1.1728111051901162,0.7730070339976554,0.8230539273153576,True
SeasonalNaive,72,NEW_BLOCK,1715,0.05117201166180758,0.09100219457194217,0.7399677927582158,0.6831582513001667,0.17590087463556853,0.17351020408163265,True
SeasonalNaive,72,NEW_BLOCK_RO,1715,0.0006647230320699709,0.0025782223179353072,0.3311550478739138,0.077941956814189,0.00037900874635568517,0.0003673469387755102,True
SeasonalNaive,72,TECH_PARK,1715,0.33189504373177847,0.5746550746408627,0.9678293604045506,0.5745452388637261,0.40137609329446067,0.4264256559766764,True
NPTS,72,BE_BLOCK_OHT,1715,0.7293994169096211,1.2191995175347023,0.7692622593620508,0.7630936351355196,1.9161574344023324,1.6326355685131198,True
NPTS,72,BE_BLOCK_RO,1715,0.0101399416909621,0.018536859506126012,0.7678485852308728,0.29725347720260253,0.01113119533527697,0.00482798833819242,True
NPTS,72,CRICKET_GROUND_OHT,1715,0.009306122448979593,0.03560718635495675,0.16521522665868646,0.27741177814160417,0.00917201166180758,0.0002740524781341108,True
NPTS,72,F_BLOCK,1715,0.4367405247813411,0.8571630949991789,0.7491530443744245,0.711350350543653,0.7209271137026239,0.6519999999999999,True
NPTS,72,GJBC_BLOCK_1_A1_BOYS,1715,0.0811195335276968,0.12003643761660512,0.6104309209425318,0.5594652893552962,0.158600583090379,0.15335276967930028,True
NPTS,72,GJBC_BLOCK_1_A2_GIRLS,1715,0.07761516034985423,0.12235612125334501,0.5700436765524356,0.5717484420770018,0.16416909620991255,0.1495160349854227,True
NPTS,72,GJBC_BLOCK_1_A3,1715,0.10560932944606415,0.15471067702652533,0.6264451308145492,0.5634411984389501,0.18946938775510205,0.18230903790087466,True
NPTS,72,GJBC_BLOCK_1_A4_RO,1715,0.0042507288629737615,0.021653243954681083,0.07123722083268241,0.10899909444970911,0.0042507288629737615,0.0,True
NPTS,72,GJBC_BLOCK_2_A1,1713,0.15708114419147692,0.28530337393387095,0.7539612931516013,0.8069547828085274,0.405563339171045,0.4175890251021599,True
NPTS,72,GJBC_LAW_BLOCK_3_A4_BOYS,1715,0.6380816326530612,1.0660224700753447,0.7706099961912536,0.6655071842445485,1.2839475218658893,1.1291778425655976,True
NPTS,72,GJBC_LAW_BLOCK_3__A1,1706,0.40422626025791325,1.4575637102779913,1.639620636839327,1.3255383984972882,0.6290328253223916,0.42678780773739744,True
NPTS,72,GJBC_LAW_BLOCK_3__A2,1715,0.24037900874635568,0.5113248669227105,0.5628274084431533,0.2790514731606696,0.427399416909621,0.6199883381924198,True
NPTS,72,GJBC_LAW_BLOCK_3__A3_GIRLS,1715,0.1794927113702624,0.2585966838495018,0.7037803126905178,0.5712993653050413,0.3349037900874635,0.44903206997084544,True
NPTS,72,G_BLOCK,1715,0.3520932944606414,0.7704166454459398,0.6978407159656161,0.675370695800841,1.0166763848396503,1.0627638483965014,True
NPTS,72,I&H_BLOCK,1715,0.2988279883381924,1.4796987125369077,0.7923290802728831,1.4115899660955367,0.29879883381924194,0.0013236151603498543,True
NPTS,72,INFORMATION_CENTRE,1715,0.017247813411078717,0.07028140023262834,2.0092326103471136,1.1774779079929627,0.017247813411078717,0.0,True
NPTS,72,IT_BLOCK,1715,0.06766763848396502,0.143906148554663,1.1597764016277976,0.8911878139215189,0.09289795918367347,0.053416909620991264,True
NPTS,72,ME_WORKSHOP_BLOCK,1715,0.02632069970845481,0.04790539754247556,0.15884564313981753,0.06472967226251697,0.0361399416909621,0.025737609329446066,True
NPTS,72,MM_BLOCK,1715,0.2404548104956268,0.39041340128984503,0.5435088722011369,0.5022349215386086,1.136932944606414,1.1821341107871721,True
NPTS,72,MRD_BLOCK,1715,0.8698483965014577,1.4158151491078024,0.72277125549019,0.4929292755089944,1.4237551020408161,1.1269562682215744,True
NPTS,72,NBX,1706,0.32512309495896835,0.8597125259050983,0.7679777662307774,0.8469968363313082,0.7730070339976554,0.671166471277843,True
NPTS,72,NEW_BLOCK,1715,0.038075801749271145,0.06819283239953121,0.5506551988913811,0.5119713780073639,0.17590087463556853,0.1611603498542274,True
NPTS,72,NEW_BLOCK_RO,1715,0.00037900874635568517,0.0019468146967692769,0.18866675130640548,0.058816188129904044,0.00037900874635568517,0.0,True
NPTS,72,TECH_PARK,1715,0.2277667638483965,0.39205298029552155,0.6642854198192886,0.3923032871520296,0.40137609329446067,0.4303790087463557,True
ETS,72,BE_BLOCK_OHT,1715,0.7996275352143384,1.246898176121289,0.843326962238441,0.7804187362744384,1.9161574344023324,1.9170688218691416,True
ETS,72,BE_BLOCK_RO,1715,0.012900568485285088,0.02039913025597868,0.976290595030663,0.3272129312834069,0.01113119533527697,0.009906231926715605,True
ETS,72,CRICKET_GROUND_OHT,1715,0.01369509535080098,0.03578927429908939,0.24313290794954198,0.2788672965592194,0.00917201166180758,0.0073524202791169415,True
ETS,72,F_BLOCK,1715,0.4920564183691182,0.8796006729927165,0.844047317302118,0.7299461615471815,0.7209271137026239,0.7542438073723021,True
ETS,72,GJBC_BLOCK_1_A1_BOYS,1715,0.09466643604422921,0.1298889707897495,0.7122204497432625,0.6052141093246441,0.158600583090379,0.13511408241441714,True
ETS,72,GJBC_BLOCK_1_A2_GIRLS,1715,0.08092898110126262,0.12015249798066954,0.5943706640413374,0.5614645918375372,0.16416909620991255,0.1675930554240157,True
ETS,72,GJBC_BLOCK_1_A3,1715,0.1050094808380106,0.14777200528185627,0.622877254899578,0.5382503560359368,0.18946938775510205,0.19567631205063932,True
ETS,72,GJBC_BLOCK_1_A4_RO,1715,0.005692019755140639,0.021241684538809504,0.09539687895484412,0.10692026305197926,0.0042507288629737615,0.0037433425412747127,True
ETS,72,GJBC_BLOCK_2_A1,1713,0.20455462550004294,0.302856324979121,0.9815708889393515,0.8564071266914643,0.405563339171045,0.41796094488562563,True
ETS,72,GJBC_LAW_BLOCK_3_A4_BOYS,1715,0.6689367059257942,1.0365076511841902,0.8078906652572826,0.6470217359403946,1.2839475218658893,1.1985405928435624,True
ETS,72,GJBC_LAW_BLOCK_3__A1,1706,0.5269027266732189,1.3611716758934809,2.136890363087616,1.23803984018021,0.6290328253223916,0.6075839748724337,True
ETS,72,GJBC_LAW_BLOCK_3__A2,1715,0.2315771422327121,0.4035252910596554,0.5421161066999997,0.22008406129667754,0.427399416909621,0.4521315702905235,True
ETS,72,GJBC_LAW_BLOCK_3__A3_GIRLS,1715,0.19165525860873722,0.2457437602523334,0.7506526250547971,0.5417165054976503,0.3349037900874635,0.36263015638583307,True
ETS,72,G_BLOCK,1715,0.4089727361467013,0.783047465576955,0.8106599890738261,0.6864135430916092,1.0166763848396503,1.0180111692989156,True
ETS,72,I&H_BLOCK,1715,0.5910736357419659,1.4544436147370525,1.565957138517344,1.3883400539654072,0.29879883381924194,0.4288196519034524,True
ETS,72,INFORMATION_CENTRE,1715,0.04159681820295964,0.08582652693556819,4.912892662789824,1.4466457662286467,0.017247813411078717,0.03242925799766347,True
ETS,72,IT_BLOCK,1715,0.0792539266776261,0.13736361929076502,1.358725353874074,0.8506306900255611,0.09289795918367347,0.09893021125583434,True
ETS,72,ME_WORKSHOP_BLOCK,1715,0.03468148020679882,0.05090990738900704,0.20913026510575466,0.06876081736611656,0.0361399416909621,0.040675878847145096,True
ETS,72,MM_BLOCK,1715,0.25290473703681604,0.38549499843657953,0.5716702289359933,0.4958699500878545,1.136932944606414,1.1700850303567847,True
ETS,72,MRD_BLOCK,1715,1.012305062474999,1.4841947700586857,0.8408648421709504,0.5164811098957044,1.4237551020408161,1.2917830350268886,True
ETS,72,NBX,1706,0.4211473819564963,0.8654757539217425,0.9946049128695301,0.8518047907004193,0.7730070339976554,0.8432527764841864,True
ETS,72,NEW_BLOCK,1715,0.04162582934524439,0.06880818363335764,0.6019980300958165,0.5165696554189607,0.17590087463556853,0.17377334409093645,True
ETS,72,NEW_BLOCK_RO,1715,0.001262448520151874,0.0019956813812969905,0.6287171928815741,0.06030230804766184,0.00037900874635568517,0.000955521801717665,True
ETS,72,TECH_PARK,1715,0.28358244166099966,0.41828479430776017,0.8269320204883231,0.4182742840865838,0.40137609329446067,0.4388299226685966,True
Theta,72,BE_BLOCK_OHT,1715,0.8903486581749974,1.3488806289890443,0.9388816205526099,0.8440416575639392,1.9161574344023324,1.6915051562705765,True
Theta,72,BE_BLOCK_RO,1715,0.011959105984620123,0.019506680791013854,0.9049657040362823,0.312157011954236,0.01113119533527697,0.010940574311631084,True
Theta,72,CRICKET_GROUND_OHT,1715,0.013209754082773128,0.0358463031171409,0.2349341736805791,0.27937846450670756,0.00917201166180758,0.006797346788253207,True
Theta,72,F_BLOCK,1715,0.5505797592756283,0.933920781371221,0.94447219568716,0.7750410194819498,0.7209271137026239,0.7437203313056634,True
Theta,72,GJBC_BLOCK_1_A1_BOYS,1715,0.09689981391600842,0.13250206706773768,0.7290638246457742,0.6173524905603274,0.158600583090379,0.11887161142701212,True
Theta,72,GJBC_BLOCK_1_A2_GIRLS,1715,0.08926077330040595,0.13083553246258325,0.6554351000982912,0.6111803832085011,0.16416909620991255,0.14340380257758298,True
Theta,72,GJBC_BLOCK_1_A3,1715,0.10577275150426123,0.14928931452144287,0.6273736164050401,0.5437377275010049,0.18946938775510205,0.18232552873564833,True
Theta,72,GJBC_BLOCK_1_A4_RO,1715,0.005355135667024883,0.021297050674181365,0.08971407065714702,0.1072004000913645,0.0042507288629737615,0.0029237388341431096,True
Theta,72,GJBC_BLOCK_2_A1,1713,0.22726375160900766,0.34608260398550605,1.0903212875909902,0.9784492715736278,0.405563339171045,0.3612685466757304,True
Theta,72,GJBC_LAW_BLOCK_3_A4_BOYS,1715,0.7392663779189456,1.0945042463385297,0.8928188468654039,0.683167110376136,1.2839475218658893,1.1870538424766324,True
Theta,72,GJBC_LAW_BLOCK_3__A1,1706,0.5333487241876583,1.4159828195095865,2.161711678239495,1.287740812659776,0.6290328253223916,0.5647264422322674,True
Theta,72,GJBC_LAW_BLOCK_3__A2,1715,0.24645579291425537,0.40544421247260964,0.5767935943110409,0.22111585690755356,0.427399416909621,0.42198417987227976,True
Theta,72,GJBC_LAW_BLOCK_3__A3_GIRLS,1715,0.1874477176790492,0.2387863920442969,0.7345498861539841,0.5269326947053256,0.3349037900874635,0.3187121057884803,True
Theta,72,G_BLOCK,1715,0.45481442201561423,0.8202756870438951,0.9015813981519888,0.7190065027083303,1.0166763848396503,1.0235492462562845,True
Theta,72,I&H_BLOCK,1715,0.6170961003980325,1.5137858975988212,1.6368852945855135,1.446668990369382,0.29879883381924194,0.45515307775554914,True
Theta,72,INFORMATION_CENTRE,1715,0.038137166055043505,0.08648931067204144,4.509866304891866,1.4577449413007333,0.017247813411078717,0.027564142498362258,True
Theta,72,IT_BLOCK,1715,0.08263240628774006,0.14264521089878018,1.4169145981034905,0.8833471870911423,0.09289795918367347,0.09353830918807089,True
Theta,72,ME_WORKSHOP_BLOCK,1715,0.04235607860386984,0.06484770665441002,0.25558355741110994,0.0876710307454631,0.0361399416909621,0.03216053720614957,True
Theta,72,MM_BLOCK,1715,0.2696132360873653,0.3949793026191847,0.6094210515260844,0.5080746635376966,1.136932944606414,1.1396974358292327,True
Theta,72,MRD_BLOCK,1715,0.9791100056395331,1.4749866460639287,0.8133877421711191,0.51327000276674,1.4237551020408161,1.108969618781874,True
Theta,72,NBX,1706,0.43891034341129187,0.8849948612409188,1.036876832926965,0.8708959322156895,0.7730070339976554,0.7792835166629403,True
Theta,72,NEW_BLOCK,1715,0.044752006211099205,0.07167787032174465,0.6471848054701832,0.5380277980883695,0.17590087463556853,0.17088670717523663,True
Theta,72,NEW_BLOCK_RO,1715,0.0008765305306990875,0.0022754352497329467,0.4364565856121925,0.0687657493245859,0.00037900874635568517,0.0005479950531334589,True
Theta,72,TECH_PARK,1715,0.3187374209984524,0.48286444267112927,0.9292425777471051,0.482181413558163,0.40137609329446067,0.42083273127908655,True
DynamicOptimizedTheta,72,BE_BLOCK_OHT,1715,0.8897990797818348,1.3483021069095638,0.9383015867082635,0.8436792161318971,1.9161574344023324,1.6934172375903827,True
DynamicOptimizedTheta,72,BE_BLOCK_RO,1715,0.0119592788939769,0.01949075292203532,0.9049818001306317,0.3119083908038427,0.01113119533527697,0.010955855702142928,True
DynamicOptimizedTheta,72,CRICKET_GROUND_OHT,1715,0.013504856339366579,0.03592898047588854,0.2402045777124581,0.2800361014363994,0.00917201166180758,0.007239744037448929,True
DynamicOptimizedTheta,72,F_BLOCK,1715,0.550338239573491,0.9336604174163011,0.944057654493417,0.7748238182679205,0.7209271137026239,0.7437149302779356,True
DynamicOptimizedTheta,72,GJBC_BLOCK_1_A1_BOYS,1715,0.0969447783910719,0.13255921303527538,0.7294025295362441,0.6176186763917302,0.158600583090379,0.11857749553262652,True
DynamicOptimizedTheta,72,GJBC_BLOCK_1_A2_GIRLS,1715,0.0893354600007396,0.130930041495483,0.6559836865920032,0.6116212613150769,0.16416909620991255,0.14309785526217297,True
DynamicOptimizedTheta,72,GJBC_BLOCK_1_A3,1715,0.10694164580457838,0.15082950594587255,0.6342819781753155,0.549306576198923,0.18946938775510205,0.17669037754934788,True
DynamicOptimizedTheta,72,GJBC_BLOCK_1_A4_RO,1715,0.005342740435602504,0.02129887910381387,0.08950568286402866,0.1072096526727165,0.0042507288629737615,0.002890656000330339,True
DynamicOptimizedTheta,72,GJBC_BLOCK_2_A1,1713,0.22716578625050943,0.3459974313985565,1.0898519157726876,0.9782085746501324,0.405563339171045,0.36076430038459334,True
DynamicOptimizedTheta,72,GJBC_LAW_BLOCK_3_A4_BOYS,1715,0.748388667366863,1.104317423588144,0.9038460522849566,0.689288531523078,1.2839475218658893,1.182981509732342,True
DynamicOptimizedTheta,72,GJBC_LAW_BLOCK_3__A1,1706,0.5324308901073471,1.416037424113504,2.1580095469956544,1.2877940054283816,0.6290328253223916,0.5615380934981983,True
DynamicOptimizedTheta,72,GJBC_LAW_BLOCK_3__A2,1715,0.24614112753071574,0.40541101469808677,0.5760539060284869,0.22109754341492835,0.427399416909621,0.42264059747152627,True
DynamicOptimizedTheta,72,GJBC_LAW_BLOCK_3__A3_GIRLS,1715,0.1873464732678298,0.2387322012822349,0.7341526234799227,0.5268134809012278,0.3349037900874635,0.318880618601351,True
DynamicOptimizedTheta,72,G_BLOCK,1715,0.466059590822908,0.8364087988968943,0.9238687204834012,0.7330846833264725,1.0166763848396503,1.03164163142183,True
DynamicOptimizedTheta,72,I&H_BLOCK,1715,0.6161999907438711,1.5133866640131166,1.6345155902784394,1.4462870329451554,0.29879883381924194,0.45405450595365116,True
DynamicOptimizedTheta,72,INFORMATION_CENTRE,1715,0.03790890394481552,0.08654922542878986,4.4835890330761385,1.4587848930896048,0.017247813411078717,0.02726878618921456,True
DynamicOptimizedTheta,72,IT_BLOCK,1715,0.08249354674558385,0.14261676707239168,1.414532009349488,0.8831715178489515,0.09289795918367347,0.09305547374966189,True
DynamicOptimizedTheta,72,ME_WORKSHOP_BLOCK,1715,0.04234089300360165,0.06482978940647499,0.2554939517269561,0.08764731876326191,0.0361399416909621,0.03211438046832088,True
DynamicOptimizedTheta,72,MM_BLOCK,1715,0.26956817208856815,0.3949281213067254,0.6093194118204227,0.5080092919961777,1.136932944606414,1.1394019269482283,True
DynamicOptimizedTheta,72,MRD_BLOCK,1715,0.9786924254530449,1.4743249307310626,0.8130407114722729,0.5130406032849403,1.4237551020408161,1.109922515643839,True
DynamicOptimizedTheta,72,NBX,1706,0.43824771880096286,0.8847500066145959,1.0353079114263928,0.8706601837048804,0.7730070339976554,0.774283637599059,True
DynamicOptimizedTheta,72,NEW_BLOCK,1715,0.044720658747411476,0.07171011108045378,0.6467326518060078,0.53826839222931,0.17590087463556853,0.1705300130185579,True
DynamicOptimizedTheta,72,NEW_BLOCK_RO,1715,0.0008797334895567506,0.002277233366364639,0.43806137763232755,0.06882069011247192,0.00037900874635568517,0.0005513956362316921,True
DynamicOptimizedTheta,72,TECH_PARK,1715,0.3186320925902785,0.4827635005015515,0.9289351919708809,0.4820806065684405,0.40137609329446067,0.42153567202471925,True
SeasonalNaive,168,BE_BLOCK_OHT,4019,0.9610052251803931,1.5740306321520472,1.01351807055271,0.9849873176045645,1.8786290121920877,1.9110748942523017,True
SeasonalNaive,168,BE_BLOCK_RO,4019,0.012448370241353571,0.022352889178816636,0.9418096354502942,0.3575479425470506,0.01094302065190346,0.01285145558596666,True
SeasonalNaive,168,CRICKET_GROUND_OHT,4019,0.01601891017666086,0.04789004159115845,0.2840501381506989,0.3728608527666853,0.008621547648668822,0.00939288380194078,True
SeasonalNaive,168,F_BLOCK,4019,0.6547101268972381,1.1836749510102704,1.1228730411584669,0.9815047800674562,0.712963423737248,0.7527195819855687,True
SeasonalNaive,168,GJBC_BLOCK_1_A1_BOYS,4019,0.10990047275441651,0.16186636949203032,0.8268253556675591,0.754238565103297,0.15860413038069174,0.1609604379198806,True
SeasonalNaive,168,GJBC_BLOCK_1_A2_GIRLS,4019,0.1081288877830306,0.16791810999589407,0.7939594495238017,0.784320449831537,0.16429957700920625,0.1666061209256034,True
SeasonalNaive,168,GJBC_BLOCK_1_A3,4019,0.13916645931823834,0.20609516664844355,0.8252739351875199,0.7504304589061136,0.18890768847972134,0.1920403085344613,True
SeasonalNaive,168,GJBC_BLOCK_1_A4_RO,4019,0.005884548395123166,0.026961493280794568,0.09854970422293229,0.1357076979219867,0.0041602388653894,0.003923861657128639,True
SeasonalNaive,168,GJBC_BLOCK_2_A1,4013,0.21793421380513334,0.3835595023610844,1.0458222542750772,1.0845507974579058,0.3998504859207575,0.408320458509843,True
SeasonalNaive,168,GJBC_LAW_BLOCK_3_A4_BOYS,4019,0.886596168201045,1.4121779821950091,1.0708097186753107,0.8814901022093679,1.2819656631002738,1.22319233640209,True
SeasonalNaive,168,GJBC_LAW_BLOCK_3__A1,3995,0.5746232790988736,1.8693548645219533,2.3278443778054028,1.6945343008950715,0.6534518147684606,0.6202653316645808,True
SeasonalNaive,168,GJBC_LAW_BLOCK_3__A2,4019,0.24657626275192832,0.4771284732595862,0.5767549747103538,0.26008173291907744,0.41123413784523516,0.4438367753172431,True
SeasonalNaive,168,GJBC_LAW_BLOCK_3__A3_GIRLS,4019,0.1984598158745957,0.27937525831566584,0.77765908916716,0.6163333533105,0.323018163722319,0.3531127146056233,True
SeasonalNaive,168,G_BLOCK,4019,0.5208459815874596,1.093148878818209,1.0323175834874923,0.9569189711812035,1.0174222443393879,1.0223836775317243,True
SeasonalNaive,168,I&H_BLOCK,4019,0.6190644438915153,2.0485761263154902,1.6416232268550377,1.9504281664898426,0.30510077133615326,0.4110325951729286,True
SeasonalNaive,168,INFORMATION_CENTRE,4019,0.03791490420502613,0.11090861811658498,4.462833743148178,1.8668491718575626,0.015349589450111969,0.026655884548395122,True
SeasonalNaive,168,IT_BLOCK,4019,0.09842746951978106,0.19173595719871167,1.6864563460405833,1.186599753915044,0.09161731774073154,0.09685742722070166,True
SeasonalNaive,168,ME_WORKSHOP_BLOCK,4019,0.036907190843493407,0.0643939341159792,0.22273122677436927,0.08697381164503191,0.03508584224931575,0.03834287136103509,True
SeasonalNaive,168,MM_BLOCK,4019,0.34459318238367753,0.5283698705259618,0.7787559564880183,0.6795819753524736,1.1247001741726799,1.1692933565563575,True
SeasonalNaive,168,MRD_BLOCK,4019,1.238036825080866,1.8860966207492371,1.0281847341321242,0.6563247655764736,1.4343468524508582,1.2869743717342623,True
SeasonalNaive,168,NBX,3998,0.46806153076538276,1.0721133981856978,1.105444829641413,1.0495844343579146,0.7322611305652826,0.8243946973486743,True
SeasonalNaive,168,NEW_BLOCK,4019,0.05199054491166957,0.09064708903179294,0.7518855817152926,0.6806205365384107,0.17475491415775066,0.17363772082607615,True
SeasonalNaive,168,NEW_BLOCK_RO,4019,0.0006295098283155015,0.0025090034442294047,0.31351982874522544,0.07583627988477515,0.0003732271709380443,0.00036576262751928344,True
SeasonalNaive,168,TECH_PARK,4019,0.3157377457078875,0.5566002218083852,0.9206855754313613,0.5564066602068308,0.39104005971634737,0.4256183130131874,True
NPTS,168,BE_BLOCK_OHT,4019,0.7310251306295099,1.2007683220855763,0.7709758947753615,0.7515126738807218,1.8786290121920877,1.6371336153271958,True
NPTS,168,BE_BLOCK_RO,4019,0.010079621796466784,0.018170216163045337,0.7631324467778756,0.29149090399599337,0.01094302065190346,0.0048096541428215974,True
NPTS,168,CRICKET_GROUND_OHT,4019,0.00869121672057726,0.03214292230943998,0.15460266758236255,0.2506594501241847,0.008621547648668822,0.00028365264991291365,True
NPTS,168,F_BLOCK,4019,0.41773575516297584,0.782167098192515,0.7164139216041499,0.6486742355981647,0.712963423737248,0.6503458571784025,True
NPTS,168,GJBC_BLOCK_1_A1_BOYS,4019,0.08277432197063948,0.121486705678568,0.622764609560468,0.5659996539815446,0.15860413038069174,0.1527295347101269,True
NPTS,168,GJBC_BLOCK_1_A2_GIRLS,4019,0.0788156257775566,0.12361177377006101,0.5787206979001722,0.5773027337955937,0.16429957700920625,0.14916148295595918,True
NPTS,168,GJBC_BLOCK_1_A3,4019,0.10706145807414781,0.15553197923999434,0.6348996832962238,0.5661881787944114,0.18890768847972134,0.1815824832047773,True
NPTS,168,GJBC_BLOCK_1_A4_RO,4019,0.0041602388653894,0.020169720283694275,0.0696666906437413,0.10134090437402021,0.0041602388653894,0.0,True
NPTS,168,GJBC_BLOCK_2_A1,4013,0.15885621729379518,0.2872220592819274,0.7623258546739872,0.8121361927373953,0.3998504859207575,0.4162397209070521,True
NPTS,168,GJBC_LAW_BLOCK_3_A4_BOYS,4019,0.6582383677531725,1.0876118001007242,0.7949503691067616,0.6789464441899238,1.2819656631002738,1.1299626772829061,True
NPTS,168,GJBC_LAW_BLOCK_3__A1,3995,0.43627284105131414,1.5919969984437212,1.7701926151387295,1.446861508125014,0.6534518147684606,0.4272265331664581,True
NPTS,168,GJBC_LAW_BLOCK_3__A2,4019,0.25143816869868124,0.5280032525328278,0.5883593498957107,0.2879184594641886,0.41123413784523516,0.6182433441154516,True
NPTS,168,GJBC_LAW_BLOCK_3__A3_GIRLS,4019,0.18552625031102266,0.26663724748561135,0.7271410200799071,0.5886808208707137,0.323018163722319,0.4488728539437671,True
NPTS,168,G_BLOCK,4019,0.3608036825080866,0.7827939605495204,0.7151839659788722,0.6856471260472841,1.0174222443393879,1.0636999253545658,True
NPTS,168,I&H_BLOCK,4019,0.3051555113212242,1.460407663945814,0.8096533427617191,1.3982029586418538,0.30510077133615326,0.0012192087583976115,True
NPTS,168,INFORMATION_CENTRE,4019,0.015349589450111969,0.06542243155740471,1.7806780756654128,1.094393698409071,0.015349589450111969,0.0,True
NPTS,168,IT_BLOCK,4019,0.06636974371734262,0.14143208822961745,1.1384217604875575,0.8763829448583084,0.09161731774073154,0.05236377208260762,True
NPTS,168,ME_WORKSHOP_BLOCK,4019,0.026061209256033842,0.04672930309882138,0.15728163579943033,0.0631099459824184,0.03508584224931575,0.02579497387409804,True
NPTS,168,MM_BLOCK,4019,0.25028614083105255,0.40458635903954526,0.56569999701944,0.5204351621994796,1.1247001741726799,1.1813262005474,True
NPTS,168,MRD_BLOCK,4019,0.866752923612839,1.3943819848526129,0.7200289241076581,0.485305266910427,1.4343468524508582,1.1248519532221946,True
NPTS,168,NBX,3998,0.2976688344172086,0.6554336706702854,0.7028854915847597,0.6442401993141463,0.7322611305652826,0.6663181590795397,True
NPTS,168,NEW_BLOCK,4019,0.038442398606618564,0.06890390552115805,0.5560203391103824,0.5173488473399744,0.17475491415775066,0.1608957452102513,True
NPTS,168,NEW_BLOCK_RO,4019,0.0003732271709380443,0.0019319088253280596,0.18587092208946857,0.058390782688840515,0.0003732271709380443,0.0,True
NPTS,168,TECH_PARK,4019,0.2235108235879572,0.38504395266508373,0.6518536325339314,0.3851922797026777,0.39104005971634737,0.4303110226424484,True
ETS,168,BE_BLOCK_OHT,4019,0.7940901969693541,1.218749876203329,0.8374871218622105,0.7627260904012552,1.8786290121920877,1.9140428189231997,True
ETS,168,BE_BLOCK_RO,4019,0.012595439417629015,0.019963924429146955,0.9531987179730488,0.32026827397472324,0.01094302065190346,0.009980882478048842,True
ETS,168,CRICKET_GROUND_OHT,4019,0.012954898817226843,0.032418997364714965,0.23027198019579842,0.25283720118465625,0.008621547648668822,0.007384381931503821,True
ETS,168,F_BLOCK,4019,0.4665488729017163,0.7993520873830783,0.8001646715793593,0.6629644994259074,0.712963423737248,0.7530836504772898,True
ETS,168,GJBC_BLOCK_1_A1_BOYS,4019,0.09768555162754515,0.13212870597030357,0.7347301652890882,0.6153163010241959,0.15860413038069174,0.13500956423007035,True
ETS,168,GJBC_BLOCK_1_A2_GIRLS,4019,0.0845495327339594,0.12446391550266697,0.6209072105053338,0.581363672689068,0.16429957700920625,0.1674997907984655,True
ETS,168,GJBC_BLOCK_1_A3,4019,0.10981161128147506,0.1530809883289703,0.6512815085609909,0.5574086287472199,0.18890768847972134,0.19559249342892282,True
ETS,168,GJBC_BLOCK_1_A4_RO,4019,0.00555880775846555,0.0197436485439619,0.09311031553664165,0.09918747780696187,0.0041602388653894,0.0037271818039116287,True
ETS,168,GJBC_BLOCK_2_A1,4013,0.20306517173190333,0.2980698197092724,0.9743485565195682,0.8427603509984988,0.3998504859207575,0.41850055028792427,True
ETS,168,GJBC_LAW_BLOCK_3_A4_BOYS,4019,0.6751726182874848,1.0438850929599686,0.81538123332079,0.6516123863614982,1.2819656631002738,1.1975699558515853,True
ETS,168,GJBC_LAW_BLOCK_3__A1,3995,0.5357415251620649,1.481950510271528,2.173178746901346,1.3473173130587563,0.6534518147684606,0.6098678705999717,True
ETS,168,GJBC_LAW_BLOCK_3__A2,4019,0.2404030756962049,0.4168715814682444,0.5626066741149093,0.22716064784644463,0.41123413784523516,0.4518410911789644,True
ETS,168,GJBC_LAW_BLOCK_3__A3_GIRLS,4019,0.20337982665029175,0.25912725286361304,0.7964810748068647,0.5710595282390154,0.323018163722319,0.3630752007657599,True
ETS,168,G_BLOCK,4019,0.41182720284044444,0.7914259617917979,0.8163753462296148,0.6932184448902249,1.0174222443393879,1.017666326886471,True
ETS,168,I&H_BLOCK,4019,0.5898853516490383,1.4217297083762992,1.5633306073909117,1.3612200879964351,0.30510077133615326,0.43018100419886474,True
ETS,168,INFORMATION_CENTRE,4019,0.0414801854365674,0.08453356348386004,4.902724170217826,1.4253312017440705,0.015349589450111969,0.03256191260190843,True
ETS,168,IT_BLOCK,4019,0.07760148240883695,0.13496679608270054,1.3310492985510518,0.8362266166289727,0.09161731774073154,0.09883838451889539,True
ETS,168,ME_WORKSHOP_BLOCK,4019,0.03400709815298846,0.04933546239048942,0.20504677049139142,0.06659669625060256,0.03508584224931575,0.0407746020242378,True
ETS,168,MM_BLOCK,4019,0.26364950616439387,0.39890990556369244,0.5959266935203843,0.5130887369215761,1.1247001741726799,1.1708730217995245,True
ETS,168,MRD_BLOCK,4019,1.061431481204688,1.5184077271593093,0.8815793431097165,0.5283707760459148,1.4343468524508582,1.290758778219883,True
ETS,168,NBX,3998,0.3977926278758091,0.685931458025141,0.9393393021033892,0.6732580287898816,0.7322611305652826,0.8439155178690781,True
ETS,168,NEW_BLOCK,4019,0.04196725604956957,0.06937952557784567,0.6069764356625414,0.5208789893538108,0.17475491415775066,0.17376101958685908,True
ETS,168,NEW_BLOCK_RO,4019,0.0012574379926975374,0.0019832964206222166,0.626257164528639,0.05994729804894181,0.0003732271709380443,0.0009554197702321403,True
ETS,168,TECH_PARK,4019,0.2765526597123177,0.4071920524167783,0.8064076747769289,0.4070979964547459,0.39104005971634737,0.43867314386047485,True
Theta,168,BE_BLOCK_OHT,4019,0.8892562684632216,1.3320259665483836,0.9377345977955351,0.8334381049380368,1.8786290121920877,1.6747372958661668,True
Theta,168,BE_BLOCK_RO,4019,0.011807119809203116,0.01956435655109778,0.8933181881703018,0.31305403757000316,0.01094302065190346,0.010963533813466087,True
Theta,168,CRICKET_GROUND_OHT,4019,0.012591411478552625,0.03261703358409345,0.22427804429605352,0.2544133939688283,0.008621547648668822,0.006678635762285558,True
Theta,168,F_BLOCK,4019,0.5286942958842564,0.8637771588146289,0.9068271722610043,0.716553844549899,0.712963423737248,0.7536014659034052,True
Theta,168,GJBC_BLOCK_1_A1_BOYS,4019,0.10225778254193546,0.13877012404187108,0.7692314108114816,0.6462934480167288,0.15860413038069174,0.11732233963042213,True
Theta,168,GJBC_BLOCK_1_A2_GIRLS,4019,0.09334903788064897,0.13430950259355312,0.6852992047473839,0.6270529980344157,0.16429957700920625,0.14182522514149928,True
Theta,168,GJBC_BLOCK_1_A3,4019,0.11106702855115881,0.15484418305135983,0.658696251939671,0.5637739344053972,0.18890768847972134,0.18448191734455843,True
Theta,168,GJBC_BLOCK_1_A4_RO,4019,0.005269534760218225,0.01980225972398181,0.08822354163916003,0.09948345311201266,0.0041602388653894,0.0030303792105318187,True
Theta,168,GJBC_BLOCK_2_A1,4013,0.23991043989354016,0.36022481409036994,1.150991303119669,1.0184040337729114,0.3998504859207575,0.3551261937087282,True
Theta,168,GJBC_LAW_BLOCK_3_A4_BOYS,4019,0.7409899760822461,1.097891052958833,0.8948622381275775,0.6852874459490059,1.2819656631002738,1.1999875271020821,True
Theta,168,GJBC_LAW_BLOCK_3__A1,3995,0.5582600517571187,1.5447627721009232,2.2631960831630655,1.4040761766740961,0.6534518147684606,0.5778832463048186,True
Theta,168,GJBC_LAW_BLOCK_3__A2,4019,0.25580360428159127,0.42200693524498234,0.5985015892134773,0.2299648962092825,0.41123413784523516,0.4270475494202725,True
Theta,168,GJBC_LAW_BLOCK_3__A3_GIRLS,4019,0.1969944651530098,0.24849707537741678,0.771817303729628,0.5481366283232292,0.323018163722319,0.3143271335410246,True
Theta,168,G_BLOCK,4019,0.46016892318261693,0.828919398940797,0.9122364742362034,0.7260260400849142,1.0174222443393879,1.0270338753023778,True
Theta,168,I&H_BLOCK,4019,0.6434407615355525,1.511914577775372,1.7072693877776526,1.4482988040912468,0.30510077133615326,0.4693650517119229,True
Theta,168,INFORMATION_CENTRE,4019,0.03875189033546418,0.08536372716588661,4.584489316090837,1.4394062149769233,0.015349589450111969,0.028905267549898167,True
Theta,168,IT_BLOCK,4019,0.082539102582837,0.14171193631288184,1.4160487725125783,0.8780101907490402,0.09161731774073154,0.09536769939136072,True
Theta,168,ME_WORKSHOP_BLOCK,4019,0.042659208711680614,0.06465934888067751,0.25731273961920914,0.08737988874705384,0.03508584224931575,0.03590833982428296,True
Theta,168,MM_BLOCK,4019,0.27768965510701876,0.40630152656739366,0.6276671757797412,0.522632247345246,1.1247001741726799,1.1468699388830554,True
Theta,168,MRD_BLOCK,4019,1.0793374010392376,1.5433480135104483,0.8965375588319292,0.5370536089731853,1.4343468524508582,1.1006100695377041,True
Theta,168,NBX,3998,0.4236010724720252,0.7175724858235433,1.0006066728127472,0.7043806725041768,0.7322611305652826,0.7978937072484705,True
Theta,168,NEW_BLOCK,4019,0.04536404110148273,0.07201411679152352,0.6560368059495618,0.5405733106930357,0.17475491415775066,0.17234710144971488,True
Theta,168,NEW_BLOCK_RO,4019,0.0011023613381954023,0.0024486217208760323,0.5488712702811656,0.07400086522931859,0.0003732271709380443,0.0007941824630141724,True
Theta,168,TECH_PARK,4019,0.3216003315107537,0.4816354971713095,0.9375766990380892,0.4808850164002515,0.39104005971634737,0.41946537780952137,True
DynamicOptimizedTheta,168,BE_BLOCK_OHT,4019,0.8878745679865276,1.330568676787921,0.9362768268632687,0.8325254110770767,1.8786290121920877,1.6796376150223282,True
DynamicOptimizedTheta,168,BE_BLOCK_RO,4019,0.011773412161791414,0.0194977029415747,0.890776507864145,0.31199831197886313,0.01094302065190346,0.010981313679298875,True
DynamicOptimizedTheta,168,CRICKET_GROUND_OHT,4019,0.013188332104257895,0.032849322225075576,0.23492260464425802,0.25625184603652834,0.008621547648668822,0.007579284817405124,True
DynamicOptimizedTheta,168,F_BLOCK,4019,0.528406540306547,0.8631877250361597,0.9063338999412228,0.7160623742005182,0.712963423737248,0.753763739612139,True
DynamicOptimizedTheta,168,GJBC_BLOCK_1_A1_BOYS,4019,0.10230417555182193,0.1388113950848225,0.7695798873599625,0.6464843896277067,0.15860413038069174,0.11672849851143073,True
DynamicOptimizedTheta,168,GJBC_BLOCK_1_A2_GIRLS,4019,0.09342422985076705,0.13438631821976638,0.6858501373733542,0.6274101492955069,0.16429957700920625,0.1411673738079334,True
DynamicOptimizedTheta,168,GJBC_BLOCK_1_A3,4019,0.11238812362235812,0.1562923741494809,0.6664939727913242,0.5689955579095083,0.18890768847972134,0.1788386734671482,True
DynamicOptimizedTheta,168,GJBC_BLOCK_1_A4_RO,4019,0.0052440837418262914,0.019804996561932364,0.0877956308473453,0.09949727713403234,0.0041602388653894,0.00296278551411661,True
DynamicOptimizedTheta,168,GJBC_BLOCK_2_A1,4013,0.23964988475300106,0.35992497523075717,1.1497438993024702,1.0175587298759405,0.3998504859207575,0.35419562039656993,True
DynamicOptimizedTheta,168,GJBC_LAW_BLOCK_3_A4_BOYS,4019,0.7495292484718652,1.1069185647340392,0.905189263563859,0.6909191217286595,1.2819656631002738,1.1946742460890298,True
DynamicOptimizedTheta,168,GJBC_LAW_BLOCK_3__A1,3995,0.5560389840547076,1.544895036478542,2.2542205035854423,1.404204303671499,0.6534518147684606,0.5715677046151871,True
DynamicOptimizedTheta,168,GJBC_LAW_BLOCK_3__A2,4019,0.2551075640440125,0.4219511150766267,0.5968668180812459,0.22993427950670922,0.41123413784523516,0.4285576603420839,True
DynamicOptimizedTheta,168,GJBC_LAW_BLOCK_3__A3_GIRLS,4019,0.1965826586795103,0.2481700810402769,0.7702021453385268,0.547415754044851,0.323018163722319,0.3149409700432041,True
DynamicOptimizedTheta,168,G_BLOCK,4019,0.47381749269192736,0.8463317780935067,0.9392872700331031,0.7412276606622764,1.0174222443393879,1.0382052615896729,True
DynamicOptimizedTheta,168,I&H_BLOCK,4019,0.6413742714456808,1.5107283329962924,1.7017977691138646,1.4471685461777333,0.30510077133615326,0.46684042935239506,True
DynamicOptimizedTheta,168,INFORMATION_CENTRE,4019,0.03829140757623575,0.08553054684018982,4.531484534689538,1.4423057371496466,0.015349589450111969,0.02832756107341349,True
DynamicOptimizedTheta,168,IT_BLOCK,4019,0.08217196775287099,0.14160015132770795,1.4097597495196956,0.8773216891523175,0.09161731774073154,0.09437538740783677,True
DynamicOptimizedTheta,168,ME_WORKSHOP_BLOCK,4019,0.042638701951114105,0.06464383602455454,0.25719589339664073,0.08736082838070157,0.03508584224931575,0.03585414322389518,True
DynamicOptimizedTheta,168,MM_BLOCK,4019,0.27747065205433696,0.40609049880438314,0.6271736416972261,0.5223632060018938,1.1247001741726799,1.1462878239791598,True
DynamicOptimizedTheta,168,MRD_BLOCK,4019,1.078050793595234,1.541641286444167,0.8954690983287321,0.5364610596053201,1.4343468524508582,1.1030916177265857,True
DynamicOptimizedTheta,168,NBX,3998,0.421366250531955,0.7157187941377499,0.9953225731653278,0.7025736134312534,0.7322611305652826,0.7881780914046737,True
DynamicOptimizedTheta,168,NEW_BLOCK,4019,0.04526594141614827,0.072031702841226,0.6546202389665333,0.540701675252402,0.17475491415775066,0.17162099764666883,True
DynamicOptimizedTheta,168,NEW_BLOCK_RO,4019,0.001109541745579784,0.0024536202737261434,0.5524695682503873,0.07415355891804415,0.0003732271709380443,0.0008017101896238363,True
DynamicOptimizedTheta,168,TECH_PARK,4019,0.32130657887051756,0.4812866556682248,0.9367205079247996,0.48053931456046806,0.39104005971634737,0.4208946574758091,True
