item_id,model,epoch,train_loss,val_loss
BE_BLOCK_OHT,MLP,0,0.8688601399015058,0.8822302222251892
BE_BLOCK_OHT,MLP,1,0.7402427847253205,0.8499062061309814
BE_BLOCK_OHT,MLP,2,0.695724535284717,0.8275706171989441
BE_BLOCK_OHT,MLP,3,0.6746152165287084,0.8156663775444031
BE_BLOCK_OHT,MLP,4,0.6608879389544062,0.8086230754852295
BE_BLOCK_OHT,MLP,5,0.6513694705972252,0.8061943054199219
BE_BLOCK_OHT,MLP,6,0.6436185869842369,0.8059390783309937
BE_BLOCK_OHT,MLP,7,0.636343590160173,0.8120661973953247
BE_BLOCK_OHT,MLP,8,0.6298825710043169,0.8104104399681091
BE_BLOCK_OHT,MLP,9,0.6242073505376082,0.8150355815887451
BE_BLOCK_OHT,MLP,10,0.6190496035789212,0.8146436810493469
BE_BLOCK_OHT,MLP,11,0.6134884831554347,0.8225388526916504
BE_BLOCK_OHT,MLP,12,0.6079096073858141,0.8316477537155151
BE_BLOCK_OHT,MLP,13,0.603378727946637,0.834414005279541
BE_BLOCK_OHT,MLP,14,0.5972697008864145,0.8402785062789917
BE_BLOCK_OHT,MLP,15,0.5916824824039613,0.8398150205612183
BE_BLOCK_OHT,MLP,16,0.5867796461623211,0.8475950360298157
BE_BLOCK_OHT,MLP,17,0.5815958989281955,0.8540739417076111
BE_BLOCK_OHT,MLP,18,0.5755549510851873,0.8621413111686707
BE_BLOCK_OHT,MLP,19,0.570526808785207,0.8678462505340576
BE_BLOCK_OHT,MLP,20,0.5664764161775491,0.8693732023239136
BE_BLOCK_OHT,MLP,21,0.5607641562677023,0.875756561756134
BE_BLOCK_OHT,MLP,22,0.5566786411387514,0.888243556022644
BE_BLOCK_OHT,MLP,23,0.5524353300636174,0.8912580609321594
BE_BLOCK_OHT,MLP,24,0.5478318993493658,0.8968896269798279
BE_BLOCK_OHT,MLP,25,0.5436861368027973,0.8963430523872375
BE_BLOCK_OHT,MLP,26,0.5404613421478417,0.9026687145233154
BE_BLOCK_OHT,MLP,27,0.5363172323480391,0.9118832349777222
BE_BLOCK_OHT,MLP,28,0.532419995755584,0.9167001843452454
BE_BLOCK_OHT,MLP,29,0.5283480103111632,0.9131636619567871
BE_BLOCK_OHT,MLP,30,0.5245624682643445,0.9248085021972656
BE_BLOCK_OHT,MLP,31,0.5209772083659017,0.9311505556106567
BE_BLOCK_OHT,Linear-AR,0,0.9848069487064792,1.0485174655914307
BE_BLOCK_OHT,Linear-AR,1,0.8064740031216842,0.9343993663787842
BE_BLOCK_OHT,Linear-AR,2,0.7461205372163032,0.8925453424453735
BE_BLOCK_OHT,Linear-AR,3,0.7165372091315216,0.8749467730522156
BE_BLOCK_OHT,Linear-AR,4,0.6987429388850415,0.8669008612632751
BE_BLOCK_OHT,Linear-AR,5,0.6879444710383223,0.8612027168273926
BE_BLOCK_OHT,Linear-AR,6,0.6804016560714969,0.8596563935279846
BE_BLOCK_OHT,Linear-AR,7,0.6749963898275824,0.8602031469345093
BE_BLOCK_OHT,Linear-AR,8,0.6712554080080576,0.8573620319366455
BE_BLOCK_OHT,Linear-AR,9,0.668347652510065,0.8583360314369202
BE_BLOCK_OHT,Linear-AR,10,0.6665210085662784,0.8566717505455017
BE_BLOCK_OHT,Linear-AR,11,0.6647514702029256,0.8565621376037598
BE_BLOCK_OHT,Linear-AR,12,0.6639178876211265,0.858199417591095
BE_BLOCK_OHT,Linear-AR,13,0.662966797046406,0.8611736297607422
BE_BLOCK_OHT,Linear-AR,14,0.6622206958484468,0.8580483794212341
BE_BLOCK_OHT,Linear-AR,15,0.661820368260772,0.8576107025146484
BE_BLOCK_OHT,Linear-AR,16,0.6611073241634989,0.8588587641716003
BE_BLOCK_OHT,Linear-AR,17,0.6606257629668052,0.8587348461151123
BE_BLOCK_OHT,Linear-AR,18,0.660456974579317,0.85661780834198
BE_BLOCK_OHT,Linear-AR,19,0.660133066528386,0.8588595390319824
BE_BLOCK_OHT,Linear-AR,20,0.6601327702146643,0.8582969903945923
BE_BLOCK_OHT,Linear-AR,21,0.6600212887869739,0.8606003522872925
BE_BLOCK_OHT,Linear-AR,22,0.6596340964446789,0.8584072589874268
BE_BLOCK_OHT,Linear-AR,23,0.6596370928602054,0.8594093322753906
BE_BLOCK_OHT,Linear-AR,24,0.6596739480190021,0.859072208404541
BE_BLOCK_OHT,Linear-AR,25,0.6597474488655878,0.8577786684036255
BE_BLOCK_OHT,Linear-AR,26,0.6597706554724655,0.8592813611030579
BE_BLOCK_OHT,Linear-AR,27,0.6595532172724576,0.8568668365478516
BE_BLOCK_OHT,Linear-AR,28,0.6596313547449859,0.86053466796875
BE_BLOCK_OHT,Linear-AR,29,0.6594141676138737,0.8597016334533691
BE_BLOCK_OHT,Linear-AR,30,0.6595043634593373,0.8590102195739746
BE_BLOCK_OHT,Linear-AR,31,0.6593234118494431,0.8575846552848816
BE_BLOCK_OHT,Linear-AR,32,0.6589056405009093,0.8567187190055847
BE_BLOCK_OHT,Linear-AR,33,0.6594210026596974,0.8592924475669861
BE_BLOCK_OHT,Linear-AR,34,0.6595369099886877,0.8613595366477966
BE_BLOCK_OHT,Linear-AR,35,0.6594416112790372,0.8602820038795471
BE_BLOCK_OHT,Linear-AR,36,0.6593755284185391,0.8610614538192749
BE_BLOCK_RO,MLP,0,0.21562651479774073,0.704521894454956
BE_BLOCK_RO,MLP,1,0.20388576386447438,0.7159532308578491
BE_BLOCK_RO,MLP,2,0.19614862904083227,0.7467042803764343
BE_BLOCK_RO,MLP,3,0.18935898117050418,0.782170295715332
BE_BLOCK_RO,MLP,4,0.18426698925455895,0.8029862642288208
BE_BLOCK_RO,MLP,5,0.18037232362181554,0.8096227049827576
BE_BLOCK_RO,MLP,6,0.17732308449744158,0.8300139307975769
BE_BLOCK_RO,MLP,7,0.1747864489438622,0.8359712362289429
BE_BLOCK_RO,MLP,8,0.17284629214057204,0.8460295796394348
BE_BLOCK_RO,MLP,9,0.17089901029623955,0.8546279072761536
BE_BLOCK_RO,MLP,10,0.16960871285028709,0.8631224632263184
BE_BLOCK_RO,MLP,11,0.1682174025855756,0.8659032583236694
BE_BLOCK_RO,MLP,12,0.16666530596475865,0.8859285116195679
BE_BLOCK_RO,MLP,13,0.16537095339017366,0.8993853330612183
BE_BLOCK_RO,MLP,14,0.16417309537494898,0.892328679561615
BE_BLOCK_RO,MLP,15,0.16286641324760567,0.91455078125
BE_BLOCK_RO,MLP,16,0.16190987397825612,0.9204576015472412
BE_BLOCK_RO,MLP,17,0.16069782347041417,0.9299667477607727
BE_BLOCK_RO,MLP,18,0.1595745155886883,0.9463715553283691
BE_BLOCK_RO,MLP,19,0.15854072751131276,0.9434685111045837
BE_BLOCK_RO,MLP,20,0.15748155161002417,0.9510559439659119
BE_BLOCK_RO,MLP,21,0.1564737152047766,0.9676000475883484
BE_BLOCK_RO,MLP,22,0.15553308533524918,0.9759960174560547
BE_BLOCK_RO,MLP,23,0.1545491859082651,0.9823042154312134
BE_BLOCK_RO,MLP,24,0.153534246879031,0.9865149259567261
BE_BLOCK_RO,MLP,25,0.1525706665585228,0.9970813989639282
BE_BLOCK_RO,Linear-AR,0,0.2663604987545072,0.9332135915756226
BE_BLOCK_RO,Linear-AR,1,0.23530209590819293,0.8771447539329529
BE_BLOCK_RO,Linear-AR,2,0.21927916901040745,0.8385009765625
BE_BLOCK_RO,Linear-AR,3,0.20898198664526108,0.8149152994155884
BE_BLOCK_RO,Linear-AR,4,0.20215090849931255,0.7967756986618042
BE_BLOCK_RO,Linear-AR,5,0.19763573958612748,0.7850644588470459
BE_BLOCK_RO,Linear-AR,6,0.1945971460192153,0.7769123911857605
BE_BLOCK_RO,Linear-AR,7,0.19248522013292013,0.773681104183197
BE_BLOCK_RO,Linear-AR,8,0.19115710678086822,0.770988404750824
BE_BLOCK_RO,Linear-AR,9,0.19009697741076353,0.7685492038726807
BE_BLOCK_RO,Linear-AR,10,0.18956328728705205,0.7699756622314453
BE_BLOCK_RO,Linear-AR,11,0.1890654906930005,0.7688279747962952
BE_BLOCK_RO,Linear-AR,12,0.18855605925189803,0.7708030343055725
BE_BLOCK_RO,Linear-AR,13,0.18821521878548353,0.7695824503898621
BE_BLOCK_RO,Linear-AR,14,0.18814208163699203,0.7731872200965881
BE_BLOCK_RO,Linear-AR,15,0.18792544377647916,0.7706756591796875
BE_BLOCK_RO,Linear-AR,16,0.18771048091226136,0.7722899913787842
BE_BLOCK_RO,Linear-AR,17,0.18756303785861445,0.7724974751472473
BE_BLOCK_RO,Linear-AR,18,0.18754584296202848,0.774339497089386
BE_BLOCK_RO,Linear-AR,19,0.1873023122810313,0.7753838300704956
BE_BLOCK_RO,Linear-AR,20,0.18716352374502193,0.7747137546539307
BE_BLOCK_RO,Linear-AR,21,0.18720833564355177,0.7728888392448425
BE_BLOCK_RO,Linear-AR,22,0.1871464707623225,0.7765854001045227
BE_BLOCK_RO,Linear-AR,23,0.18699501547384956,0.7770208716392517
BE_BLOCK_RO,Linear-AR,24,0.1868155139259658,0.7772381901741028
BE_BLOCK_RO,Linear-AR,25,0.1869192271118417,0.7780913710594177
BE_BLOCK_RO,Linear-AR,26,0.1866581560213494,0.777528703212738
BE_BLOCK_RO,Linear-AR,27,0.18671793416891186,0.7787611484527588
BE_BLOCK_RO,Linear-AR,28,0.1867765948313384,0.7806774973869324
BE_BLOCK_RO,Linear-AR,29,0.18647605225026467,0.7770793437957764
BE_BLOCK_RO,Linear-AR,30,0.1865546977084137,0.7784319519996643
BE_BLOCK_RO,Linear-AR,31,0.18642562112926495,0.7800977230072021
BE_BLOCK_RO,Linear-AR,32,0.18632693712352458,0.7795407176017761
BE_BLOCK_RO,Linear-AR,33,0.18648033284697493,0.7823427319526672
BE_BLOCK_RO,Linear-AR,34,0.18631614812366826,0.7802954912185669
CRICKET_GROUND_OHT,MLP,0,0.9118205776085725,0.151438370347023
CRICKET_GROUND_OHT,MLP,1,0.8722894159523217,0.08996402472257614
CRICKET_GROUND_OHT,MLP,2,0.8303311692701804,0.05604460462927818
CRICKET_GROUND_OHT,MLP,3,0.7964224783149926,0.04105667397379875
CRICKET_GROUND_OHT,MLP,4,0.7747759561280947,0.04481811821460724
CRICKET_GROUND_OHT,MLP,5,0.7567379941811433,0.038362253457307816
CRICKET_GROUND_OHT,MLP,6,0.7424855522207312,0.04364990070462227
CRICKET_GROUND_OHT,MLP,7,0.7273710160642057,0.03877236694097519
CRICKET_GROUND_OHT,MLP,8,0.7139323144345671,0.04433951899409294
CRICKET_GROUND_OHT,MLP,9,0.7014632627770707,0.03723232448101044
CRICKET_GROUND_OHT,MLP,10,0.6889695525169373,0.049328695982694626
CRICKET_GROUND_OHT,MLP,11,0.6767672719182195,0.035798002034425735
CRICKET_GROUND_OHT,MLP,12,0.6646262036787497,0.038946058601140976
CRICKET_GROUND_OHT,MLP,13,0.6532578903275568,0.04970673471689224
CRICKET_GROUND_OHT,MLP,14,0.6416733409907367,0.048171836882829666
CRICKET_GROUND_OHT,MLP,15,0.6305682498055536,0.04053792357444763
CRICKET_GROUND_OHT,MLP,16,0.6206548004537016,0.044278327375650406
CRICKET_GROUND_OHT,MLP,17,0.6094435388977463,0.03616288676857948
CRICKET_GROUND_OHT,MLP,18,0.5992796976824064,0.04021879658102989
CRICKET_GROUND_OHT,MLP,19,0.5896689199112557,0.039240386337041855
CRICKET_GROUND_OHT,MLP,20,0.5802114557575535,0.040481798350811005
CRICKET_GROUND_OHT,MLP,21,0.5710822392154384,0.035799309611320496
CRICKET_GROUND_OHT,MLP,22,0.561997730989714,0.037917446345090866
CRICKET_GROUND_OHT,MLP,23,0.554744023729015,0.03664514422416687
CRICKET_GROUND_OHT,MLP,24,0.5467790703515749,0.03783490136265755
CRICKET_GROUND_OHT,MLP,25,0.5381621782844132,0.04650329798460007
CRICKET_GROUND_OHT,MLP,26,0.5317947034900253,0.040433723479509354
CRICKET_GROUND_OHT,MLP,27,0.5251004180392703,0.03781905397772789
CRICKET_GROUND_OHT,MLP,28,0.5187572514688646,0.037998370826244354
CRICKET_GROUND_OHT,MLP,29,0.5122916609854311,0.04336768388748169
CRICKET_GROUND_OHT,MLP,30,0.5067023981261898,0.03978444263339043
CRICKET_GROUND_OHT,MLP,31,0.5006797877517907,0.041795749217271805
CRICKET_GROUND_OHT,MLP,32,0.49508914029276047,0.04101964458823204
CRICKET_GROUND_OHT,MLP,33,0.4898305623917966,0.0395486019551754
CRICKET_GROUND_OHT,MLP,34,0.4847622312404014,0.04576219618320465
CRICKET_GROUND_OHT,MLP,35,0.47964385876784454,0.04120749235153198
CRICKET_GROUND_OHT,MLP,36,0.47545399053676707,0.04498744010925293
CRICKET_GROUND_OHT,Linear-AR,0,1.1780647103850905,0.0925026461482048
CRICKET_GROUND_OHT,Linear-AR,1,1.0033939206922375,0.07406159490346909
CRICKET_GROUND_OHT,Linear-AR,2,0.9279588622015875,0.07231670618057251
CRICKET_GROUND_OHT,Linear-AR,3,0.8814999187314833,0.06983771920204163
CRICKET_GROUND_OHT,Linear-AR,4,0.8485405267895879,0.06865175068378448
CRICKET_GROUND_OHT,Linear-AR,5,0.8255038648038298,0.06685447692871094
CRICKET_GROUND_OHT,Linear-AR,6,0.8083785337370795,0.06435820460319519
CRICKET_GROUND_OHT,Linear-AR,7,0.7949980626235137,0.06136168912053108
CRICKET_GROUND_OHT,Linear-AR,8,0.7847498896959666,0.06327115744352341
CRICKET_GROUND_OHT,Linear-AR,9,0.7767223200282535,0.0647125393152237
CRICKET_GROUND_OHT,Linear-AR,10,0.7704785144006884,0.059674251824617386
CRICKET_GROUND_OHT,Linear-AR,11,0.7655111986237604,0.06577512621879578
CRICKET_GROUND_OHT,Linear-AR,12,0.7610388156530019,0.05994875729084015
CRICKET_GROUND_OHT,Linear-AR,13,0.7572226604899844,0.06158950924873352
CRICKET_GROUND_OHT,Linear-AR,14,0.7541644766524032,0.06393323093652725
CRICKET_GROUND_OHT,Linear-AR,15,0.7520720104913454,0.06021706759929657
CRICKET_GROUND_OHT,Linear-AR,16,0.7495217371631313,0.05828437581658363
CRICKET_GROUND_OHT,Linear-AR,17,0.7475366689063407,0.06208128482103348
CRICKET_GROUND_OHT,Linear-AR,18,0.745726914019198,0.05999552458524704
CRICKET_GROUND_OHT,Linear-AR,19,0.7444839525867153,0.062355704605579376
CRICKET_GROUND_OHT,Linear-AR,20,0.7432754909670031,0.05948825180530548
CRICKET_GROUND_OHT,Linear-AR,21,0.7420581869176917,0.060041237622499466
CRICKET_GROUND_OHT,Linear-AR,22,0.7412291523572561,0.06209563463926315
CRICKET_GROUND_OHT,Linear-AR,23,0.740587513189058,0.05916587635874748
CRICKET_GROUND_OHT,Linear-AR,24,0.7398964456609778,0.059496935456991196
CRICKET_GROUND_OHT,Linear-AR,25,0.7393517929154474,0.06051245331764221
CRICKET_GROUND_OHT,Linear-AR,26,0.7386606754483404,0.061824534088373184
CRICKET_GROUND_OHT,Linear-AR,27,0.7378019158904617,0.0608464777469635
CRICKET_GROUND_OHT,Linear-AR,28,0.7371560786221478,0.058017365634441376
CRICKET_GROUND_OHT,Linear-AR,29,0.736807728135908,0.06111172214150429
CRICKET_GROUND_OHT,Linear-AR,30,0.7361629379762186,0.060543403029441833
CRICKET_GROUND_OHT,Linear-AR,31,0.7364505609950504,0.06019611656665802
CRICKET_GROUND_OHT,Linear-AR,32,0.7364235842550123,0.05999832972884178
CRICKET_GROUND_OHT,Linear-AR,33,0.7359338402748108,0.06109515577554703
CRICKET_GROUND_OHT,Linear-AR,34,0.7353028703380275,0.060476064682006836
CRICKET_GROUND_OHT,Linear-AR,35,0.7347399850149412,0.05960838496685028
CRICKET_GROUND_OHT,Linear-AR,36,0.7347076712427912,0.059908147901296616
CRICKET_GROUND_OHT,Linear-AR,37,0.7347836961617341,0.058308195322752
CRICKET_GROUND_OHT,Linear-AR,38,0.7343411526164493,0.060588277876377106
CRICKET_GROUND_OHT,Linear-AR,39,0.7342390885224214,0.0650612935423851
CRICKET_GROUND_OHT,Linear-AR,40,0.734266152253022,0.05778120458126068
CRICKET_GROUND_OHT,Linear-AR,41,0.7339183994241663,0.060507651418447495
CRICKET_GROUND_OHT,Linear-AR,42,0.7338099962956196,0.059845104813575745
CRICKET_GROUND_OHT,Linear-AR,43,0.7336699946506603,0.060677964240312576
CRICKET_GROUND_OHT,Linear-AR,44,0.7331999492000889,0.05897921696305275
CRICKET_GROUND_OHT,Linear-AR,45,0.733249498380197,0.062359631061553955
CRICKET_GROUND_OHT,Linear-AR,46,0.7334780483632475,0.06058014556765556
CRICKET_GROUND_OHT,Linear-AR,47,0.7330498308748812,0.06009632721543312
CRICKET_GROUND_OHT,Linear-AR,48,0.7334787281783851,0.06284324079751968
CRICKET_GROUND_OHT,Linear-AR,49,0.732969040806229,0.059423916041851044
CRICKET_GROUND_OHT,Linear-AR,50,0.7331309672948476,0.059840381145477295
CRICKET_GROUND_OHT,Linear-AR,51,0.7325896387164658,0.059466712176799774
CRICKET_GROUND_OHT,Linear-AR,52,0.7327316048982981,0.05879902467131615
CRICKET_GROUND_OHT,Linear-AR,53,0.7331737747063508,0.06071171909570694
CRICKET_GROUND_OHT,Linear-AR,54,0.7327741626146678,0.060579702258110046
CRICKET_GROUND_OHT,Linear-AR,55,0.7327094964078955,0.05802460014820099
CRICKET_GROUND_OHT,Linear-AR,56,0.732873755532342,0.061731453984975815
CRICKET_GROUND_OHT,Linear-AR,57,0.7327568853223646,0.06010260432958603
CRICKET_GROUND_OHT,Linear-AR,58,0.7322103252282014,0.05827535316348076
CRICKET_GROUND_OHT,Linear-AR,59,0.7328245140410758,0.06059024855494499
CRICKET_GROUND_OHT,Linear-AR,60,0.7325992455353608,0.06152934953570366
CRICKET_GROUND_OHT,Linear-AR,61,0.7324171452908903,0.05732545629143715
CRICKET_GROUND_OHT,Linear-AR,62,0.7320232826310236,0.06347943097352982
CRICKET_GROUND_OHT,Linear-AR,63,0.7326766864673512,0.06064468249678612
CRICKET_GROUND_OHT,Linear-AR,64,0.7323596477508545,0.06353267282247543
CRICKET_GROUND_OHT,Linear-AR,65,0.7321443058348991,0.06198248267173767
CRICKET_GROUND_OHT,Linear-AR,66,0.7322174632871473,0.05976523458957672
CRICKET_GROUND_OHT,Linear-AR,67,0.732891815739709,0.05906796082854271
CRICKET_GROUND_OHT,Linear-AR,68,0.732228659294747,0.058846380561590195
CRICKET_GROUND_OHT,Linear-AR,69,0.7321246105271417,0.06122451648116112
CRICKET_GROUND_OHT,Linear-AR,70,0.7320868276260994,0.055753447115421295
CRICKET_GROUND_OHT,Linear-AR,71,0.7324897228060542,0.06083278730511665
CRICKET_GROUND_OHT,Linear-AR,72,0.7319246288892385,0.05973752960562706
CRICKET_GROUND_OHT,Linear-AR,73,0.7326118446685173,0.062760129570961
CRICKET_GROUND_OHT,Linear-AR,74,0.7322286866806649,0.06116126477718353
CRICKET_GROUND_OHT,Linear-AR,75,0.7324914465079436,0.05782875418663025
CRICKET_GROUND_OHT,Linear-AR,76,0.7323799487706777,0.060791339725255966
CRICKET_GROUND_OHT,Linear-AR,77,0.7329157172022639,0.060245331376791
CRICKET_GROUND_OHT,Linear-AR,78,0.7321959427885107,0.0581950768828392
CRICKET_GROUND_OHT,Linear-AR,79,0.7320237127510277,0.0577632375061512
CRICKET_GROUND_OHT,Linear-AR,80,0.7325073255074991,0.06407658010721207
CRICKET_GROUND_OHT,Linear-AR,81,0.7323344382079872,0.05984402075409889
CRICKET_GROUND_OHT,Linear-AR,82,0.732209725959881,0.06319102644920349
CRICKET_GROUND_OHT,Linear-AR,83,0.7321837318910135,0.06099579855799675
CRICKET_GROUND_OHT,Linear-AR,84,0.7321772800909506,0.0587974488735199
CRICKET_GROUND_OHT,Linear-AR,85,0.7318797304823592,0.060966819524765015
CRICKET_GROUND_OHT,Linear-AR,86,0.7320640973142676,0.061087071895599365
CRICKET_GROUND_OHT,Linear-AR,87,0.731786185019725,0.06009108945727348
CRICKET_GROUND_OHT,Linear-AR,88,0.7323051384977393,0.05997805297374725
CRICKET_GROUND_OHT,Linear-AR,89,0.7317605807974532,0.06015372648835182
CRICKET_GROUND_OHT,Linear-AR,90,0.731823658620989,0.05906251445412636
CRICKET_GROUND_OHT,Linear-AR,91,0.7323645337207897,0.060164667665958405
CRICKET_GROUND_OHT,Linear-AR,92,0.7321742128681492,0.05974849686026573
CRICKET_GROUND_OHT,Linear-AR,93,0.73201472855903,0.057367801666259766
CRICKET_GROUND_OHT,Linear-AR,94,0.7321916673634503,0.06289127469062805
CRICKET_GROUND_OHT,Linear-AR,95,0.7320381419078724,0.061282627284526825
F_BLOCK,MLP,0,0.7961499430879285,0.652807354927063
F_BLOCK,MLP,1,0.6981077206503484,0.6155309081077576
F_BLOCK,MLP,2,0.6835930787820587,0.6129552721977234
F_BLOCK,MLP,3,0.6770164527229428,0.6115303039550781
F_BLOCK,MLP,4,0.6721979183020051,0.6088428497314453
F_BLOCK,MLP,5,0.6681127867747828,0.6086086630821228
F_BLOCK,MLP,6,0.6652395487650973,0.6116840243339539
F_BLOCK,MLP,7,0.6620260583576059,0.607650637626648
F_BLOCK,MLP,8,0.6588129917370904,0.608108639717102
F_BLOCK,MLP,9,0.6561335872129067,0.606754720211029
F_BLOCK,MLP,10,0.6543129894536795,0.6071909666061401
F_BLOCK,MLP,11,0.6511317633886108,0.6041855812072754
F_BLOCK,MLP,12,0.6477959012657506,0.6059080958366394
F_BLOCK,MLP,13,0.645388633524839,0.6087872982025146
F_BLOCK,MLP,14,0.6430408213146773,0.6055436730384827
F_BLOCK,MLP,15,0.6406048150201843,0.6087024211883545
F_BLOCK,MLP,16,0.6385727054679516,0.6093542575836182
F_BLOCK,MLP,17,0.6363439256792626,0.6096469759941101
F_BLOCK,MLP,18,0.6342283378761658,0.6094829440116882
F_BLOCK,MLP,19,0.6325584537384846,0.6075447201728821
F_BLOCK,MLP,20,0.6301392650686178,0.6153119206428528
F_BLOCK,MLP,21,0.6274978049432289,0.6085464358329773
F_BLOCK,MLP,22,0.6258442999980703,0.6115247011184692
F_BLOCK,MLP,23,0.6245744715851197,0.6118392944335938
F_BLOCK,MLP,24,0.6223366293300878,0.615022599697113
F_BLOCK,MLP,25,0.6203653386368375,0.6168822646141052
F_BLOCK,MLP,26,0.6188098216794201,0.6174854040145874
F_BLOCK,MLP,27,0.6173229088488313,0.6167820692062378
F_BLOCK,MLP,28,0.6154220649057237,0.6196010112762451
F_BLOCK,MLP,29,0.6143370424349284,0.6198587417602539
F_BLOCK,MLP,30,0.6125327885355737,0.620334804058075
F_BLOCK,MLP,31,0.611689143164461,0.6185562610626221
F_BLOCK,MLP,32,0.6093511870226909,0.6228535771369934
F_BLOCK,MLP,33,0.6086449743955815,0.6249174475669861
F_BLOCK,MLP,34,0.6071261708269414,0.6284160614013672
F_BLOCK,MLP,35,0.6056676291927849,0.6242421865463257
F_BLOCK,MLP,36,0.6043741058852664,0.6283701062202454
F_BLOCK,Linear-AR,0,0.9185338511909407,0.6963841915130615
F_BLOCK,Linear-AR,1,0.7567923449978387,0.6319485902786255
F_BLOCK,Linear-AR,2,0.7089989574504472,0.6117769479751587
F_BLOCK,Linear-AR,3,0.6912288632999171,0.6033992767333984
F_BLOCK,Linear-AR,4,0.6842829306510716,0.5998331904411316
F_BLOCK,Linear-AR,5,0.6814674821096597,0.6001418232917786
F_BLOCK,Linear-AR,6,0.6805820282791898,0.5990181565284729
F_BLOCK,Linear-AR,7,0.6803575481745795,0.5994723439216614
F_BLOCK,Linear-AR,8,0.6799763920380897,0.5978843569755554
F_BLOCK,Linear-AR,9,0.6798924674692842,0.600233793258667
F_BLOCK,Linear-AR,10,0.6799753597102214,0.59876948595047
F_BLOCK,Linear-AR,11,0.6800453918906012,0.5994694232940674
F_BLOCK,Linear-AR,12,0.6797935589891938,0.5990322828292847
F_BLOCK,Linear-AR,13,0.6798810600415128,0.6003105044364929
F_BLOCK,Linear-AR,14,0.6799180284398528,0.5980069041252136
F_BLOCK,Linear-AR,15,0.6798855746324939,0.5980085730552673
F_BLOCK,Linear-AR,16,0.6798799750731164,0.5981722474098206
F_BLOCK,Linear-AR,17,0.6798494046496362,0.6003679633140564
F_BLOCK,Linear-AR,18,0.6803856299505201,0.5993964076042175
F_BLOCK,Linear-AR,19,0.6800698490486932,0.5995630025863647
F_BLOCK,Linear-AR,20,0.6800818924641691,0.5998774170875549
F_BLOCK,Linear-AR,21,0.6800772281446817,0.5990608930587769
F_BLOCK,Linear-AR,22,0.6797034821354646,0.5994397401809692
F_BLOCK,Linear-AR,23,0.6802745150126952,0.5974785089492798
F_BLOCK,Linear-AR,24,0.6802830870208871,0.598138153553009
F_BLOCK,Linear-AR,25,0.6802133362727476,0.6013298630714417
F_BLOCK,Linear-AR,26,0.6803043882052103,0.5993044376373291
F_BLOCK,Linear-AR,27,0.6802005272141027,0.5990837812423706
F_BLOCK,Linear-AR,28,0.6799211831846598,0.5988650918006897
F_BLOCK,Linear-AR,29,0.6801841070561884,0.5987764000892639
F_BLOCK,Linear-AR,30,0.680072975322553,0.5986132025718689
F_BLOCK,Linear-AR,31,0.6806747675761324,0.5987768769264221
F_BLOCK,Linear-AR,32,0.6800729853590739,0.5978456735610962
F_BLOCK,Linear-AR,33,0.6801212563137828,0.5979894995689392
F_BLOCK,Linear-AR,34,0.6802789519742592,0.5979923605918884
F_BLOCK,Linear-AR,35,0.6802041424099112,0.5997835993766785
F_BLOCK,Linear-AR,36,0.680376132124478,0.5973605513572693
F_BLOCK,Linear-AR,37,0.6802571495783698,0.5981087684631348
F_BLOCK,Linear-AR,38,0.6801646820868004,0.5989975929260254
F_BLOCK,Linear-AR,39,0.6804982454506392,0.5992652773857117
F_BLOCK,Linear-AR,40,0.6800894192403945,0.5985769629478455
F_BLOCK,Linear-AR,41,0.6802579711392983,0.5989952087402344
F_BLOCK,Linear-AR,42,0.6801488114796144,0.5988976359367371
F_BLOCK,Linear-AR,43,0.6804438208796314,0.5987005829811096
F_BLOCK,Linear-AR,44,0.6803174362969153,0.5978286862373352
F_BLOCK,Linear-AR,45,0.680192018087787,0.6001383662223816
F_BLOCK,Linear-AR,46,0.6801589188706834,0.5983039140701294
F_BLOCK,Linear-AR,47,0.6804072500504169,0.59891676902771
F_BLOCK,Linear-AR,48,0.6802246203946903,0.6004597544670105
F_BLOCK,Linear-AR,49,0.6802769678155172,0.5985882878303528
F_BLOCK,Linear-AR,50,0.6801537361341653,0.5990220904350281
F_BLOCK,Linear-AR,51,0.680492278841353,0.5994641184806824
F_BLOCK,Linear-AR,52,0.6801835339503599,0.6003127694129944
F_BLOCK,Linear-AR,53,0.68036021788915,0.5991781949996948
F_BLOCK,Linear-AR,54,0.6801939950775855,0.5984519720077515
F_BLOCK,Linear-AR,55,0.6804750926306158,0.5995714664459229
F_BLOCK,Linear-AR,56,0.6803545161211204,0.598804771900177
F_BLOCK,Linear-AR,57,0.6798073964839948,0.6004847288131714
F_BLOCK,Linear-AR,58,0.6802817300422904,0.5981748104095459
F_BLOCK,Linear-AR,59,0.6800984125776389,0.5989381074905396
F_BLOCK,Linear-AR,60,0.680289260300574,0.5976144075393677
F_BLOCK,Linear-AR,61,0.680434778383917,0.5999184846878052
GJBC_BLOCK_1_A1_BOYS,MLP,0,0.7882479351795588,0.34245675802230835
GJBC_BLOCK_1_A1_BOYS,MLP,1,0.714922010462501,0.3355989456176758
GJBC_BLOCK_1_A1_BOYS,MLP,2,0.6940829448264559,0.3384042978286743
GJBC_BLOCK_1_A1_BOYS,MLP,3,0.6805862609775645,0.3397155702114105
GJBC_BLOCK_1_A1_BOYS,MLP,4,0.6700874434984111,0.34196728467941284
GJBC_BLOCK_1_A1_BOYS,MLP,5,0.6607083755171644,0.3467472195625305
GJBC_BLOCK_1_A1_BOYS,MLP,6,0.6523313205912687,0.3460058867931366
GJBC_BLOCK_1_A1_BOYS,MLP,7,0.6437484934241373,0.3463780879974365
GJBC_BLOCK_1_A1_BOYS,MLP,8,0.6350865933955815,0.35367679595947266
GJBC_BLOCK_1_A1_BOYS,MLP,9,0.6274475832588323,0.3536398410797119
GJBC_BLOCK_1_A1_BOYS,MLP,10,0.6194725916299828,0.3583126664161682
GJBC_BLOCK_1_A1_BOYS,MLP,11,0.6123301896708452,0.35422807931900024
GJBC_BLOCK_1_A1_BOYS,MLP,12,0.6048777936354066,0.3600262701511383
GJBC_BLOCK_1_A1_BOYS,MLP,13,0.5983968393161417,0.36244016885757446
GJBC_BLOCK_1_A1_BOYS,MLP,14,0.5912498696299718,0.36699095368385315
GJBC_BLOCK_1_A1_BOYS,MLP,15,0.5865096647138655,0.37511569261550903
GJBC_BLOCK_1_A1_BOYS,MLP,16,0.5797009502965733,0.36604854464530945
GJBC_BLOCK_1_A1_BOYS,MLP,17,0.5745287485767394,0.3726528584957123
GJBC_BLOCK_1_A1_BOYS,MLP,18,0.5691058942543892,0.37545108795166016
GJBC_BLOCK_1_A1_BOYS,MLP,19,0.5644176277215627,0.3787965178489685
GJBC_BLOCK_1_A1_BOYS,MLP,20,0.5593006574936628,0.3819495439529419
GJBC_BLOCK_1_A1_BOYS,MLP,21,0.5551512817873185,0.3834451138973236
GJBC_BLOCK_1_A1_BOYS,MLP,22,0.5509413442033964,0.3884003460407257
GJBC_BLOCK_1_A1_BOYS,MLP,23,0.5464845756044295,0.38899660110473633
GJBC_BLOCK_1_A1_BOYS,MLP,24,0.5421971513630529,0.3901297450065613
GJBC_BLOCK_1_A1_BOYS,MLP,25,0.5384561869443631,0.3907136023044586
GJBC_BLOCK_1_A1_BOYS,MLP,26,0.5355060386804241,0.39551353454589844
GJBC_BLOCK_1_A1_BOYS,Linear-AR,0,0.9122155980998256,0.3733697533607483
GJBC_BLOCK_1_A1_BOYS,Linear-AR,1,0.7701089301059076,0.3530031144618988
GJBC_BLOCK_1_A1_BOYS,Linear-AR,2,0.7321659164153801,0.3446635901927948
GJBC_BLOCK_1_A1_BOYS,Linear-AR,3,0.7148926113828916,0.3418620824813843
GJBC_BLOCK_1_A1_BOYS,Linear-AR,4,0.7052647231230095,0.3395414352416992
GJBC_BLOCK_1_A1_BOYS,Linear-AR,5,0.6995499754356717,0.3381958603858948
GJBC_BLOCK_1_A1_BOYS,Linear-AR,6,0.6959677930983459,0.3370719850063324
GJBC_BLOCK_1_A1_BOYS,Linear-AR,7,0.6938604185341881,0.3362099826335907
GJBC_BLOCK_1_A1_BOYS,Linear-AR,8,0.6920175928625755,0.3367607593536377
GJBC_BLOCK_1_A1_BOYS,Linear-AR,9,0.6910812926285442,0.3367029130458832
GJBC_BLOCK_1_A1_BOYS,Linear-AR,10,0.6902691486602573,0.3363422155380249
GJBC_BLOCK_1_A1_BOYS,Linear-AR,11,0.6896360589113366,0.3359088599681854
GJBC_BLOCK_1_A1_BOYS,Linear-AR,12,0.6891381439843093,0.3359631299972534
GJBC_BLOCK_1_A1_BOYS,Linear-AR,13,0.6887934258328149,0.3356598913669586
GJBC_BLOCK_1_A1_BOYS,Linear-AR,14,0.6886041887957065,0.3360939025878906
GJBC_BLOCK_1_A1_BOYS,Linear-AR,15,0.6884086435044199,0.3355889916419983
GJBC_BLOCK_1_A1_BOYS,Linear-AR,16,0.6884736296270269,0.3367830514907837
GJBC_BLOCK_1_A1_BOYS,Linear-AR,17,0.6884887259293272,0.33581843972206116
GJBC_BLOCK_1_A1_BOYS,Linear-AR,18,0.6883403737362903,0.3361014425754547
GJBC_BLOCK_1_A1_BOYS,Linear-AR,19,0.6883056062440758,0.335825651884079
GJBC_BLOCK_1_A1_BOYS,Linear-AR,20,0.6882698984393119,0.33615273237228394
GJBC_BLOCK_1_A1_BOYS,Linear-AR,21,0.6881873708110404,0.33631637692451477
GJBC_BLOCK_1_A1_BOYS,Linear-AR,22,0.6880719972905758,0.33571627736091614
GJBC_BLOCK_1_A1_BOYS,Linear-AR,23,0.6878782422318597,0.33641865849494934
GJBC_BLOCK_1_A1_BOYS,Linear-AR,24,0.6878967671531105,0.3359273076057434
GJBC_BLOCK_1_A1_BOYS,Linear-AR,25,0.6881934732312098,0.3365482985973358
GJBC_BLOCK_1_A1_BOYS,Linear-AR,26,0.6882184824819344,0.33562394976615906
GJBC_BLOCK_1_A1_BOYS,Linear-AR,27,0.6882429617275297,0.3361748158931732
GJBC_BLOCK_1_A1_BOYS,Linear-AR,28,0.6882668512761331,0.3365931212902069
GJBC_BLOCK_1_A1_BOYS,Linear-AR,29,0.6882739732723889,0.3358279764652252
GJBC_BLOCK_1_A1_BOYS,Linear-AR,30,0.6881038989977492,0.33581608533859253
GJBC_BLOCK_1_A1_BOYS,Linear-AR,31,0.6881639949229506,0.33607053756713867
GJBC_BLOCK_1_A1_BOYS,Linear-AR,32,0.6880444851157468,0.3364168107509613
GJBC_BLOCK_1_A1_BOYS,Linear-AR,33,0.6881868500684415,0.33641016483306885
GJBC_BLOCK_1_A1_BOYS,Linear-AR,34,0.688092932004764,0.33584603667259216
GJBC_BLOCK_1_A1_BOYS,Linear-AR,35,0.6883061431742984,0.33615660667419434
GJBC_BLOCK_1_A1_BOYS,Linear-AR,36,0.6883034391957206,0.3361295461654663
GJBC_BLOCK_1_A1_BOYS,Linear-AR,37,0.6880462277448418,0.3360244035720825
GJBC_BLOCK_1_A1_BOYS,Linear-AR,38,0.688423100796784,0.336020827293396
GJBC_BLOCK_1_A1_BOYS,Linear-AR,39,0.6882318426441442,0.33612388372421265
GJBC_BLOCK_1_A1_BOYS,Linear-AR,40,0.6880786550090366,0.33583864569664
GJBC_BLOCK_1_A2_GIRLS,MLP,0,0.9025407001880457,0.3557420074939728
GJBC_BLOCK_1_A2_GIRLS,MLP,1,0.8298044418868612,0.3538799583911896
GJBC_BLOCK_1_A2_GIRLS,MLP,2,0.8078473747799007,0.3556707799434662
GJBC_BLOCK_1_A2_GIRLS,MLP,3,0.7963286730554516,0.3569106459617615
GJBC_BLOCK_1_A2_GIRLS,MLP,4,0.7871454304768966,0.3546401560306549
GJBC_BLOCK_1_A2_GIRLS,MLP,5,0.7795187880940939,0.3573991656303406
GJBC_BLOCK_1_A2_GIRLS,MLP,6,0.7722138493051117,0.35820332169532776
GJBC_BLOCK_1_A2_GIRLS,MLP,7,0.7665380707591786,0.361773818731308
GJBC_BLOCK_1_A2_GIRLS,MLP,8,0.7608576621730736,0.3596133589744568
GJBC_BLOCK_1_A2_GIRLS,MLP,9,0.7532494950471347,0.3622600734233856
GJBC_BLOCK_1_A2_GIRLS,MLP,10,0.7471950024324929,0.3647443354129791
GJBC_BLOCK_1_A2_GIRLS,MLP,11,0.7412622039882906,0.3658522367477417
GJBC_BLOCK_1_A2_GIRLS,MLP,12,0.7351425411417134,0.3689401149749756
GJBC_BLOCK_1_A2_GIRLS,MLP,13,0.7294397378166793,0.3695904016494751
GJBC_BLOCK_1_A2_GIRLS,MLP,14,0.7238647090543129,0.372661828994751
GJBC_BLOCK_1_A2_GIRLS,MLP,15,0.7190632684450764,0.37555229663848877
GJBC_BLOCK_1_A2_GIRLS,MLP,16,0.7147739311031683,0.37230953574180603
GJBC_BLOCK_1_A2_GIRLS,MLP,17,0.7099452312201552,0.38025233149528503
GJBC_BLOCK_1_A2_GIRLS,MLP,18,0.7056511486355884,0.3783113956451416
GJBC_BLOCK_1_A2_GIRLS,MLP,19,0.7011070395709742,0.3792695105075836
GJBC_BLOCK_1_A2_GIRLS,MLP,20,0.6975690227003633,0.37881073355674744
GJBC_BLOCK_1_A2_GIRLS,MLP,21,0.69386653876382,0.37799763679504395
GJBC_BLOCK_1_A2_GIRLS,MLP,22,0.6899158645405723,0.3835103511810303
GJBC_BLOCK_1_A2_GIRLS,MLP,23,0.6861480034000077,0.38245537877082825
GJBC_BLOCK_1_A2_GIRLS,MLP,24,0.6837031101815724,0.3871040344238281
GJBC_BLOCK_1_A2_GIRLS,MLP,25,0.6803791900171856,0.3873605728149414
GJBC_BLOCK_1_A2_GIRLS,MLP,26,0.6768612790339845,0.38580238819122314
GJBC_BLOCK_1_A2_GIRLS,Linear-AR,0,1.02979465295277,0.38314560055732727
GJBC_BLOCK_1_A2_GIRLS,Linear-AR,1,0.8720116550081242,0.36141520738601685
GJBC_BLOCK_1_A2_GIRLS,Linear-AR,2,0.8323073424727042,0.35214874148368835
GJBC_BLOCK_1_A2_GIRLS,Linear-AR,3,0.8161039378668459,0.35062769055366516
GJBC_BLOCK_1_A2_GIRLS,Linear-AR,4,0.8081609804872346,0.34661391377449036
GJBC_BLOCK_1_A2_GIRLS,Linear-AR,5,0.8037434683721487,0.34506160020828247
GJBC_BLOCK_1_A2_GIRLS,Linear-AR,6,0.8014942094801087,0.3444155156612396
GJBC_BLOCK_1_A2_GIRLS,Linear-AR,7,0.8002675478249498,0.3452766537666321
GJBC_BLOCK_1_A2_GIRLS,Linear-AR,8,0.7998939967840758,0.3427022695541382
GJBC_BLOCK_1_A2_GIRLS,Linear-AR,9,0.7990487733260868,0.3437090516090393
GJBC_BLOCK_1_A2_GIRLS,Linear-AR,10,0.7992113290365835,0.34461769461631775
GJBC_BLOCK_1_A2_GIRLS,Linear-AR,11,0.7989170457347433,0.3440081477165222
GJBC_BLOCK_1_A2_GIRLS,Linear-AR,12,0.7985582523562591,0.3434007465839386
GJBC_BLOCK_1_A2_GIRLS,Linear-AR,13,0.7988765861737159,0.344097763299942
GJBC_BLOCK_1_A2_GIRLS,Linear-AR,14,0.7986250005776427,0.34446853399276733
GJBC_BLOCK_1_A2_GIRLS,Linear-AR,15,0.7987391950634269,0.344090074300766
GJBC_BLOCK_1_A2_GIRLS,Linear-AR,16,0.7983221426903234,0.3453173339366913
GJBC_BLOCK_1_A2_GIRLS,Linear-AR,17,0.798650837961479,0.3433440625667572
GJBC_BLOCK_1_A2_GIRLS,Linear-AR,18,0.7985700807971539,0.34459784626960754
GJBC_BLOCK_1_A2_GIRLS,Linear-AR,19,0.7986197944974037,0.34401431679725647
GJBC_BLOCK_1_A2_GIRLS,Linear-AR,20,0.7987222661837197,0.3441861867904663
GJBC_BLOCK_1_A2_GIRLS,Linear-AR,21,0.7988769039546222,0.3431277871131897
GJBC_BLOCK_1_A2_GIRLS,Linear-AR,22,0.7985266520847697,0.3439716398715973
GJBC_BLOCK_1_A2_GIRLS,Linear-AR,23,0.7983716945710092,0.3430327773094177
GJBC_BLOCK_1_A2_GIRLS,Linear-AR,24,0.7987780875224563,0.3429584205150604
GJBC_BLOCK_1_A2_GIRLS,Linear-AR,25,0.7986721959332929,0.3444114923477173
GJBC_BLOCK_1_A2_GIRLS,Linear-AR,26,0.7987653734399922,0.34295380115509033
GJBC_BLOCK_1_A2_GIRLS,Linear-AR,27,0.7988653413996301,0.3433326780796051
GJBC_BLOCK_1_A2_GIRLS,Linear-AR,28,0.7987913550687268,0.3435090482234955
GJBC_BLOCK_1_A2_GIRLS,Linear-AR,29,0.798607972854257,0.34316542744636536
GJBC_BLOCK_1_A2_GIRLS,Linear-AR,30,0.7986567306419076,0.3439439833164215
GJBC_BLOCK_1_A2_GIRLS,Linear-AR,31,0.7988045107837513,0.34378641843795776
GJBC_BLOCK_1_A2_GIRLS,Linear-AR,32,0.7988689024800993,0.34391582012176514
GJBC_BLOCK_1_A2_GIRLS,Linear-AR,33,0.7986975898055164,0.34445279836654663
GJBC_BLOCK_1_A3,MLP,0,0.9512425628362917,0.3222225308418274
GJBC_BLOCK_1_A3,MLP,1,0.8757078296997968,0.32208511233329773
GJBC_BLOCK_1_A3,MLP,2,0.8521319648798774,0.3258498013019562
GJBC_BLOCK_1_A3,MLP,3,0.8395749760609047,0.32551315426826477
GJBC_BLOCK_1_A3,MLP,4,0.8302837007185992,0.3293263614177704
GJBC_BLOCK_1_A3,MLP,5,0.821946478357502,0.3331200182437897
GJBC_BLOCK_1_A3,MLP,6,0.8152561683280796,0.33245161175727844
GJBC_BLOCK_1_A3,MLP,7,0.807861556258856,0.3346167504787445
GJBC_BLOCK_1_A3,MLP,8,0.8012411947343864,0.3372536301612854
GJBC_BLOCK_1_A3,MLP,9,0.7945523502779942,0.3411189615726471
GJBC_BLOCK_1_A3,MLP,10,0.7877891790633108,0.34072619676589966
GJBC_BLOCK_1_A3,MLP,11,0.7822093930898928,0.3450406789779663
GJBC_BLOCK_1_A3,MLP,12,0.7762145364985746,0.3514624536037445
GJBC_BLOCK_1_A3,MLP,13,0.7707802697723987,0.34787464141845703
GJBC_BLOCK_1_A3,MLP,14,0.7649421729293524,0.3538256883621216
GJBC_BLOCK_1_A3,MLP,15,0.7588692316821978,0.3548220694065094
GJBC_BLOCK_1_A3,MLP,16,0.7542323888516893,0.35779687762260437
GJBC_BLOCK_1_A3,MLP,17,0.7494290272394816,0.3597641885280609
GJBC_BLOCK_1_A3,MLP,18,0.7446418806618336,0.35953596234321594
GJBC_BLOCK_1_A3,MLP,19,0.7397162206032697,0.3579775393009186
GJBC_BLOCK_1_A3,MLP,20,0.7367773102779015,0.3596653342247009
GJBC_BLOCK_1_A3,MLP,21,0.7324561539818258,0.3645073473453522
GJBC_BLOCK_1_A3,MLP,22,0.7281198934012768,0.36589285731315613
GJBC_BLOCK_1_A3,MLP,23,0.724335425975276,0.3685699701309204
GJBC_BLOCK_1_A3,MLP,24,0.721007582954332,0.3696167469024658
GJBC_BLOCK_1_A3,MLP,25,0.7172441578378864,0.36922702193260193
GJBC_BLOCK_1_A3,MLP,26,0.7138168187702403,0.37356090545654297
GJBC_BLOCK_1_A3,Linear-AR,0,1.089242348951452,0.3449227511882782
GJBC_BLOCK_1_A3,Linear-AR,1,0.9251868500429041,0.3237743079662323
GJBC_BLOCK_1_A3,Linear-AR,2,0.8809441865659228,0.31572434306144714
GJBC_BLOCK_1_A3,Linear-AR,3,0.8631514925582736,0.31206655502319336
GJBC_BLOCK_1_A3,Linear-AR,4,0.854607117877287,0.3104425370693207
GJBC_BLOCK_1_A3,Linear-AR,5,0.8504247249341479,0.3092328906059265
GJBC_BLOCK_1_A3,Linear-AR,6,0.8484759003508324,0.30730074644088745
GJBC_BLOCK_1_A3,Linear-AR,7,0.8470238031125537,0.3082320988178253
GJBC_BLOCK_1_A3,Linear-AR,8,0.8464123239704207,0.3076166808605194
GJBC_BLOCK_1_A3,Linear-AR,9,0.8457485016654519,0.30744197964668274
GJBC_BLOCK_1_A3,Linear-AR,10,0.8453155578351488,0.3076764941215515
GJBC_BLOCK_1_A3,Linear-AR,11,0.8454311020234052,0.30787143111228943
GJBC_BLOCK_1_A3,Linear-AR,12,0.8454079258675669,0.307157427072525
GJBC_BLOCK_1_A3,Linear-AR,13,0.8448043926089418,0.3071861267089844
GJBC_BLOCK_1_A3,Linear-AR,14,0.8450716086462432,0.30743834376335144
GJBC_BLOCK_1_A3,Linear-AR,15,0.8448218866890552,0.30737173557281494
GJBC_BLOCK_1_A3,Linear-AR,16,0.8451300592983471,0.3073020577430725
GJBC_BLOCK_1_A3,Linear-AR,17,0.8450925604969848,0.30734315514564514
GJBC_BLOCK_1_A3,Linear-AR,18,0.8449858298488692,0.30751264095306396
GJBC_BLOCK_1_A3,Linear-AR,19,0.8449879802909552,0.307216614484787
GJBC_BLOCK_1_A3,Linear-AR,20,0.8451094653092178,0.30722975730895996
GJBC_BLOCK_1_A3,Linear-AR,21,0.8452620258518294,0.3071906268596649
GJBC_BLOCK_1_A3,Linear-AR,22,0.845179978538962,0.30691853165626526
GJBC_BLOCK_1_A3,Linear-AR,23,0.845113106101167,0.306794673204422
GJBC_BLOCK_1_A3,Linear-AR,24,0.8449947981273427,0.30782651901245117
GJBC_BLOCK_1_A3,Linear-AR,25,0.845098926039303,0.3075356185436249
GJBC_BLOCK_1_A3,Linear-AR,26,0.8448956484888114,0.3071019649505615
GJBC_BLOCK_1_A3,Linear-AR,27,0.8450031712943432,0.30765804648399353
GJBC_BLOCK_1_A3,Linear-AR,28,0.8451194875380572,0.30759909749031067
GJBC_BLOCK_1_A3,Linear-AR,29,0.845182874623467,0.3075087070465088
GJBC_BLOCK_1_A3,Linear-AR,30,0.8450635185428694,0.3067372739315033
GJBC_BLOCK_1_A3,Linear-AR,31,0.8451081353075364,0.3072328567504883
GJBC_BLOCK_1_A3,Linear-AR,32,0.8450266482783299,0.30732429027557373
GJBC_BLOCK_1_A3,Linear-AR,33,0.8449461336229361,0.3073093593120575
GJBC_BLOCK_1_A3,Linear-AR,34,0.8449510679525487,0.30762964487075806
GJBC_BLOCK_1_A3,Linear-AR,35,0.8448708508528915,0.30683672428131104
GJBC_BLOCK_1_A3,Linear-AR,36,0.8453793614518409,0.3074856996536255
GJBC_BLOCK_1_A3,Linear-AR,37,0.8450366716758878,0.3073956072330475
GJBC_BLOCK_1_A3,Linear-AR,38,0.8449473923327876,0.3074813485145569
GJBC_BLOCK_1_A3,Linear-AR,39,0.8450555072111242,0.3066574037075043
GJBC_BLOCK_1_A3,Linear-AR,40,0.8452867755702898,0.307941198348999
GJBC_BLOCK_1_A3,Linear-AR,41,0.8450889933343028,0.3067012429237366
GJBC_BLOCK_1_A3,Linear-AR,42,0.845154300624249,0.3074311316013336
GJBC_BLOCK_1_A3,Linear-AR,43,0.8449274717592725,0.30685994029045105
GJBC_BLOCK_1_A3,Linear-AR,44,0.8450096770828845,0.30708691477775574
GJBC_BLOCK_1_A3,Linear-AR,45,0.8450076068148894,0.30720144510269165
GJBC_BLOCK_1_A3,Linear-AR,46,0.8451192696889241,0.30818435549736023
GJBC_BLOCK_1_A3,Linear-AR,47,0.8452105480081895,0.307133287191391
GJBC_BLOCK_1_A3,Linear-AR,48,0.8449776712585898,0.306758314371109
GJBC_BLOCK_1_A3,Linear-AR,49,0.8450150714201086,0.3070351183414459
GJBC_BLOCK_1_A3,Linear-AR,50,0.845041863824807,0.3068259656429291
GJBC_BLOCK_1_A3,Linear-AR,51,0.845015553633372,0.3070610761642456
GJBC_BLOCK_1_A3,Linear-AR,52,0.8453288683704302,0.3079379200935364
GJBC_BLOCK_1_A3,Linear-AR,53,0.8450248407382591,0.30735543370246887
GJBC_BLOCK_1_A3,Linear-AR,54,0.8451174820170683,0.30728402733802795
GJBC_BLOCK_1_A3,Linear-AR,55,0.8450291392849941,0.3075510263442993
GJBC_BLOCK_1_A3,Linear-AR,56,0.8451435759955761,0.30780839920043945
GJBC_BLOCK_1_A3,Linear-AR,57,0.8456257446139467,0.30771926045417786
GJBC_BLOCK_1_A3,Linear-AR,58,0.8449280327441646,0.30703267455101013
GJBC_BLOCK_1_A3,Linear-AR,59,0.8452590984456679,0.3078431189060211
GJBC_BLOCK_1_A3,Linear-AR,60,0.8452014595854516,0.30777794122695923
GJBC_BLOCK_1_A3,Linear-AR,61,0.8452214446722293,0.3066301643848419
GJBC_BLOCK_1_A3,Linear-AR,62,0.8449181530989852,0.3070807456970215
GJBC_BLOCK_1_A3,Linear-AR,63,0.8451239744822184,0.30703607201576233
GJBC_BLOCK_1_A3,Linear-AR,64,0.8449912110964457,0.30728256702423096
GJBC_BLOCK_1_A3,Linear-AR,65,0.8451040181459165,0.3066219985485077
GJBC_BLOCK_1_A3,Linear-AR,66,0.8452743443788266,0.3078688383102417
GJBC_BLOCK_1_A3,Linear-AR,67,0.8451518133574841,0.3070363700389862
GJBC_BLOCK_1_A3,Linear-AR,68,0.8453306651582905,0.30746710300445557
GJBC_BLOCK_1_A3,Linear-AR,69,0.8451618566232569,0.30793264508247375
GJBC_BLOCK_1_A3,Linear-AR,70,0.8451099395751953,0.30732008814811707
GJBC_BLOCK_1_A3,Linear-AR,71,0.8450249267559425,0.3076761066913605
GJBC_BLOCK_1_A3,Linear-AR,72,0.8450350438847262,0.30771341919898987
GJBC_BLOCK_1_A3,Linear-AR,73,0.8452227311975816,0.30729371309280396
GJBC_BLOCK_1_A3,Linear-AR,74,0.8453141492955825,0.3070916533470154
GJBC_BLOCK_1_A3,Linear-AR,75,0.8448278595419491,0.30701208114624023
GJBC_BLOCK_1_A3,Linear-AR,76,0.8451608713935403,0.3072819113731384
GJBC_BLOCK_1_A3,Linear-AR,77,0.8452302399803611,0.30743667483329773
GJBC_BLOCK_1_A3,Linear-AR,78,0.8451088105931002,0.30721789598464966
GJBC_BLOCK_1_A3,Linear-AR,79,0.8453294761040632,0.30740290880203247
GJBC_BLOCK_1_A3,Linear-AR,80,0.8452697197596232,0.3069925606250763
GJBC_BLOCK_1_A3,Linear-AR,81,0.8450223417843089,0.3075238764286041
GJBC_BLOCK_1_A3,Linear-AR,82,0.8451521043683968,0.3071759045124054
GJBC_BLOCK_1_A3,Linear-AR,83,0.8452586290883083,0.307221919298172
GJBC_BLOCK_1_A3,Linear-AR,84,0.8450683350656547,0.3066847622394562
GJBC_BLOCK_1_A3,Linear-AR,85,0.8451342736973482,0.3074948787689209
GJBC_BLOCK_1_A3,Linear-AR,86,0.8451526648858014,0.307340532541275
GJBC_BLOCK_1_A3,Linear-AR,87,0.8451575933718214,0.30740708112716675
GJBC_BLOCK_1_A3,Linear-AR,88,0.8451871860261057,0.30748799443244934
GJBC_BLOCK_1_A3,Linear-AR,89,0.8452377950443941,0.30742955207824707
GJBC_BLOCK_1_A3,Linear-AR,90,0.8451664919946708,0.30718615651130676
GJBC_BLOCK_1_A4_RO,MLP,0,0.8332274886604819,0.00035944842966273427
GJBC_BLOCK_1_A4_RO,MLP,1,0.7452922998881946,0.0002882583357859403
GJBC_BLOCK_1_A4_RO,MLP,2,0.7041891996399717,0.00030957855051383376
GJBC_BLOCK_1_A4_RO,MLP,3,0.6817572558543139,0.0002831454330589622
GJBC_BLOCK_1_A4_RO,MLP,4,0.6665490278381022,0.00037054912536405027
GJBC_BLOCK_1_A4_RO,MLP,5,0.6560079075298534,0.0005531834322027862
GJBC_BLOCK_1_A4_RO,MLP,6,0.6495652728142511,0.0002441980177536607
GJBC_BLOCK_1_A4_RO,MLP,7,0.6381891951474691,0.00032414289307780564
GJBC_BLOCK_1_A4_RO,MLP,8,0.6313336027470402,0.00034622885868884623
GJBC_BLOCK_1_A4_RO,MLP,9,0.6246468509063772,0.00029143577557988465
GJBC_BLOCK_1_A4_RO,MLP,10,0.6177931198938991,0.000386132305720821
GJBC_BLOCK_1_A4_RO,MLP,11,0.616332522958858,0.00045486490125767887
GJBC_BLOCK_1_A4_RO,MLP,12,0.6076603595467766,0.0003274075861554593
GJBC_BLOCK_1_A4_RO,MLP,13,0.6029769731635322,0.0003453115641605109
GJBC_BLOCK_1_A4_RO,MLP,14,0.5978324242831982,0.00041077149217016995
GJBC_BLOCK_1_A4_RO,MLP,15,0.5982020180295924,0.0002779113710857928
GJBC_BLOCK_1_A4_RO,MLP,16,0.589354842270172,0.000290239870082587
GJBC_BLOCK_1_A4_RO,MLP,17,0.5842022240168452,0.00028435650165192783
GJBC_BLOCK_1_A4_RO,MLP,18,0.5893563202880105,0.0002499567635823041
GJBC_BLOCK_1_A4_RO,MLP,19,0.5790731236953283,0.00034649597364477813
GJBC_BLOCK_1_A4_RO,MLP,20,0.5811139369231222,0.0002732397406361997
GJBC_BLOCK_1_A4_RO,MLP,21,0.5714512302883125,0.0003235718759242445
GJBC_BLOCK_1_A4_RO,MLP,22,0.5693720009654495,0.0003884340403601527
GJBC_BLOCK_1_A4_RO,MLP,23,0.5644108676868439,0.0003429207135923207
GJBC_BLOCK_1_A4_RO,MLP,24,0.563500812631041,0.00031926098745316267
GJBC_BLOCK_1_A4_RO,MLP,25,0.5584591994150783,0.00021624687360599637
GJBC_BLOCK_1_A4_RO,MLP,26,0.5623335008927532,0.00031662837136536837
GJBC_BLOCK_1_A4_RO,MLP,27,0.5564934730516672,0.0003065695345867425
GJBC_BLOCK_1_A4_RO,MLP,28,0.5508023989225507,0.000380967918317765
GJBC_BLOCK_1_A4_RO,MLP,29,0.5466354905570606,0.0002991679357364774
GJBC_BLOCK_1_A4_RO,MLP,30,0.5441672970603211,0.000282949156826362
GJBC_BLOCK_1_A4_RO,MLP,31,0.5466660337700674,0.00032838512561284006
GJBC_BLOCK_1_A4_RO,MLP,32,0.5390378214708191,0.0002703593345358968
GJBC_BLOCK_1_A4_RO,MLP,33,0.536735184134174,0.000353608513250947
GJBC_BLOCK_1_A4_RO,MLP,34,0.5374527264926519,0.00025632031611166894
GJBC_BLOCK_1_A4_RO,MLP,35,0.5316527120981289,0.00034598581260070205
GJBC_BLOCK_1_A4_RO,MLP,36,0.5295744114392019,0.0002994893293362111
GJBC_BLOCK_1_A4_RO,MLP,37,0.5268893593602836,0.00024656267487443984
GJBC_BLOCK_1_A4_RO,MLP,38,0.5242577423495751,0.00034825364127755165
GJBC_BLOCK_1_A4_RO,MLP,39,0.5219118508512648,0.0004646683519240469
GJBC_BLOCK_1_A4_RO,MLP,40,0.5186422267587989,0.0002933442883659154
GJBC_BLOCK_1_A4_RO,MLP,41,0.5177632778106042,0.000307507230900228
GJBC_BLOCK_1_A4_RO,MLP,42,0.5157094977828041,0.00028355963877402246
GJBC_BLOCK_1_A4_RO,MLP,43,0.5126154107001601,0.0003743141714949161
GJBC_BLOCK_1_A4_RO,MLP,44,0.5116428095651084,0.0003315402427688241
GJBC_BLOCK_1_A4_RO,MLP,45,0.5083958081660943,0.0002857605868484825
GJBC_BLOCK_1_A4_RO,MLP,46,0.5076007678069706,0.00026464604889042675
GJBC_BLOCK_1_A4_RO,MLP,47,0.5036649972597058,0.000650885864160955
GJBC_BLOCK_1_A4_RO,MLP,48,0.5015989378227441,0.00045231543481349945
GJBC_BLOCK_1_A4_RO,MLP,49,0.5039307945170768,0.00034152352600358427
GJBC_BLOCK_1_A4_RO,MLP,50,0.4988350164226777,0.0003904838813468814
GJBC_BLOCK_1_A4_RO,Linear-AR,0,0.973959833970362,0.0020033717155456543
GJBC_BLOCK_1_A4_RO,Linear-AR,1,0.7777374016839985,0.0008424886036664248
GJBC_BLOCK_1_A4_RO,Linear-AR,2,0.7147731180107642,0.0008509805193170905
GJBC_BLOCK_1_A4_RO,Linear-AR,3,0.6855141472031661,0.0008902328554540873
GJBC_BLOCK_1_A4_RO,Linear-AR,4,0.6702048368133238,0.001012687454931438
GJBC_BLOCK_1_A4_RO,Linear-AR,5,0.6618920452011758,0.0006470741354860365
GJBC_BLOCK_1_A4_RO,Linear-AR,6,0.6578755075651458,0.0007031221175566316
GJBC_BLOCK_1_A4_RO,Linear-AR,7,0.6543915973380643,0.0005785253015346825
GJBC_BLOCK_1_A4_RO,Linear-AR,8,0.6520281864243914,0.0005952382343821228
GJBC_BLOCK_1_A4_RO,Linear-AR,9,0.6509860145009438,0.0006131408154033124
GJBC_BLOCK_1_A4_RO,Linear-AR,10,0.6495286095143675,0.0003779187682084739
GJBC_BLOCK_1_A4_RO,Linear-AR,11,0.6508104591302065,0.0007470186683349311
GJBC_BLOCK_1_A4_RO,Linear-AR,12,0.6491068944444804,0.000971594825387001
GJBC_BLOCK_1_A4_RO,Linear-AR,13,0.6487599861738561,0.0008002070826478302
GJBC_BLOCK_1_A4_RO,Linear-AR,14,0.6484862369956547,0.0006992746493779123
GJBC_BLOCK_1_A4_RO,Linear-AR,15,0.651823900279957,0.00045181348104961216
GJBC_BLOCK_1_A4_RO,Linear-AR,16,0.6492632780055666,0.0005007899017073214
GJBC_BLOCK_1_A4_RO,Linear-AR,17,0.6481309471947566,0.0006725277635268867
GJBC_BLOCK_1_A4_RO,Linear-AR,18,0.6522788727929943,0.0005055076326243579
GJBC_BLOCK_1_A4_RO,Linear-AR,19,0.6492830528807501,0.0006581676425412297
GJBC_BLOCK_1_A4_RO,Linear-AR,20,0.6510896836225644,0.0006531118997372687
GJBC_BLOCK_1_A4_RO,Linear-AR,21,0.6490807665573227,0.0009919175645336509
GJBC_BLOCK_1_A4_RO,Linear-AR,22,0.650286413474309,0.0006214168388396502
GJBC_BLOCK_1_A4_RO,Linear-AR,23,0.6485032425266644,0.0010129112051799893
GJBC_BLOCK_1_A4_RO,Linear-AR,24,0.6488788085339644,0.0005369755672290921
GJBC_BLOCK_1_A4_RO,Linear-AR,25,0.6480512906715377,0.0004992401809431612
GJBC_BLOCK_1_A4_RO,Linear-AR,26,0.6510960676924202,0.0006520144524984062
GJBC_BLOCK_1_A4_RO,Linear-AR,27,0.6503773816687979,0.000548499112483114
GJBC_BLOCK_1_A4_RO,Linear-AR,28,0.6489560294205069,0.0007363047334365547
GJBC_BLOCK_1_A4_RO,Linear-AR,29,0.6481625907759884,0.0010850350372493267
GJBC_BLOCK_1_A4_RO,Linear-AR,30,0.6477448787380794,0.0003859587013721466
GJBC_BLOCK_1_A4_RO,Linear-AR,31,0.6506607280463266,0.0006358941900543869
GJBC_BLOCK_1_A4_RO,Linear-AR,32,0.6479612252471235,0.0004628922324627638
GJBC_BLOCK_1_A4_RO,Linear-AR,33,0.6482699654071117,0.0006973051931709051
GJBC_BLOCK_1_A4_RO,Linear-AR,34,0.650293949770796,0.00043504248606041074
GJBC_BLOCK_1_A4_RO,Linear-AR,35,0.6479954348710908,0.00043459131848067045
GJBC_BLOCK_2_A1,MLP,0,0.6492471130648901,0.48804083466529846
GJBC_BLOCK_2_A1,MLP,1,0.4175861297512805,0.35313594341278076
GJBC_BLOCK_2_A1,MLP,2,0.37021428662658046,0.30845192074775696
GJBC_BLOCK_2_A1,MLP,3,0.35234109224949334,0.301131010055542
GJBC_BLOCK_2_A1,MLP,4,0.34298715244683997,0.2891180217266083
GJBC_BLOCK_2_A1,MLP,5,0.33599516887963365,0.29134440422058105
GJBC_BLOCK_2_A1,MLP,6,0.3309072808507243,0.28172123432159424
GJBC_BLOCK_2_A1,MLP,7,0.32721920586963876,0.28377658128738403
GJBC_BLOCK_2_A1,MLP,8,0.32395993822951613,0.2781713306903839
GJBC_BLOCK_2_A1,MLP,9,0.3202596979140355,0.27958473563194275
GJBC_BLOCK_2_A1,MLP,10,0.3178307092714785,0.27166515588760376
GJBC_BLOCK_2_A1,MLP,11,0.3154819592336752,0.26981398463249207
GJBC_BLOCK_2_A1,MLP,12,0.3119436846930304,0.2761046886444092
GJBC_BLOCK_2_A1,MLP,13,0.30947824823546927,0.27051740884780884
GJBC_BLOCK_2_A1,MLP,14,0.30708929211146896,0.26470527052879333
GJBC_BLOCK_2_A1,MLP,15,0.3048781029580337,0.2750339210033417
GJBC_BLOCK_2_A1,MLP,16,0.30306526437825215,0.2705707550048828
GJBC_BLOCK_2_A1,MLP,17,0.3005819871997845,0.26969483494758606
GJBC_BLOCK_2_A1,MLP,18,0.2977548157659928,0.26497000455856323
GJBC_BLOCK_2_A1,MLP,19,0.29607483996853995,0.27779921889305115
GJBC_BLOCK_2_A1,MLP,20,0.29341896953420277,0.2716943025588989
GJBC_BLOCK_2_A1,MLP,21,0.2917106563548699,0.2710016369819641
GJBC_BLOCK_2_A1,MLP,22,0.29018894742373713,0.2638232111930847
GJBC_BLOCK_2_A1,MLP,23,0.28804410681145,0.26417720317840576
GJBC_BLOCK_2_A1,MLP,24,0.2857815093118072,0.27050068974494934
GJBC_BLOCK_2_A1,MLP,25,0.28519765644448025,0.26550817489624023
GJBC_BLOCK_2_A1,MLP,26,0.2837162619807914,0.26376569271087646
GJBC_BLOCK_2_A1,MLP,27,0.28193022497342013,0.26413509249687195
GJBC_BLOCK_2_A1,MLP,28,0.2802128056154757,0.25954070687294006
GJBC_BLOCK_2_A1,MLP,29,0.2794318437385653,0.26818230748176575
GJBC_BLOCK_2_A1,MLP,30,0.27763235680818527,0.2634872496128082
GJBC_BLOCK_2_A1,MLP,31,0.2762892168926744,0.2618168890476227
GJBC_BLOCK_2_A1,MLP,32,0.27440436261579226,0.2735010087490082
GJBC_BLOCK_2_A1,MLP,33,0.2740162162378069,0.266043096780777
GJBC_BLOCK_2_A1,MLP,34,0.2729210703611843,0.2677608132362366
GJBC_BLOCK_2_A1,MLP,35,0.27194129541903084,0.26752692461013794
GJBC_BLOCK_2_A1,MLP,36,0.2714401173689134,0.26709264516830444
GJBC_BLOCK_2_A1,MLP,37,0.27002616901432314,0.26907575130462646
GJBC_BLOCK_2_A1,MLP,38,0.26872407773028206,0.2736009359359741
GJBC_BLOCK_2_A1,MLP,39,0.2680654394874451,0.26565662026405334
GJBC_BLOCK_2_A1,MLP,40,0.26690242872025227,0.2698178291320801
GJBC_BLOCK_2_A1,MLP,41,0.2664770372555637,0.2687910199165344
GJBC_BLOCK_2_A1,MLP,42,0.2644156147441179,0.27094393968582153
GJBC_BLOCK_2_A1,MLP,43,0.26390890253031585,0.26029205322265625
GJBC_BLOCK_2_A1,MLP,44,0.26290705331519515,0.2668372690677643
GJBC_BLOCK_2_A1,MLP,45,0.2628184536210519,0.27780282497406006
GJBC_BLOCK_2_A1,MLP,46,0.26195442341089337,0.2625209093093872
GJBC_BLOCK_2_A1,MLP,47,0.2603875693652826,0.26233065128326416
GJBC_BLOCK_2_A1,MLP,48,0.2602247452732968,0.2663814425468445
GJBC_BLOCK_2_A1,MLP,49,0.26051612430604887,0.2681262493133545
GJBC_BLOCK_2_A1,MLP,50,0.25812204477091616,0.2663877010345459
GJBC_BLOCK_2_A1,MLP,51,0.2567940696877796,0.2710544466972351
GJBC_BLOCK_2_A1,MLP,52,0.25683176124106183,0.26944276690483093
GJBC_BLOCK_2_A1,MLP,53,0.2563571213176438,0.26737239956855774
GJBC_BLOCK_2_A1,Linear-AR,0,0.6485783617344564,0.5253011584281921
GJBC_BLOCK_2_A1,Linear-AR,1,0.4432832302239449,0.40983399748802185
GJBC_BLOCK_2_A1,Linear-AR,2,0.39712860188605614,0.3602057695388794
GJBC_BLOCK_2_A1,Linear-AR,3,0.3752138386398594,0.33344894647598267
GJBC_BLOCK_2_A1,Linear-AR,4,0.36189286845066787,0.31771063804626465
GJBC_BLOCK_2_A1,Linear-AR,5,0.35318755405842855,0.3086278736591339
GJBC_BLOCK_2_A1,Linear-AR,6,0.34729195988065337,0.3009120523929596
GJBC_BLOCK_2_A1,Linear-AR,7,0.3431035765299044,0.2950337827205658
GJBC_BLOCK_2_A1,Linear-AR,8,0.3404939381497595,0.2924574017524719
GJBC_BLOCK_2_A1,Linear-AR,9,0.3382846309127132,0.28937169909477234
GJBC_BLOCK_2_A1,Linear-AR,10,0.3367921516623704,0.2892262041568756
GJBC_BLOCK_2_A1,Linear-AR,11,0.33603792082986234,0.2853701114654541
GJBC_BLOCK_2_A1,Linear-AR,12,0.3348625272582093,0.28607478737831116
GJBC_BLOCK_2_A1,Linear-AR,13,0.334514564661423,0.28364935517311096
GJBC_BLOCK_2_A1,Linear-AR,14,0.3343254553427012,0.2831646800041199
GJBC_BLOCK_2_A1,Linear-AR,15,0.33386903485772,0.2858384847640991
GJBC_BLOCK_2_A1,Linear-AR,16,0.3337005712893898,0.28291916847229004
GJBC_BLOCK_2_A1,Linear-AR,17,0.3337825261398294,0.28342586755752563
GJBC_BLOCK_2_A1,Linear-AR,18,0.33374408727745714,0.2826803922653198
GJBC_BLOCK_2_A1,Linear-AR,19,0.33335635954712806,0.28293493390083313
GJBC_BLOCK_2_A1,Linear-AR,20,0.3330877778318656,0.28378650546073914
GJBC_BLOCK_2_A1,Linear-AR,21,0.3331738979757191,0.2843969464302063
GJBC_BLOCK_2_A1,Linear-AR,22,0.33349929839236986,0.2825424373149872
GJBC_BLOCK_2_A1,Linear-AR,23,0.3335255272370274,0.28302931785583496
GJBC_BLOCK_2_A1,Linear-AR,24,0.3330115470400536,0.2822180986404419
GJBC_BLOCK_2_A1,Linear-AR,25,0.33341197402058736,0.28427326679229736
GJBC_BLOCK_2_A1,Linear-AR,26,0.3331155128064873,0.2854687571525574
GJBC_BLOCK_2_A1,Linear-AR,27,0.3334044105328527,0.2810046672821045
GJBC_BLOCK_2_A1,Linear-AR,28,0.3333205936770111,0.2828885018825531
GJBC_BLOCK_2_A1,Linear-AR,29,0.3333538849388399,0.2830966114997864
GJBC_BLOCK_2_A1,Linear-AR,30,0.333036634839612,0.28191494941711426
GJBC_BLOCK_2_A1,Linear-AR,31,0.33326648830311634,0.28248077630996704
GJBC_BLOCK_2_A1,Linear-AR,32,0.3330395136581662,0.28212201595306396
GJBC_BLOCK_2_A1,Linear-AR,33,0.33305260726396324,0.2826375961303711
GJBC_BLOCK_2_A1,Linear-AR,34,0.3330391621528069,0.28283795714378357
GJBC_BLOCK_2_A1,Linear-AR,35,0.33311863283357845,0.28646716475486755
GJBC_BLOCK_2_A1,Linear-AR,36,0.33358728913146934,0.2821747660636902
GJBC_BLOCK_2_A1,Linear-AR,37,0.3328464027883265,0.28152087330818176
GJBC_BLOCK_2_A1,Linear-AR,38,0.33306197490121975,0.2830112874507904
GJBC_BLOCK_2_A1,Linear-AR,39,0.3327517390933068,0.28316500782966614
GJBC_BLOCK_2_A1,Linear-AR,40,0.3333571038499561,0.28382429480552673
GJBC_BLOCK_2_A1,Linear-AR,41,0.3334308969078505,0.28276047110557556
GJBC_BLOCK_2_A1,Linear-AR,42,0.33345944399117455,0.28247636556625366
GJBC_BLOCK_2_A1,Linear-AR,43,0.33331651165705645,0.2829086482524872
GJBC_BLOCK_2_A1,Linear-AR,44,0.33342314592468325,0.2830800712108612
GJBC_BLOCK_2_A1,Linear-AR,45,0.3337700197926628,0.281756192445755
GJBC_BLOCK_2_A1,Linear-AR,46,0.33309092271194524,0.28195005655288696
GJBC_BLOCK_2_A1,Linear-AR,47,0.33286627744716213,0.2840227782726288
GJBC_BLOCK_2_A1,Linear-AR,48,0.33315327450832855,0.2815857231616974
GJBC_BLOCK_2_A1,Linear-AR,49,0.3329605772781525,0.2815028429031372
GJBC_BLOCK_2_A1,Linear-AR,50,0.33284129079365765,0.2821052372455597
GJBC_BLOCK_2_A1,Linear-AR,51,0.33313725043126236,0.283835232257843
GJBC_BLOCK_2_A1,Linear-AR,52,0.33317857157305636,0.28562483191490173
GJBC_LAW_BLOCK_3_A4_BOYS,MLP,0,0.7358852956304907,0.44147989153862
GJBC_LAW_BLOCK_3_A4_BOYS,MLP,1,0.6340497758268705,0.43017205595970154
GJBC_LAW_BLOCK_3_A4_BOYS,MLP,2,0.6144819281078143,0.42131221294403076
GJBC_LAW_BLOCK_3_A4_BOYS,MLP,3,0.6044933218843874,0.4192821979522705
GJBC_LAW_BLOCK_3_A4_BOYS,MLP,4,0.597725295371974,0.4221343696117401
GJBC_LAW_BLOCK_3_A4_BOYS,MLP,5,0.5928040617152038,0.424281507730484
GJBC_LAW_BLOCK_3_A4_BOYS,MLP,6,0.5886052012058819,0.4191446900367737
GJBC_LAW_BLOCK_3_A4_BOYS,MLP,7,0.5848219725820754,0.42046046257019043
GJBC_LAW_BLOCK_3_A4_BOYS,MLP,8,0.5816300254419906,0.42244842648506165
GJBC_LAW_BLOCK_3_A4_BOYS,MLP,9,0.5783256624304463,0.4214232861995697
GJBC_LAW_BLOCK_3_A4_BOYS,MLP,10,0.5757970281491471,0.42466622591018677
GJBC_LAW_BLOCK_3_A4_BOYS,MLP,11,0.5731316999720779,0.42480799555778503
GJBC_LAW_BLOCK_3_A4_BOYS,MLP,12,0.5710949109632775,0.42231231927871704
GJBC_LAW_BLOCK_3_A4_BOYS,MLP,13,0.5682100969945961,0.42161789536476135
GJBC_LAW_BLOCK_3_A4_BOYS,MLP,14,0.5663772493312302,0.42499083280563354
GJBC_LAW_BLOCK_3_A4_BOYS,MLP,15,0.564308529710264,0.4223482310771942
GJBC_LAW_BLOCK_3_A4_BOYS,MLP,16,0.5623029187397234,0.4299258291721344
GJBC_LAW_BLOCK_3_A4_BOYS,MLP,17,0.560815891619375,0.4276939630508423
GJBC_LAW_BLOCK_3_A4_BOYS,MLP,18,0.5592088290160018,0.43192383646965027
GJBC_LAW_BLOCK_3_A4_BOYS,MLP,19,0.5574894980001471,0.43683409690856934
GJBC_LAW_BLOCK_3_A4_BOYS,MLP,20,0.5563280940220728,0.43122538924217224
GJBC_LAW_BLOCK_3_A4_BOYS,MLP,21,0.5542573465516129,0.4326154291629791
GJBC_LAW_BLOCK_3_A4_BOYS,MLP,22,0.5532195662341947,0.4361675977706909
GJBC_LAW_BLOCK_3_A4_BOYS,MLP,23,0.5514883309424116,0.4329880177974701
GJBC_LAW_BLOCK_3_A4_BOYS,MLP,24,0.5502789224441725,0.4374313950538635
GJBC_LAW_BLOCK_3_A4_BOYS,MLP,25,0.549138636935851,0.4405978322029114
GJBC_LAW_BLOCK_3_A4_BOYS,MLP,26,0.547755168021797,0.44138291478157043
GJBC_LAW_BLOCK_3_A4_BOYS,MLP,27,0.5471146351294124,0.44200265407562256
GJBC_LAW_BLOCK_3_A4_BOYS,MLP,28,0.5454696539279337,0.44450074434280396
GJBC_LAW_BLOCK_3_A4_BOYS,MLP,29,0.5441377699347673,0.45036429166793823
GJBC_LAW_BLOCK_3_A4_BOYS,MLP,30,0.5432438764389674,0.4454926550388336
GJBC_LAW_BLOCK_3_A4_BOYS,MLP,31,0.5423739189209065,0.44772160053253174
GJBC_LAW_BLOCK_3_A4_BOYS,Linear-AR,0,0.8230303354447973,0.4707508981227875
GJBC_LAW_BLOCK_3_A4_BOYS,Linear-AR,1,0.6684432897000557,0.43070918321609497
GJBC_LAW_BLOCK_3_A4_BOYS,Linear-AR,2,0.6265748545232046,0.4167817533016205
GJBC_LAW_BLOCK_3_A4_BOYS,Linear-AR,3,0.6104112480740879,0.41394364833831787
GJBC_LAW_BLOCK_3_A4_BOYS,Linear-AR,4,0.6036779122069004,0.41388776898384094
GJBC_LAW_BLOCK_3_A4_BOYS,Linear-AR,5,0.6010941886005999,0.41365647315979004
GJBC_LAW_BLOCK_3_A4_BOYS,Linear-AR,6,0.5996300439342149,0.41382133960723877
GJBC_LAW_BLOCK_3_A4_BOYS,Linear-AR,7,0.5989008745931711,0.41317299008369446
GJBC_LAW_BLOCK_3_A4_BOYS,Linear-AR,8,0.5987214048978314,0.41358068585395813
GJBC_LAW_BLOCK_3_A4_BOYS,Linear-AR,9,0.5985657879700579,0.41336819529533386
GJBC_LAW_BLOCK_3_A4_BOYS,Linear-AR,10,0.5986838597424737,0.41392484307289124
GJBC_LAW_BLOCK_3_A4_BOYS,Linear-AR,11,0.5985897493945008,0.4135878086090088
GJBC_LAW_BLOCK_3_A4_BOYS,Linear-AR,12,0.5985522868172701,0.41365039348602295
GJBC_LAW_BLOCK_3_A4_BOYS,Linear-AR,13,0.5985317775707412,0.4130632281303406
GJBC_LAW_BLOCK_3_A4_BOYS,Linear-AR,14,0.5984732582581214,0.4131260812282562
GJBC_LAW_BLOCK_3_A4_BOYS,Linear-AR,15,0.5984733221222036,0.41298404335975647
GJBC_LAW_BLOCK_3_A4_BOYS,Linear-AR,16,0.5985037705600399,0.41370436549186707
GJBC_LAW_BLOCK_3_A4_BOYS,Linear-AR,17,0.5984538522608657,0.4142041802406311
GJBC_LAW_BLOCK_3_A4_BOYS,Linear-AR,18,0.5986376032130187,0.41407740116119385
GJBC_LAW_BLOCK_3_A4_BOYS,Linear-AR,19,0.5985085404979957,0.41511431336402893
GJBC_LAW_BLOCK_3_A4_BOYS,Linear-AR,20,0.5987136194430062,0.413263201713562
GJBC_LAW_BLOCK_3_A4_BOYS,Linear-AR,21,0.5984796734931228,0.41422703862190247
GJBC_LAW_BLOCK_3_A4_BOYS,Linear-AR,22,0.5985395907531306,0.41351449489593506
GJBC_LAW_BLOCK_3_A4_BOYS,Linear-AR,23,0.5986407557188942,0.4123922884464264
GJBC_LAW_BLOCK_3_A4_BOYS,Linear-AR,24,0.59853523370581,0.4151270091533661
GJBC_LAW_BLOCK_3_A4_BOYS,Linear-AR,25,0.598845799159432,0.41334599256515503
GJBC_LAW_BLOCK_3_A4_BOYS,Linear-AR,26,0.5985711367243498,0.4139595627784729
GJBC_LAW_BLOCK_3_A4_BOYS,Linear-AR,27,0.5986008058774851,0.4132719039916992
GJBC_LAW_BLOCK_3_A4_BOYS,Linear-AR,28,0.5986849136097523,0.4140474498271942
GJBC_LAW_BLOCK_3_A4_BOYS,Linear-AR,29,0.5985256540110278,0.41480913758277893
GJBC_LAW_BLOCK_3_A4_BOYS,Linear-AR,30,0.5985510063753968,0.4140755534172058
GJBC_LAW_BLOCK_3_A4_BOYS,Linear-AR,31,0.5986564648816419,0.41326120495796204
GJBC_LAW_BLOCK_3_A4_BOYS,Linear-AR,32,0.5986723631221944,0.4146859049797058
GJBC_LAW_BLOCK_3_A4_BOYS,Linear-AR,33,0.5988204980457142,0.41374197602272034
GJBC_LAW_BLOCK_3_A4_BOYS,Linear-AR,34,0.5986980543866471,0.4139021039009094
GJBC_LAW_BLOCK_3_A4_BOYS,Linear-AR,35,0.5986813340883972,0.4149290919303894
GJBC_LAW_BLOCK_3_A4_BOYS,Linear-AR,36,0.5987300737599944,0.4143526256084442
GJBC_LAW_BLOCK_3_A4_BOYS,Linear-AR,37,0.5984810592392833,0.41529616713523865
GJBC_LAW_BLOCK_3_A4_BOYS,Linear-AR,38,0.5985778916151417,0.41337502002716064
GJBC_LAW_BLOCK_3_A4_BOYS,Linear-AR,39,0.5985542187881997,0.4152318239212036
GJBC_LAW_BLOCK_3_A4_BOYS,Linear-AR,40,0.5986869367601246,0.41361871361732483
GJBC_LAW_BLOCK_3_A4_BOYS,Linear-AR,41,0.598756062127083,0.4146813750267029
GJBC_LAW_BLOCK_3_A4_BOYS,Linear-AR,42,0.5985814860033076,0.41531074047088623
GJBC_LAW_BLOCK_3_A4_BOYS,Linear-AR,43,0.5987643995225677,0.41375890374183655
GJBC_LAW_BLOCK_3_A4_BOYS,Linear-AR,44,0.5987817227648062,0.4136628806591034
GJBC_LAW_BLOCK_3_A4_BOYS,Linear-AR,45,0.5985539401660267,0.4134284555912018
GJBC_LAW_BLOCK_3_A4_BOYS,Linear-AR,46,0.5985570013550582,0.413992315530777
GJBC_LAW_BLOCK_3_A4_BOYS,Linear-AR,47,0.5987709521862591,0.4137183427810669
GJBC_LAW_BLOCK_3_A4_BOYS,Linear-AR,48,0.5986249159975171,0.4140278398990631
GJBC_LAW_BLOCK_3__A1,MLP,0,1.0990948935519183,0.3669079542160034
GJBC_LAW_BLOCK_3__A1,MLP,1,1.0687465374948388,0.352878600358963
GJBC_LAW_BLOCK_3__A1,MLP,2,1.0407124723248697,0.3494507074356079
GJBC_LAW_BLOCK_3__A1,MLP,3,1.014442743117456,0.34714576601982117
GJBC_LAW_BLOCK_3__A1,MLP,4,0.9852762444875206,0.33851906657218933
GJBC_LAW_BLOCK_3__A1,MLP,5,0.9587234578223973,0.33200129866600037
GJBC_LAW_BLOCK_3__A1,MLP,6,0.9308148654522841,0.3399074375629425
GJBC_LAW_BLOCK_3__A1,MLP,7,0.9026433124506332,0.3402947187423706
GJBC_LAW_BLOCK_3__A1,MLP,8,0.8748722211188117,0.3337782919406891
GJBC_LAW_BLOCK_3__A1,MLP,9,0.8499274107259105,0.3382536768913269
GJBC_LAW_BLOCK_3__A1,MLP,10,0.8250783814727607,0.3373032808303833
GJBC_LAW_BLOCK_3__A1,MLP,11,0.800543524454419,0.34123918414115906
GJBC_LAW_BLOCK_3__A1,MLP,12,0.7761827301522345,0.3408527374267578
GJBC_LAW_BLOCK_3__A1,MLP,13,0.7554381992938101,0.34125015139579773
GJBC_LAW_BLOCK_3__A1,MLP,14,0.7336931325451518,0.3451535701751709
GJBC_LAW_BLOCK_3__A1,MLP,15,0.7141182785308212,0.34320831298828125
GJBC_LAW_BLOCK_3__A1,MLP,16,0.6953214307439088,0.34755074977874756
GJBC_LAW_BLOCK_3__A1,MLP,17,0.6778556120354741,0.34752926230430603
GJBC_LAW_BLOCK_3__A1,MLP,18,0.6616823489174153,0.3468713164329529
GJBC_LAW_BLOCK_3__A1,MLP,19,0.6484228332883073,0.3482718765735626
GJBC_LAW_BLOCK_3__A1,MLP,20,0.6324144839521078,0.35054105520248413
GJBC_LAW_BLOCK_3__A1,MLP,21,0.6203280849494275,0.3482319712638855
GJBC_LAW_BLOCK_3__A1,MLP,22,0.6057173324679367,0.34838244318962097
GJBC_LAW_BLOCK_3__A1,MLP,23,0.5942720007413304,0.3487769365310669
GJBC_LAW_BLOCK_3__A1,MLP,24,0.5826640869972912,0.348955899477005
GJBC_LAW_BLOCK_3__A1,MLP,25,0.5716136526314342,0.3498794138431549
GJBC_LAW_BLOCK_3__A1,MLP,26,0.5625889882529486,0.3488788306713104
GJBC_LAW_BLOCK_3__A1,MLP,27,0.5537986971323255,0.35032832622528076
GJBC_LAW_BLOCK_3__A1,MLP,28,0.5454369557120319,0.3497006893157959
GJBC_LAW_BLOCK_3__A1,MLP,29,0.5366847791118409,0.35049501061439514
GJBC_LAW_BLOCK_3__A1,MLP,30,0.5287382468480549,0.3503734767436981
GJBC_LAW_BLOCK_3__A1,Linear-AR,0,1.3550502092335894,0.36344605684280396
GJBC_LAW_BLOCK_3__A1,Linear-AR,1,1.1886503663705625,0.34887686371803284
GJBC_LAW_BLOCK_3__A1,Linear-AR,2,1.1056087334783564,0.3408922851085663
GJBC_LAW_BLOCK_3__A1,Linear-AR,3,1.0565707616309181,0.3407033085823059
GJBC_LAW_BLOCK_3__A1,Linear-AR,4,1.02574715795753,0.33443260192871094
GJBC_LAW_BLOCK_3__A1,Linear-AR,5,1.0057216278277235,0.3348252475261688
GJBC_LAW_BLOCK_3__A1,Linear-AR,6,0.992243665626392,0.33117610216140747
GJBC_LAW_BLOCK_3__A1,Linear-AR,7,0.9828885037985345,0.33079400658607483
GJBC_LAW_BLOCK_3__A1,Linear-AR,8,0.9752872609845323,0.3326064646244049
GJBC_LAW_BLOCK_3__A1,Linear-AR,9,0.9708642633554482,0.33413612842559814
GJBC_LAW_BLOCK_3__A1,Linear-AR,10,0.9657773835597515,0.33131954073905945
GJBC_LAW_BLOCK_3__A1,Linear-AR,11,0.9632494382493428,0.3362235724925995
GJBC_LAW_BLOCK_3__A1,Linear-AR,12,0.9604423156992143,0.3345679044723511
GJBC_LAW_BLOCK_3__A1,Linear-AR,13,0.9588199811327063,0.33351531624794006
GJBC_LAW_BLOCK_3__A1,Linear-AR,14,0.9572066554129157,0.33527007699012756
GJBC_LAW_BLOCK_3__A1,Linear-AR,15,0.9561275385395261,0.3353114128112793
GJBC_LAW_BLOCK_3__A1,Linear-AR,16,0.9549499068356817,0.33818748593330383
GJBC_LAW_BLOCK_3__A1,Linear-AR,17,0.9542897142269408,0.3356189727783203
GJBC_LAW_BLOCK_3__A1,Linear-AR,18,0.9535635099988116,0.3373880088329315
GJBC_LAW_BLOCK_3__A1,Linear-AR,19,0.952482737095078,0.3389427959918976
GJBC_LAW_BLOCK_3__A1,Linear-AR,20,0.9527476519402337,0.34066152572631836
GJBC_LAW_BLOCK_3__A1,Linear-AR,21,0.9519667307439007,0.3383191227912903
GJBC_LAW_BLOCK_3__A1,Linear-AR,22,0.9509066131018336,0.33909499645233154
GJBC_LAW_BLOCK_3__A1,Linear-AR,23,0.9512086501484257,0.337781697511673
GJBC_LAW_BLOCK_3__A1,Linear-AR,24,0.9506411328821032,0.33802083134651184
GJBC_LAW_BLOCK_3__A1,Linear-AR,25,0.9505756038979774,0.33865800499916077
GJBC_LAW_BLOCK_3__A1,Linear-AR,26,0.9502466689667793,0.33952799439430237
GJBC_LAW_BLOCK_3__A1,Linear-AR,27,0.9513671149276655,0.34014153480529785
GJBC_LAW_BLOCK_3__A1,Linear-AR,28,0.9500208068674103,0.33920684456825256
GJBC_LAW_BLOCK_3__A1,Linear-AR,29,0.949726025945469,0.3383074402809143
GJBC_LAW_BLOCK_3__A1,Linear-AR,30,0.9497775806367972,0.33962008357048035
GJBC_LAW_BLOCK_3__A1,Linear-AR,31,0.9501471892865495,0.3362143039703369
GJBC_LAW_BLOCK_3__A1,Linear-AR,32,0.9498309756240078,0.3407386243343353
GJBC_LAW_BLOCK_3__A2,MLP,0,0.7774562256276799,0.05059853568673134
GJBC_LAW_BLOCK_3__A2,MLP,1,0.5885093059900252,0.03392616659402847
GJBC_LAW_BLOCK_3__A2,MLP,2,0.5391609564546154,0.029185352846980095
GJBC_LAW_BLOCK_3__A2,MLP,3,0.5183597969627927,0.028155744075775146
GJBC_LAW_BLOCK_3__A2,MLP,4,0.5072407866954178,0.02731476165354252
GJBC_LAW_BLOCK_3__A2,MLP,5,0.4989595084412385,0.02743987739086151
GJBC_LAW_BLOCK_3__A2,MLP,6,0.49389959575593495,0.027143072336912155
GJBC_LAW_BLOCK_3__A2,MLP,7,0.4893622746324886,0.027096763253211975
GJBC_LAW_BLOCK_3__A2,MLP,8,0.48562447632739236,0.026955069974064827
GJBC_LAW_BLOCK_3__A2,MLP,9,0.4823046633721649,0.027325421571731567
GJBC_LAW_BLOCK_3__A2,MLP,10,0.47930841153762727,0.02703086845576763
GJBC_LAW_BLOCK_3__A2,MLP,11,0.47662274998036275,0.02763189747929573
GJBC_LAW_BLOCK_3__A2,MLP,12,0.47504482591793223,0.027109872549772263
GJBC_LAW_BLOCK_3__A2,MLP,13,0.47215218379199897,0.02694222703576088
GJBC_LAW_BLOCK_3__A2,MLP,14,0.4703522475616887,0.027363937348127365
GJBC_LAW_BLOCK_3__A2,MLP,15,0.4677514788311912,0.027087800204753876
GJBC_LAW_BLOCK_3__A2,MLP,16,0.4666414485367743,0.027559839189052582
GJBC_LAW_BLOCK_3__A2,MLP,17,0.4648019086053861,0.027306437492370605
GJBC_LAW_BLOCK_3__A2,MLP,18,0.4628841035184409,0.027625178918242455
GJBC_LAW_BLOCK_3__A2,MLP,19,0.46143233455576316,0.027027396485209465
GJBC_LAW_BLOCK_3__A2,MLP,20,0.46021511009414046,0.027600247412919998
GJBC_LAW_BLOCK_3__A2,MLP,21,0.458266535923338,0.02773130312561989
GJBC_LAW_BLOCK_3__A2,MLP,22,0.45737664797912414,0.02776084654033184
GJBC_LAW_BLOCK_3__A2,MLP,23,0.45606103780031687,0.028391458094120026
GJBC_LAW_BLOCK_3__A2,MLP,24,0.45467200774365873,0.028095809742808342
GJBC_LAW_BLOCK_3__A2,MLP,25,0.4532757433660127,0.027682851999998093
GJBC_LAW_BLOCK_3__A2,MLP,26,0.45152966948733564,0.028333555907011032
GJBC_LAW_BLOCK_3__A2,MLP,27,0.45061289526444875,0.028514759615063667
GJBC_LAW_BLOCK_3__A2,MLP,28,0.4500306511154132,0.028371112421154976
GJBC_LAW_BLOCK_3__A2,MLP,29,0.4480483293448044,0.028337374329566956
GJBC_LAW_BLOCK_3__A2,MLP,30,0.4470325460575527,0.028437195345759392
GJBC_LAW_BLOCK_3__A2,MLP,31,0.4458470990195297,0.028988413512706757
GJBC_LAW_BLOCK_3__A2,MLP,32,0.444773530439866,0.02885427139699459
GJBC_LAW_BLOCK_3__A2,MLP,33,0.4432492933015197,0.02877005748450756
GJBC_LAW_BLOCK_3__A2,MLP,34,0.44150450754978665,0.02876242995262146
GJBC_LAW_BLOCK_3__A2,MLP,35,0.4413283204163899,0.029467977583408356
GJBC_LAW_BLOCK_3__A2,MLP,36,0.4399328738525625,0.02937125787138939
GJBC_LAW_BLOCK_3__A2,MLP,37,0.43898118543613507,0.029334725812077522
GJBC_LAW_BLOCK_3__A2,MLP,38,0.4375470544984319,0.029260406270623207
GJBC_LAW_BLOCK_3__A2,Linear-AR,0,0.8706813818282417,0.04810811206698418
GJBC_LAW_BLOCK_3__A2,Linear-AR,1,0.6159858515212288,0.03395155072212219
GJBC_LAW_BLOCK_3__A2,Linear-AR,2,0.5517522784784352,0.029713064432144165
GJBC_LAW_BLOCK_3__A2,Linear-AR,3,0.5267774024210969,0.02809533104300499
GJBC_LAW_BLOCK_3__A2,Linear-AR,4,0.5147802855966486,0.027164114639163017
GJBC_LAW_BLOCK_3__A2,Linear-AR,5,0.5080716086859582,0.026843465864658356
GJBC_LAW_BLOCK_3__A2,Linear-AR,6,0.504371808285052,0.026556773111224174
GJBC_LAW_BLOCK_3__A2,Linear-AR,7,0.5018178487514816,0.02645902894437313
GJBC_LAW_BLOCK_3__A2,Linear-AR,8,0.5001656362620102,0.026348022744059563
GJBC_LAW_BLOCK_3__A2,Linear-AR,9,0.4990653125452629,0.026380058377981186
GJBC_LAW_BLOCK_3__A2,Linear-AR,10,0.4982206591679141,0.026254363358020782
GJBC_LAW_BLOCK_3__A2,Linear-AR,11,0.49766924001895674,0.026257889345288277
GJBC_LAW_BLOCK_3__A2,Linear-AR,12,0.4974054557334486,0.026298969984054565
GJBC_LAW_BLOCK_3__A2,Linear-AR,13,0.49674473819281245,0.026322411373257637
GJBC_LAW_BLOCK_3__A2,Linear-AR,14,0.4965378806995268,0.026437027379870415
GJBC_LAW_BLOCK_3__A2,Linear-AR,15,0.49631788571926727,0.02644280344247818
GJBC_LAW_BLOCK_3__A2,Linear-AR,16,0.49635496892277525,0.026468917727470398
GJBC_LAW_BLOCK_3__A2,Linear-AR,17,0.49598337688050337,0.026372889056801796
GJBC_LAW_BLOCK_3__A2,Linear-AR,18,0.49603943229503367,0.02638683095574379
GJBC_LAW_BLOCK_3__A2,Linear-AR,19,0.49575763235462283,0.026443617418408394
GJBC_LAW_BLOCK_3__A2,Linear-AR,20,0.4957740787486432,0.0264561977237463
GJBC_LAW_BLOCK_3__A2,Linear-AR,21,0.49550021738009387,0.026502219960093498
GJBC_LAW_BLOCK_3__A2,Linear-AR,22,0.49576292027872226,0.026496626436710358
GJBC_LAW_BLOCK_3__A2,Linear-AR,23,0.4959029555747147,0.026579521596431732
GJBC_LAW_BLOCK_3__A2,Linear-AR,24,0.49563961428027903,0.02656065672636032
GJBC_LAW_BLOCK_3__A2,Linear-AR,25,0.4957230565188908,0.026535412296652794
GJBC_LAW_BLOCK_3__A2,Linear-AR,26,0.4956073143122036,0.026552174240350723
GJBC_LAW_BLOCK_3__A2,Linear-AR,27,0.4955884254673773,0.02658083662390709
GJBC_LAW_BLOCK_3__A2,Linear-AR,28,0.4959488418484041,0.026603620499372482
GJBC_LAW_BLOCK_3__A2,Linear-AR,29,0.49578093322238465,0.026633456349372864
GJBC_LAW_BLOCK_3__A2,Linear-AR,30,0.4958563632983281,0.02665797807276249
GJBC_LAW_BLOCK_3__A2,Linear-AR,31,0.4958169738243174,0.026587560772895813
GJBC_LAW_BLOCK_3__A2,Linear-AR,32,0.4956845078704837,0.026660336181521416
GJBC_LAW_BLOCK_3__A2,Linear-AR,33,0.49550255965003953,0.02659117430448532
GJBC_LAW_BLOCK_3__A2,Linear-AR,34,0.49559162782587995,0.026550687849521637
GJBC_LAW_BLOCK_3__A2,Linear-AR,35,0.4959564530495539,0.026602845638990402
GJBC_LAW_BLOCK_3__A3_GIRLS,MLP,0,0.859066344482996,0.27607637643814087
GJBC_LAW_BLOCK_3__A3_GIRLS,MLP,1,0.7573299904875272,0.27239271998405457
GJBC_LAW_BLOCK_3__A3_GIRLS,MLP,2,0.7322811806474718,0.2747936546802521
GJBC_LAW_BLOCK_3__A3_GIRLS,MLP,3,0.7170309192393574,0.2733175754547119
GJBC_LAW_BLOCK_3__A3_GIRLS,MLP,4,0.7054631250116673,0.27363690733909607
GJBC_LAW_BLOCK_3__A3_GIRLS,MLP,5,0.6963253231593026,0.27579227089881897
GJBC_LAW_BLOCK_3__A3_GIRLS,MLP,6,0.6876464822461622,0.27978965640068054
GJBC_LAW_BLOCK_3__A3_GIRLS,MLP,7,0.679928760704046,0.2784057855606079
GJBC_LAW_BLOCK_3__A3_GIRLS,MLP,8,0.6717337441630002,0.2830318510532379
GJBC_LAW_BLOCK_3__A3_GIRLS,MLP,9,0.6658200538223097,0.28131985664367676
GJBC_LAW_BLOCK_3__A3_GIRLS,MLP,10,0.6577855881921355,0.283505380153656
GJBC_LAW_BLOCK_3__A3_GIRLS,MLP,11,0.6515997336787642,0.288755863904953
GJBC_LAW_BLOCK_3__A3_GIRLS,MLP,12,0.6463528850022902,0.2892933189868927
GJBC_LAW_BLOCK_3__A3_GIRLS,MLP,13,0.6406547897659008,0.29432493448257446
GJBC_LAW_BLOCK_3__A3_GIRLS,MLP,14,0.636212762852102,0.2946320176124573
GJBC_LAW_BLOCK_3__A3_GIRLS,MLP,15,0.6303553430503707,0.29470333456993103
GJBC_LAW_BLOCK_3__A3_GIRLS,MLP,16,0.6273098416304808,0.30126768350601196
GJBC_LAW_BLOCK_3__A3_GIRLS,MLP,17,0.6222500197939165,0.2987828850746155
GJBC_LAW_BLOCK_3__A3_GIRLS,MLP,18,0.6183999957102428,0.3016311526298523
GJBC_LAW_BLOCK_3__A3_GIRLS,MLP,19,0.6151550125755153,0.3045107126235962
GJBC_LAW_BLOCK_3__A3_GIRLS,MLP,20,0.6107644758912915,0.3089829981327057
GJBC_LAW_BLOCK_3__A3_GIRLS,MLP,21,0.6077867698756612,0.3058554232120514
GJBC_LAW_BLOCK_3__A3_GIRLS,MLP,22,0.6040020411898713,0.3080110549926758
GJBC_LAW_BLOCK_3__A3_GIRLS,MLP,23,0.6014961352267336,0.3088614046573639
GJBC_LAW_BLOCK_3__A3_GIRLS,MLP,24,0.5984964276237514,0.3207278847694397
GJBC_LAW_BLOCK_3__A3_GIRLS,MLP,25,0.5954069389321665,0.31169918179512024
GJBC_LAW_BLOCK_3__A3_GIRLS,MLP,26,0.5933281104641721,0.31390586495399475
GJBC_LAW_BLOCK_3__A3_GIRLS,Linear-AR,0,0.9676005097458064,0.30967727303504944
GJBC_LAW_BLOCK_3__A3_GIRLS,Linear-AR,1,0.8037070807040539,0.28669556975364685
GJBC_LAW_BLOCK_3__A3_GIRLS,Linear-AR,2,0.7603068758108954,0.2803724706172943
GJBC_LAW_BLOCK_3__A3_GIRLS,Linear-AR,3,0.7413446718185795,0.27723056077957153
GJBC_LAW_BLOCK_3__A3_GIRLS,Linear-AR,4,0.7312956917226863,0.2757643759250641
GJBC_LAW_BLOCK_3__A3_GIRLS,Linear-AR,5,0.7262526407335187,0.2765187919139862
GJBC_LAW_BLOCK_3__A3_GIRLS,Linear-AR,6,0.723762007261903,0.27736997604370117
GJBC_LAW_BLOCK_3__A3_GIRLS,Linear-AR,7,0.7221663164400667,0.27796146273612976
GJBC_LAW_BLOCK_3__A3_GIRLS,Linear-AR,8,0.7211060821096075,0.27794891595840454
GJBC_LAW_BLOCK_3__A3_GIRLS,Linear-AR,9,0.7205300533734956,0.2769281268119812
GJBC_LAW_BLOCK_3__A3_GIRLS,Linear-AR,10,0.7197990033333524,0.2773244380950928
GJBC_LAW_BLOCK_3__A3_GIRLS,Linear-AR,11,0.719821586828801,0.2771715223789215
GJBC_LAW_BLOCK_3__A3_GIRLS,Linear-AR,12,0.7196740562776879,0.2791317403316498
GJBC_LAW_BLOCK_3__A3_GIRLS,Linear-AR,13,0.7196771544115418,0.27868202328681946
GJBC_LAW_BLOCK_3__A3_GIRLS,Linear-AR,14,0.7196168229950574,0.2781343460083008
GJBC_LAW_BLOCK_3__A3_GIRLS,Linear-AR,15,0.7195203297400874,0.27914729714393616
GJBC_LAW_BLOCK_3__A3_GIRLS,Linear-AR,16,0.7196121435734595,0.2780850827693939
GJBC_LAW_BLOCK_3__A3_GIRLS,Linear-AR,17,0.7194481497315423,0.27949202060699463
GJBC_LAW_BLOCK_3__A3_GIRLS,Linear-AR,18,0.7194831099789163,0.27922481298446655
GJBC_LAW_BLOCK_3__A3_GIRLS,Linear-AR,19,0.7196826537450155,0.2786421775817871
GJBC_LAW_BLOCK_3__A3_GIRLS,Linear-AR,20,0.7194989308570742,0.2790384590625763
GJBC_LAW_BLOCK_3__A3_GIRLS,Linear-AR,21,0.7196943418516756,0.2808431088924408
GJBC_LAW_BLOCK_3__A3_GIRLS,Linear-AR,22,0.7191682917508181,0.2794884741306305
GJBC_LAW_BLOCK_3__A3_GIRLS,Linear-AR,23,0.719349490876298,0.2793547511100769
GJBC_LAW_BLOCK_3__A3_GIRLS,Linear-AR,24,0.7197543812208678,0.2802360951900482
GJBC_LAW_BLOCK_3__A3_GIRLS,Linear-AR,25,0.719988612078023,0.2775183320045471
GJBC_LAW_BLOCK_3__A3_GIRLS,Linear-AR,26,0.7193051010517895,0.27867305278778076
GJBC_LAW_BLOCK_3__A3_GIRLS,Linear-AR,27,0.7195298563452592,0.27833250164985657
GJBC_LAW_BLOCK_3__A3_GIRLS,Linear-AR,28,0.7194747715436166,0.2781328856945038
GJBC_LAW_BLOCK_3__A3_GIRLS,Linear-AR,29,0.7197343665182829,0.2791700065135956
G_BLOCK,MLP,0,1.0160171648404965,0.6243623495101929
G_BLOCK,MLP,1,0.9833442725702434,0.6080153584480286
G_BLOCK,MLP,2,0.960554713954955,0.5924525260925293
G_BLOCK,MLP,3,0.9437380808779625,0.5957211256027222
G_BLOCK,MLP,4,0.9304965477101103,0.5999941825866699
G_BLOCK,MLP,5,0.9192234448305597,0.6033343076705933
G_BLOCK,MLP,6,0.9108925010958914,0.6043208837509155
G_BLOCK,MLP,7,0.9022354009682504,0.6166802048683167
G_BLOCK,MLP,8,0.8955249018962227,0.6095007658004761
G_BLOCK,MLP,9,0.8887665393752237,0.6176713109016418
G_BLOCK,MLP,10,0.8820028710297011,0.6181943416595459
G_BLOCK,MLP,11,0.87655813396174,0.6241774559020996
G_BLOCK,MLP,12,0.8708314397151734,0.63421630859375
G_BLOCK,MLP,13,0.8654645923397882,0.6292061805725098
G_BLOCK,MLP,14,0.860844579962125,0.6440646052360535
G_BLOCK,MLP,15,0.8551062540772676,0.639654815196991
G_BLOCK,MLP,16,0.8506703541441146,0.6554864048957825
G_BLOCK,MLP,17,0.8461390897602099,0.6519985198974609
G_BLOCK,MLP,18,0.842311383882633,0.6528089046478271
G_BLOCK,MLP,19,0.8378922286656597,0.6637306213378906
G_BLOCK,MLP,20,0.8341310679137799,0.6657735705375671
G_BLOCK,MLP,21,0.830384731712938,0.6626846194267273
G_BLOCK,MLP,22,0.8265587975207235,0.6671720147132874
G_BLOCK,MLP,23,0.8229968141789845,0.6683897972106934
G_BLOCK,MLP,24,0.8186465179534126,0.6625725030899048
G_BLOCK,MLP,25,0.8156639429855305,0.6853048205375671
G_BLOCK,MLP,26,0.8123199247820153,0.666060209274292
G_BLOCK,MLP,27,0.8093613528895415,0.6755152940750122
G_BLOCK,Linear-AR,0,1.1873330100566497,0.66441810131073
G_BLOCK,Linear-AR,1,1.0192765314480785,0.6153770089149475
G_BLOCK,Linear-AR,2,0.9651375063901222,0.6012519001960754
G_BLOCK,Linear-AR,3,0.9429533610944838,0.5951793789863586
G_BLOCK,Linear-AR,4,0.9331848037403095,0.5917902588844299
G_BLOCK,Linear-AR,5,0.9279862551942326,0.5914925336837769
G_BLOCK,Linear-AR,6,0.9254312267989465,0.587753415107727
G_BLOCK,Linear-AR,7,0.9236643051728196,0.5900501012802124
G_BLOCK,Linear-AR,8,0.9226435782442431,0.586993396282196
G_BLOCK,Linear-AR,9,0.9221445611721357,0.5873831510543823
G_BLOCK,Linear-AR,10,0.9213931602931648,0.589118480682373
G_BLOCK,Linear-AR,11,0.921192643978071,0.5875551104545593
G_BLOCK,Linear-AR,12,0.9210700192990401,0.5892784595489502
G_BLOCK,Linear-AR,13,0.9210917018903828,0.5865132212638855
G_BLOCK,Linear-AR,14,0.9210368585654832,0.585684597492218
G_BLOCK,Linear-AR,15,0.9209173457505394,0.5900989770889282
G_BLOCK,Linear-AR,16,0.9209706559531041,0.5847799777984619
G_BLOCK,Linear-AR,17,0.9206116116501262,0.5880677103996277
G_BLOCK,Linear-AR,18,0.9211136570951701,0.5855250954627991
G_BLOCK,Linear-AR,19,0.9207157580225865,0.5890944600105286
G_BLOCK,Linear-AR,20,0.921012312626886,0.5867639183998108
G_BLOCK,Linear-AR,21,0.9208733982440002,0.5873919129371643
G_BLOCK,Linear-AR,22,0.9208753342721977,0.5863317847251892
G_BLOCK,Linear-AR,23,0.9209866132418945,0.5890985131263733
G_BLOCK,Linear-AR,24,0.9206937515911591,0.5861947536468506
G_BLOCK,Linear-AR,25,0.9206852536155253,0.5870517492294312
G_BLOCK,Linear-AR,26,0.9210474941929575,0.5878099799156189
G_BLOCK,Linear-AR,27,0.9210080150256311,0.5879613757133484
G_BLOCK,Linear-AR,28,0.920747164680349,0.5854805111885071
G_BLOCK,Linear-AR,29,0.9209374427847937,0.5862072706222534
G_BLOCK,Linear-AR,30,0.9208307111150342,0.5846577882766724
G_BLOCK,Linear-AR,31,0.921027810530506,0.5864609479904175
G_BLOCK,Linear-AR,32,0.9210287218551905,0.5870130062103271
G_BLOCK,Linear-AR,33,0.9209221922424192,0.5848996043205261
G_BLOCK,Linear-AR,34,0.92104615761231,0.584861695766449
G_BLOCK,Linear-AR,35,0.9211386151580617,0.5880517363548279
G_BLOCK,Linear-AR,36,0.9209269749012569,0.5862119793891907
G_BLOCK,Linear-AR,37,0.9208669631616164,0.5877026915550232
G_BLOCK,Linear-AR,38,0.9208524940717218,0.5886272192001343
G_BLOCK,Linear-AR,39,0.9207913430941528,0.5857822299003601
G_BLOCK,Linear-AR,40,0.9209696938482563,0.5872759222984314
G_BLOCK,Linear-AR,41,0.9209301775577021,0.5875030159950256
G_BLOCK,Linear-AR,42,0.9209498564664895,0.5875504612922668
G_BLOCK,Linear-AR,43,0.9208741381347482,0.5916669368743896
G_BLOCK,Linear-AR,44,0.9207905826129481,0.588604748249054
G_BLOCK,Linear-AR,45,0.9209361318765587,0.5882114171981812
G_BLOCK,Linear-AR,46,0.9210401017987851,0.584673285484314
G_BLOCK,Linear-AR,47,0.9208203363218977,0.5878190994262695
G_BLOCK,Linear-AR,48,0.9209171795692704,0.5878535509109497
G_BLOCK,Linear-AR,49,0.9207060219932165,0.58931565284729
G_BLOCK,Linear-AR,50,0.920919034233648,0.5890939235687256
G_BLOCK,Linear-AR,51,0.9211634034941337,0.5860139727592468
G_BLOCK,Linear-AR,52,0.9206634700547811,0.5904645323753357
G_BLOCK,Linear-AR,53,0.9211043919411807,0.5833118557929993
G_BLOCK,Linear-AR,54,0.9209796835683364,0.5855352878570557
G_BLOCK,Linear-AR,55,0.9209358567418335,0.5892019867897034
G_BLOCK,Linear-AR,56,0.9209242747281191,0.5867587327957153
G_BLOCK,Linear-AR,57,0.9207681793556205,0.5911451578140259
G_BLOCK,Linear-AR,58,0.9209795953366535,0.587818443775177
G_BLOCK,Linear-AR,59,0.9210786241927214,0.586661696434021
G_BLOCK,Linear-AR,60,0.920943182164495,0.5863816738128662
G_BLOCK,Linear-AR,61,0.9208614296733506,0.5878739356994629
G_BLOCK,Linear-AR,62,0.920902772526511,0.5868321657180786
G_BLOCK,Linear-AR,63,0.9208697276142731,0.5879506468772888
G_BLOCK,Linear-AR,64,0.9209866724657209,0.5874128937721252
G_BLOCK,Linear-AR,65,0.9210083159378222,0.5854526162147522
G_BLOCK,Linear-AR,66,0.9210605427251826,0.5861080288887024
G_BLOCK,Linear-AR,67,0.9208504927791302,0.5889359712600708
G_BLOCK,Linear-AR,68,0.9209776318501365,0.5843648910522461
G_BLOCK,Linear-AR,69,0.920934029916594,0.5886694192886353
G_BLOCK,Linear-AR,70,0.9207641809331764,0.5868005752563477
G_BLOCK,Linear-AR,71,0.9209143428661719,0.5871178507804871
G_BLOCK,Linear-AR,72,0.9210752281067943,0.5860447883605957
G_BLOCK,Linear-AR,73,0.9206566795900442,0.5852129459381104
G_BLOCK,Linear-AR,74,0.9210259525044213,0.5877357721328735
G_BLOCK,Linear-AR,75,0.9210578078319124,0.5899290442466736
G_BLOCK,Linear-AR,76,0.9207928770043877,0.5879140496253967
G_BLOCK,Linear-AR,77,0.9210355553261429,0.5881359577178955
G_BLOCK,Linear-AR,78,0.9211220591045681,0.5876122117042542
I&H_BLOCK,MLP,0,1.0119077742571392,1.5390294790267944
I&H_BLOCK,MLP,1,0.9641564266612321,1.5540313720703125
I&H_BLOCK,MLP,2,0.9412131923291644,1.5633424520492554
I&H_BLOCK,MLP,3,0.9268752796705997,1.5705360174179077
I&H_BLOCK,MLP,4,0.9160696242175267,1.5722681283950806
I&H_BLOCK,MLP,5,0.9070940986533076,1.5797717571258545
I&H_BLOCK,MLP,6,0.8980253831051962,1.582091212272644
I&H_BLOCK,MLP,7,0.8895348818601341,1.591657280921936
I&H_BLOCK,MLP,8,0.8810883248966965,1.5975861549377441
I&H_BLOCK,MLP,9,0.873909919832936,1.602919101715088
I&H_BLOCK,MLP,10,0.8655913411063069,1.6128792762756348
I&H_BLOCK,MLP,11,0.8578235151562339,1.6184563636779785
I&H_BLOCK,MLP,12,0.851175544082049,1.6248787641525269
I&H_BLOCK,MLP,13,0.8433847070391277,1.6365032196044922
I&H_BLOCK,MLP,14,0.8371073360840613,1.6459732055664062
I&H_BLOCK,MLP,15,0.829835180958338,1.649979591369629
I&H_BLOCK,MLP,16,0.8230625651332563,1.6539909839630127
I&H_BLOCK,MLP,17,0.8176791709654176,1.6662461757659912
I&H_BLOCK,MLP,18,0.8112991465701714,1.666069507598877
I&H_BLOCK,MLP,19,0.8067751104691137,1.6750445365905762
I&H_BLOCK,MLP,20,0.8001307680045404,1.6892374753952026
I&H_BLOCK,MLP,21,0.7941594141376971,1.695395827293396
I&H_BLOCK,MLP,22,0.7903644449599515,1.6882268190383911
I&H_BLOCK,MLP,23,0.785336280505447,1.70687735080719
I&H_BLOCK,MLP,24,0.7798145711189474,1.6931354999542236
I&H_BLOCK,MLP,25,0.7746470500816274,1.7203420400619507
I&H_BLOCK,Linear-AR,0,1.1754285578848354,1.770552396774292
I&H_BLOCK,Linear-AR,1,1.0108540354930318,1.659356713294983
I&H_BLOCK,Linear-AR,2,0.9621592095686575,1.6212564706802368
I&H_BLOCK,Linear-AR,3,0.9435459547094394,1.611291527748108
I&H_BLOCK,Linear-AR,4,0.9353495485658007,1.6085165739059448
I&H_BLOCK,Linear-AR,5,0.9320358070696954,1.611706018447876
I&H_BLOCK,Linear-AR,6,0.9295276787522696,1.6130621433258057
I&H_BLOCK,Linear-AR,7,0.9283917055379237,1.615424633026123
I&H_BLOCK,Linear-AR,8,0.9280211723170976,1.6175562143325806
I&H_BLOCK,Linear-AR,9,0.9280948462221091,1.6175880432128906
I&H_BLOCK,Linear-AR,10,0.9275606361291593,1.6226286888122559
I&H_BLOCK,Linear-AR,11,0.9272251110218792,1.622901201248169
I&H_BLOCK,Linear-AR,12,0.9274682534534132,1.6224308013916016
I&H_BLOCK,Linear-AR,13,0.9271758191630445,1.6222783327102661
I&H_BLOCK,Linear-AR,14,0.9278481077067791,1.6224067211151123
I&H_BLOCK,Linear-AR,15,0.927075083444021,1.62237548828125
I&H_BLOCK,Linear-AR,16,0.927333697764674,1.6250815391540527
I&H_BLOCK,Linear-AR,17,0.9272744773383604,1.6242307424545288
I&H_BLOCK,Linear-AR,18,0.9275825786362069,1.623181939125061
I&H_BLOCK,Linear-AR,19,0.9279849159269844,1.623927354812622
I&H_BLOCK,Linear-AR,20,0.9277407778261976,1.6237783432006836
I&H_BLOCK,Linear-AR,21,0.9276718089881582,1.6244381666183472
I&H_BLOCK,Linear-AR,22,0.9277035513942382,1.6249250173568726
I&H_BLOCK,Linear-AR,23,0.9278495553995101,1.622600793838501
I&H_BLOCK,Linear-AR,24,0.9276640824645601,1.6253291368484497
I&H_BLOCK,Linear-AR,25,0.9282533374635669,1.6255332231521606
I&H_BLOCK,Linear-AR,26,0.9277304967988445,1.6267385482788086
I&H_BLOCK,Linear-AR,27,0.9276362382673465,1.6251177787780762
I&H_BLOCK,Linear-AR,28,0.92785409152355,1.6261271238327026
I&H_BLOCK,Linear-AR,29,0.9275768586163217,1.6245055198669434
INFORMATION_CENTRE,MLP,0,1.3114658868153124,7.404043674468994
INFORMATION_CENTRE,MLP,1,1.2740400822500355,7.351679801940918
INFORMATION_CENTRE,MLP,2,1.2512087935552922,7.361265182495117
INFORMATION_CENTRE,MLP,3,1.2286799450012533,7.40817928314209
INFORMATION_CENTRE,MLP,4,1.2036848755175678,7.455636501312256
INFORMATION_CENTRE,MLP,5,1.1777880901172724,7.517033576965332
INFORMATION_CENTRE,MLP,6,1.1501688093696214,7.618701457977295
INFORMATION_CENTRE,MLP,7,1.123953413904099,7.679854393005371
INFORMATION_CENTRE,MLP,8,1.0965025998033997,7.778946876525879
INFORMATION_CENTRE,MLP,9,1.070335156009909,7.914116382598877
INFORMATION_CENTRE,MLP,10,1.0460732739839893,8.025482177734375
INFORMATION_CENTRE,MLP,11,1.022333320985622,8.090152740478516
INFORMATION_CENTRE,MLP,12,1.0024418709921619,8.162054061889648
INFORMATION_CENTRE,MLP,13,0.9813055260504797,8.270435333251953
INFORMATION_CENTRE,MLP,14,0.9614755094150059,8.343730926513672
INFORMATION_CENTRE,MLP,15,0.9427948983771137,8.472273826599121
INFORMATION_CENTRE,MLP,16,0.9255577150497311,8.514293670654297
INFORMATION_CENTRE,MLP,17,0.9080151525513516,8.625624656677246
INFORMATION_CENTRE,MLP,18,0.8928810862932832,8.696572303771973
INFORMATION_CENTRE,MLP,19,0.8773868380855513,8.801783561706543
INFORMATION_CENTRE,MLP,20,0.8643670788770266,8.869296073913574
INFORMATION_CENTRE,MLP,21,0.8492470290419317,8.993504524230957
INFORMATION_CENTRE,MLP,22,0.8357434092238422,9.033284187316895
INFORMATION_CENTRE,MLP,23,0.8230105014104325,9.110958099365234
INFORMATION_CENTRE,MLP,24,0.8112296713559577,9.152986526489258
INFORMATION_CENTRE,MLP,25,0.7994467738287359,9.239046096801758
INFORMATION_CENTRE,MLP,26,0.7878399047752147,9.316803932189941
INFORMATION_CENTRE,Linear-AR,0,1.6239066687617947,8.890869140625
INFORMATION_CENTRE,Linear-AR,1,1.4299575849306543,8.333139419555664
INFORMATION_CENTRE,Linear-AR,2,1.3269129621682891,8.038145065307617
INFORMATION_CENTRE,Linear-AR,3,1.266280517168259,7.882255554199219
INFORMATION_CENTRE,Linear-AR,4,1.2275015795408522,7.7979559898376465
INFORMATION_CENTRE,Linear-AR,5,1.202424710026244,7.759990215301514
INFORMATION_CENTRE,Linear-AR,6,1.1849667772047314,7.7386040687561035
INFORMATION_CENTRE,Linear-AR,7,1.1730509930914574,7.733397006988525
INFORMATION_CENTRE,Linear-AR,8,1.1639701279642065,7.742740154266357
INFORMATION_CENTRE,Linear-AR,9,1.1573474767354173,7.754274368286133
INFORMATION_CENTRE,Linear-AR,10,1.1522978467071305,7.77812385559082
INFORMATION_CENTRE,Linear-AR,11,1.1485077488696953,7.789965629577637
INFORMATION_CENTRE,Linear-AR,12,1.1463822898925042,7.813571453094482
INFORMATION_CENTRE,Linear-AR,13,1.143834810245832,7.834048271179199
INFORMATION_CENTRE,Linear-AR,14,1.141788713673269,7.849521160125732
INFORMATION_CENTRE,Linear-AR,15,1.1407760349576883,7.8686394691467285
INFORMATION_CENTRE,Linear-AR,16,1.1393289862313616,7.887132167816162
INFORMATION_CENTRE,Linear-AR,17,1.138069302296757,7.9049224853515625
INFORMATION_CENTRE,Linear-AR,18,1.137049456272932,7.913800239562988
INFORMATION_CENTRE,Linear-AR,19,1.136790907259144,7.941372871398926
INFORMATION_CENTRE,Linear-AR,20,1.1370615769128887,7.949653148651123
INFORMATION_CENTRE,Linear-AR,21,1.1363506858003942,7.964918613433838
INFORMATION_CENTRE,Linear-AR,22,1.1358409591168321,7.975813388824463
INFORMATION_CENTRE,Linear-AR,23,1.1360768377646326,7.985475540161133
INFORMATION_CENTRE,Linear-AR,24,1.1356944260549855,8.000567436218262
INFORMATION_CENTRE,Linear-AR,25,1.1350341351046973,8.006616592407227
INFORMATION_CENTRE,Linear-AR,26,1.1350637844271747,8.017951965332031
INFORMATION_CENTRE,Linear-AR,27,1.13514863140124,8.025335311889648
INFORMATION_CENTRE,Linear-AR,28,1.1349184840410638,8.038525581359863
INFORMATION_CENTRE,Linear-AR,29,1.1352239219822582,8.033108711242676
INFORMATION_CENTRE,Linear-AR,30,1.1347315843324606,8.04218864440918
INFORMATION_CENTRE,Linear-AR,31,1.1345934791502492,8.048943519592285
INFORMATION_CENTRE,Linear-AR,32,1.134857923550615,8.053452491760254
IT_BLOCK,MLP,0,0.9429289324450119,0.35161954164505005
IT_BLOCK,MLP,1,0.8663347244649948,0.31696000695228577
IT_BLOCK,MLP,2,0.8392106679625684,0.3033680021762848
IT_BLOCK,MLP,3,0.8244218835684823,0.2994929552078247
IT_BLOCK,MLP,4,0.8137888473178737,0.3015378415584564
IT_BLOCK,MLP,5,0.8059919532725278,0.3025146722793579
IT_BLOCK,MLP,6,0.799246964960661,0.30018752813339233
IT_BLOCK,MLP,7,0.7911897896945832,0.3000905513763428
IT_BLOCK,MLP,8,0.7860504578175774,0.30094295740127563
IT_BLOCK,MLP,9,0.7776872366586116,0.30820125341415405
IT_BLOCK,MLP,10,0.7717253524094062,0.30831003189086914
IT_BLOCK,MLP,11,0.763564634045589,0.3121718466281891
IT_BLOCK,MLP,12,0.7572293403249337,0.31259000301361084
IT_BLOCK,MLP,13,0.7506899763505783,0.31486886739730835
IT_BLOCK,MLP,14,0.7439327802636136,0.3189260959625244
IT_BLOCK,MLP,15,0.7376312064717896,0.3201485276222229
IT_BLOCK,MLP,16,0.732379993581746,0.3313741087913513
IT_BLOCK,MLP,17,0.7250034400173697,0.33019641041755676
IT_BLOCK,MLP,18,0.7190782401906392,0.3415982127189636
IT_BLOCK,MLP,19,0.7126176198657035,0.3347451090812683
IT_BLOCK,MLP,20,0.7062854484538484,0.337024450302124
IT_BLOCK,MLP,21,0.7003467472876221,0.34495919942855835
IT_BLOCK,MLP,22,0.6949004788316774,0.34565508365631104
IT_BLOCK,MLP,23,0.6891924604829995,0.3429411053657532
IT_BLOCK,MLP,24,0.684613754672493,0.3557725250720978
IT_BLOCK,MLP,25,0.677697678959944,0.3526017665863037
IT_BLOCK,MLP,26,0.6720057926922794,0.3524731993675232
IT_BLOCK,MLP,27,0.6669712691030828,0.3629891276359558
IT_BLOCK,MLP,28,0.6626319888351928,0.36258310079574585
IT_BLOCK,Linear-AR,0,1.0677460605412739,0.3709402084350586
IT_BLOCK,Linear-AR,1,0.922121669462583,0.32562777400016785
IT_BLOCK,Linear-AR,2,0.8735704226724896,0.3077879846096039
IT_BLOCK,Linear-AR,3,0.8496466927484493,0.30071529746055603
IT_BLOCK,Linear-AR,4,0.8379923352823427,0.29764676094055176
IT_BLOCK,Linear-AR,5,0.8313060396738677,0.29549822211265564
IT_BLOCK,Linear-AR,6,0.8280096286009245,0.2949821949005127
IT_BLOCK,Linear-AR,7,0.8250771683231843,0.2947477698326111
IT_BLOCK,Linear-AR,8,0.8242213944970561,0.2943370044231415
IT_BLOCK,Linear-AR,9,0.8226078248888851,0.29458218812942505
IT_BLOCK,Linear-AR,10,0.8220552532299829,0.2940557599067688
IT_BLOCK,Linear-AR,11,0.8212440844639353,0.29430052638053894
IT_BLOCK,Linear-AR,12,0.8208973800387328,0.2934649884700775
IT_BLOCK,Linear-AR,13,0.8204921133271668,0.2935464382171631
IT_BLOCK,Linear-AR,14,0.8201287173940868,0.293249249458313
IT_BLOCK,Linear-AR,15,0.820157946637339,0.2933596074581146
IT_BLOCK,Linear-AR,16,0.8202754857931256,0.2934596538543701
IT_BLOCK,Linear-AR,17,0.8203077955380219,0.2933405339717865
IT_BLOCK,Linear-AR,18,0.8197418700183606,0.29337647557258606
IT_BLOCK,Linear-AR,19,0.8202942409577342,0.2930455803871155
IT_BLOCK,Linear-AR,20,0.8197001600497854,0.29284894466400146
IT_BLOCK,Linear-AR,21,0.8196882112128191,0.2926928997039795
IT_BLOCK,Linear-AR,22,0.8199979389220492,0.2929381728172302
IT_BLOCK,Linear-AR,23,0.8201565084421254,0.2925339937210083
IT_BLOCK,Linear-AR,24,0.8200657093466845,0.2928362488746643
IT_BLOCK,Linear-AR,25,0.8198447678304712,0.2925357222557068
IT_BLOCK,Linear-AR,26,0.8200367550012158,0.29244187474250793
IT_BLOCK,Linear-AR,27,0.820140313585836,0.29255205392837524
IT_BLOCK,Linear-AR,28,0.8204099624816572,0.29305577278137207
IT_BLOCK,Linear-AR,29,0.8204668760751478,0.2939049005508423
IT_BLOCK,Linear-AR,30,0.8200091224492532,0.29288268089294434
IT_BLOCK,Linear-AR,31,0.8204846384561443,0.2928618788719177
IT_BLOCK,Linear-AR,32,0.8197654803056103,0.293183296918869
IT_BLOCK,Linear-AR,33,0.8197950105248881,0.29260265827178955
IT_BLOCK,Linear-AR,34,0.8199153412208082,0.29245972633361816
IT_BLOCK,Linear-AR,35,0.8201836439875183,0.2935170531272888
IT_BLOCK,Linear-AR,36,0.8200341989946288,0.29284539818763733
IT_BLOCK,Linear-AR,37,0.8197362450502599,0.293038547039032
IT_BLOCK,Linear-AR,38,0.8200521513456646,0.2932349741458893
IT_BLOCK,Linear-AR,39,0.8200505777443172,0.2925749719142914
IT_BLOCK,Linear-AR,40,0.8201119117176591,0.2934967577457428
IT_BLOCK,Linear-AR,41,0.8204739318258,0.29359760880470276
IT_BLOCK,Linear-AR,42,0.8203787578204289,0.29248297214508057
IT_BLOCK,Linear-AR,43,0.8197830985221078,0.2933410704135895
IT_BLOCK,Linear-AR,44,0.8200191637052351,0.29218077659606934
IT_BLOCK,Linear-AR,45,0.8200430304925378,0.29251670837402344
IT_BLOCK,Linear-AR,46,0.8197445597336237,0.29284387826919556
IT_BLOCK,Linear-AR,47,0.8203287217154913,0.29314109683036804
IT_BLOCK,Linear-AR,48,0.820455056206239,0.2928314208984375
IT_BLOCK,Linear-AR,49,0.8198341820068339,0.2926454544067383
IT_BLOCK,Linear-AR,50,0.8202828345875773,0.29286113381385803
IT_BLOCK,Linear-AR,51,0.8197811292130429,0.2929094731807709
IT_BLOCK,Linear-AR,52,0.8198095920347948,0.2928035259246826
IT_BLOCK,Linear-AR,53,0.8200688732036656,0.2919149696826935
IT_BLOCK,Linear-AR,54,0.8196442607162963,0.2924264073371887
IT_BLOCK,Linear-AR,55,0.8204185217570535,0.2929386496543884
IT_BLOCK,Linear-AR,56,0.8202479364069075,0.29230234026908875
IT_BLOCK,Linear-AR,57,0.8200194543577493,0.2927456498146057
IT_BLOCK,Linear-AR,58,0.8199518585243804,0.2927906811237335
IT_BLOCK,Linear-AR,59,0.8201641084377225,0.29214969277381897
IT_BLOCK,Linear-AR,60,0.8199898594575892,0.2924908995628357
IT_BLOCK,Linear-AR,61,0.8202341476258679,0.2928684651851654
IT_BLOCK,Linear-AR,62,0.8203622942817618,0.29270118474960327
IT_BLOCK,Linear-AR,63,0.820006743107348,0.2922188341617584
IT_BLOCK,Linear-AR,64,0.820671646505933,0.2928754985332489
IT_BLOCK,Linear-AR,65,0.8205367736707976,0.29266470670700073
IT_BLOCK,Linear-AR,66,0.8200998446814873,0.29310503602027893
IT_BLOCK,Linear-AR,67,0.82015095510932,0.2925228476524353
IT_BLOCK,Linear-AR,68,0.8200387158262193,0.2928801476955414
IT_BLOCK,Linear-AR,69,0.8209016994166258,0.29286983609199524
IT_BLOCK,Linear-AR,70,0.820132219597786,0.2924814224243164
IT_BLOCK,Linear-AR,71,0.819448604013188,0.29282504320144653
IT_BLOCK,Linear-AR,72,0.8205278650256964,0.29254308342933655
IT_BLOCK,Linear-AR,73,0.8203893080974954,0.29300186038017273
IT_BLOCK,Linear-AR,74,0.8201045607933175,0.2924831509590149
IT_BLOCK,Linear-AR,75,0.8199823096822131,0.29287341237068176
IT_BLOCK,Linear-AR,76,0.8201591841420678,0.2928328216075897
IT_BLOCK,Linear-AR,77,0.8196859339152276,0.2925008237361908
IT_BLOCK,Linear-AR,78,0.8198585503041325,0.2929561138153076
ME_WORKSHOP_BLOCK,MLP,0,0.7810176890938563,0.024207444861531258
ME_WORKSHOP_BLOCK,MLP,1,0.7609116299714789,0.01491803489625454
ME_WORKSHOP_BLOCK,MLP,2,0.7413915111287608,0.00840675551444292
ME_WORKSHOP_BLOCK,MLP,3,0.7207041345511384,0.005686000920832157
ME_WORKSHOP_BLOCK,MLP,4,0.6995996556097273,0.004851408302783966
ME_WORKSHOP_BLOCK,MLP,5,0.6809986892968598,0.004172755870968103
ME_WORKSHOP_BLOCK,MLP,6,0.6656147683663566,0.004093027673661709
ME_WORKSHOP_BLOCK,MLP,7,0.6515822523633774,0.003960670903325081
ME_WORKSHOP_BLOCK,MLP,8,0.6393983547254779,0.0038673770613968372
ME_WORKSHOP_BLOCK,MLP,9,0.6276011296391568,0.003985140938311815
ME_WORKSHOP_BLOCK,MLP,10,0.6169988209904659,0.003985215909779072
ME_WORKSHOP_BLOCK,MLP,11,0.6073021188955742,0.004102647770196199
ME_WORKSHOP_BLOCK,MLP,12,0.5976138024975215,0.0041636014357209206
ME_WORKSHOP_BLOCK,MLP,13,0.5888310160708217,0.004045712295919657
ME_WORKSHOP_BLOCK,MLP,14,0.5799941313988006,0.004147773142904043
ME_WORKSHOP_BLOCK,MLP,15,0.5721161250027567,0.004274807870388031
ME_WORKSHOP_BLOCK,MLP,16,0.5648634208861376,0.004322330001741648
ME_WORKSHOP_BLOCK,MLP,17,0.557445287663948,0.00431211618706584
ME_WORKSHOP_BLOCK,MLP,18,0.5503254007272053,0.004496112000197172
ME_WORKSHOP_BLOCK,MLP,19,0.5439928878253208,0.004489597864449024
ME_WORKSHOP_BLOCK,MLP,20,0.537218472286603,0.004702705889940262
ME_WORKSHOP_BLOCK,MLP,21,0.5314534105547912,0.004758484661579132
ME_WORKSHOP_BLOCK,MLP,22,0.5254069020317007,0.004927929025143385
ME_WORKSHOP_BLOCK,MLP,23,0.519501503615214,0.004833834245800972
ME_WORKSHOP_BLOCK,MLP,24,0.514601577754575,0.004714817740023136
ME_WORKSHOP_BLOCK,MLP,25,0.508698997572115,0.004992480855435133
ME_WORKSHOP_BLOCK,MLP,26,0.503955249434665,0.005063857417553663
ME_WORKSHOP_BLOCK,MLP,27,0.4986532519335329,0.00513859000056982
ME_WORKSHOP_BLOCK,MLP,28,0.49375242302808364,0.005067381076514721
ME_WORKSHOP_BLOCK,MLP,29,0.48939854277387757,0.005178581457585096
ME_WORKSHOP_BLOCK,MLP,30,0.48481535263243053,0.005245779175311327
ME_WORKSHOP_BLOCK,MLP,31,0.48006103421294877,0.005272368900477886
ME_WORKSHOP_BLOCK,MLP,32,0.47512610510933734,0.005398295354098082
ME_WORKSHOP_BLOCK,MLP,33,0.4714554132530269,0.005578153766691685
ME_WORKSHOP_BLOCK,Linear-AR,0,0.9249668155374533,0.023923248052597046
ME_WORKSHOP_BLOCK,Linear-AR,1,0.8292254277591719,0.011402275413274765
ME_WORKSHOP_BLOCK,Linear-AR,2,0.7714385305595268,0.007703009992837906
ME_WORKSHOP_BLOCK,Linear-AR,3,0.7336716752000442,0.006405159831047058
ME_WORKSHOP_BLOCK,Linear-AR,4,0.7061948429800717,0.005449979100376368
ME_WORKSHOP_BLOCK,Linear-AR,5,0.6861884325317263,0.004939064849168062
ME_WORKSHOP_BLOCK,Linear-AR,6,0.6714723681528336,0.004756922367960215
ME_WORKSHOP_BLOCK,Linear-AR,7,0.6596936655644249,0.004441489931195974
ME_WORKSHOP_BLOCK,Linear-AR,8,0.650589946376313,0.004299856256693602
ME_WORKSHOP_BLOCK,Linear-AR,9,0.6432281090725368,0.004133640322834253
ME_WORKSHOP_BLOCK,Linear-AR,10,0.6371203452693127,0.004173558671027422
ME_WORKSHOP_BLOCK,Linear-AR,11,0.6325439610179795,0.003967405296862125
ME_WORKSHOP_BLOCK,Linear-AR,12,0.6284388156669793,0.004128487780690193
ME_WORKSHOP_BLOCK,Linear-AR,13,0.6251444619663065,0.004026276990771294
ME_WORKSHOP_BLOCK,Linear-AR,14,0.6222413330155923,0.00398440333083272
ME_WORKSHOP_BLOCK,Linear-AR,15,0.6198880947179165,0.003969987854361534
ME_WORKSHOP_BLOCK,Linear-AR,16,0.6179055605592734,0.00397099694237113
ME_WORKSHOP_BLOCK,Linear-AR,17,0.61614133278826,0.003962341696023941
ME_WORKSHOP_BLOCK,Linear-AR,18,0.6149171360652517,0.0038943400140851736
ME_WORKSHOP_BLOCK,Linear-AR,19,0.6133069988418647,0.004010879900306463
ME_WORKSHOP_BLOCK,Linear-AR,20,0.6123668751207685,0.0038874817546457052
ME_WORKSHOP_BLOCK,Linear-AR,21,0.6113693079601575,0.003973152954131365
ME_WORKSHOP_BLOCK,Linear-AR,22,0.6104916920271315,0.0039727771654725075
ME_WORKSHOP_BLOCK,Linear-AR,23,0.6095762512944816,0.003979450091719627
ME_WORKSHOP_BLOCK,Linear-AR,24,0.6090737766833795,0.0039031128399074078
ME_WORKSHOP_BLOCK,Linear-AR,25,0.6084464604882137,0.003927493467926979
ME_WORKSHOP_BLOCK,Linear-AR,26,0.6078924165543531,0.0039413729682564735
ME_WORKSHOP_BLOCK,Linear-AR,27,0.6074078407602032,0.003958149813115597
ME_WORKSHOP_BLOCK,Linear-AR,28,0.6070049924156765,0.004008658230304718
ME_WORKSHOP_BLOCK,Linear-AR,29,0.6067996388142973,0.0039681908674538136
ME_WORKSHOP_BLOCK,Linear-AR,30,0.6063068451968932,0.003948967903852463
ME_WORKSHOP_BLOCK,Linear-AR,31,0.6061783771300948,0.0038924256805330515
ME_WORKSHOP_BLOCK,Linear-AR,32,0.6056869469233551,0.004026670940220356
ME_WORKSHOP_BLOCK,Linear-AR,33,0.605570793476014,0.0038874049205332994
ME_WORKSHOP_BLOCK,Linear-AR,34,0.6054143314860776,0.00401900103315711
ME_WORKSHOP_BLOCK,Linear-AR,35,0.6053156222841677,0.00398267200216651
ME_WORKSHOP_BLOCK,Linear-AR,36,0.6049430836308659,0.003935000393539667
ME_WORKSHOP_BLOCK,Linear-AR,37,0.60457340022644,0.00397531921043992
ME_WORKSHOP_BLOCK,Linear-AR,38,0.6048353625186684,0.004048663657158613
ME_WORKSHOP_BLOCK,Linear-AR,39,0.6046367798590644,0.003934281878173351
ME_WORKSHOP_BLOCK,Linear-AR,40,0.6045112126056715,0.003992997109889984
ME_WORKSHOP_BLOCK,Linear-AR,41,0.6043059197434919,0.003999163396656513
ME_WORKSHOP_BLOCK,Linear-AR,42,0.6042763573591763,0.003983714152127504
ME_WORKSHOP_BLOCK,Linear-AR,43,0.6041640317982998,0.003983625210821629
ME_WORKSHOP_BLOCK,Linear-AR,44,0.6041713234601905,0.003973483573645353
ME_WORKSHOP_BLOCK,Linear-AR,45,0.6040862217028882,0.003976593725383282
ME_WORKSHOP_BLOCK,Linear-AR,46,0.6040157874087587,0.0039947619661688805
ME_WORKSHOP_BLOCK,Linear-AR,47,0.6038757447155862,0.003990076016634703
ME_WORKSHOP_BLOCK,Linear-AR,48,0.6038875690047876,0.003967645112425089
ME_WORKSHOP_BLOCK,Linear-AR,49,0.6036499927110367,0.003954995423555374
ME_WORKSHOP_BLOCK,Linear-AR,50,0.6037261643878138,0.00398515397682786
ME_WORKSHOP_BLOCK,Linear-AR,51,0.6037000758075779,0.003999817650765181
ME_WORKSHOP_BLOCK,Linear-AR,52,0.6037947212571922,0.003973676823079586
ME_WORKSHOP_BLOCK,Linear-AR,53,0.6035656081341627,0.004026751033961773
ME_WORKSHOP_BLOCK,Linear-AR,54,0.6036133519813854,0.0039763739332556725
ME_WORKSHOP_BLOCK,Linear-AR,55,0.6037489997133116,0.003996118903160095
ME_WORKSHOP_BLOCK,Linear-AR,56,0.6036283129903429,0.004021992441266775
ME_WORKSHOP_BLOCK,Linear-AR,57,0.6034984612124539,0.004023359622806311
ME_WORKSHOP_BLOCK,Linear-AR,58,0.6035520384540207,0.003929802216589451
MM_BLOCK,MLP,0,0.7035292843832587,0.5585014224052429
MM_BLOCK,MLP,1,0.6183490044009077,0.5148752331733704
MM_BLOCK,MLP,2,0.5938296840138679,0.4961477220058441
MM_BLOCK,MLP,3,0.5827822528616355,0.48707816004753113
MM_BLOCK,MLP,4,0.5760028832150201,0.4810362458229065
MM_BLOCK,MLP,5,0.5713308758109156,0.4778711795806885
MM_BLOCK,MLP,6,0.5680280055877936,0.47602394223213196
MM_BLOCK,MLP,7,0.564682834339838,0.47524595260620117
MM_BLOCK,MLP,8,0.562002858976378,0.4716036319732666
MM_BLOCK,MLP,9,0.5593594725984726,0.4715571999549866
MM_BLOCK,MLP,10,0.5572500611743788,0.4687975347042084
MM_BLOCK,MLP,11,0.55494993272489,0.4692906439304352
MM_BLOCK,MLP,12,0.5530860326150908,0.4711611568927765
MM_BLOCK,MLP,13,0.5513887853518019,0.4697306454181671
MM_BLOCK,MLP,14,0.5496372658840931,0.46909287571907043
MM_BLOCK,MLP,15,0.5479262044830043,0.46919721364974976
MM_BLOCK,MLP,16,0.5464201293287486,0.46984249353408813
MM_BLOCK,MLP,17,0.5451327618891305,0.47131824493408203
MM_BLOCK,MLP,18,0.5437414280689545,0.46842285990715027
MM_BLOCK,MLP,19,0.5423838578871567,0.468649297952652
MM_BLOCK,MLP,20,0.5411254996365874,0.4700390696525574
MM_BLOCK,MLP,21,0.5399085605231515,0.4701169431209564
MM_BLOCK,MLP,22,0.5388338095950385,0.47113236784935
MM_BLOCK,MLP,23,0.537512760962883,0.4717882573604584
MM_BLOCK,MLP,24,0.5365111547229934,0.47218379378318787
MM_BLOCK,MLP,25,0.5353074300028112,0.47177818417549133
MM_BLOCK,MLP,26,0.5343912881221214,0.4722829759120941
MM_BLOCK,MLP,27,0.5334335230562809,0.47425973415374756
MM_BLOCK,MLP,28,0.5326576972529836,0.4742419421672821
MM_BLOCK,MLP,29,0.5313159270878256,0.4759674668312073
MM_BLOCK,MLP,30,0.5310210111367442,0.4755708575248718
MM_BLOCK,MLP,31,0.5300599445391746,0.47642722725868225
MM_BLOCK,MLP,32,0.5292097414932112,0.4764682352542877
MM_BLOCK,MLP,33,0.5282414211844005,0.4777619242668152
MM_BLOCK,MLP,34,0.5276292919242469,0.47783520817756653
MM_BLOCK,MLP,35,0.5269371573507351,0.47961506247520447
MM_BLOCK,MLP,36,0.5260919647930312,0.4807872772216797
MM_BLOCK,MLP,37,0.5255096245856181,0.4795490503311157
MM_BLOCK,MLP,38,0.5249902749583669,0.4807111918926239
MM_BLOCK,MLP,39,0.5240752710043078,0.4822748303413391
MM_BLOCK,MLP,40,0.5232970416545868,0.4801293909549713
MM_BLOCK,MLP,41,0.5228268140858977,0.48236262798309326
MM_BLOCK,MLP,42,0.5224604328183362,0.48280128836631775
MM_BLOCK,MLP,43,0.5215335425234189,0.4832051694393158
MM_BLOCK,Linear-AR,0,0.7923312739734232,0.5777384638786316
MM_BLOCK,Linear-AR,1,0.6449737444411229,0.5155655145645142
MM_BLOCK,Linear-AR,2,0.6054622030606235,0.4936254322528839
MM_BLOCK,Linear-AR,3,0.5908181567261689,0.48436644673347473
MM_BLOCK,Linear-AR,4,0.584770540251349,0.4805237352848053
MM_BLOCK,Linear-AR,5,0.5822995600909212,0.47905460000038147
MM_BLOCK,Linear-AR,6,0.5815188445314003,0.4772814214229584
MM_BLOCK,Linear-AR,7,0.5810741856150383,0.4777447283267975
MM_BLOCK,Linear-AR,8,0.5808623115511706,0.4760679304599762
MM_BLOCK,Linear-AR,9,0.5806505284170165,0.4768929183483124
MM_BLOCK,Linear-AR,10,0.5805203858083182,0.4753181040287018
MM_BLOCK,Linear-AR,11,0.5805561681733514,0.4756297767162323
MM_BLOCK,Linear-AR,12,0.5805822602153694,0.47728854417800903
MM_BLOCK,Linear-AR,13,0.5807748458681316,0.47668448090553284
MM_BLOCK,Linear-AR,14,0.5806966728537623,0.4768378436565399
MM_BLOCK,Linear-AR,15,0.5805461006442996,0.4762192666530609
MM_BLOCK,Linear-AR,16,0.5805960737005638,0.47595712542533875
MM_BLOCK,Linear-AR,17,0.5808041548206858,0.4778733551502228
MM_BLOCK,Linear-AR,18,0.5805987676564794,0.4758374094963074
MM_BLOCK,Linear-AR,19,0.5807090184114275,0.47612810134887695
MM_BLOCK,Linear-AR,20,0.5807765883250828,0.4765597879886627
MM_BLOCK,Linear-AR,21,0.5809178326251733,0.475651353597641
MM_BLOCK,Linear-AR,22,0.5808301202572175,0.47593945264816284
MM_BLOCK,Linear-AR,23,0.5808431558365369,0.47532886266708374
MM_BLOCK,Linear-AR,24,0.5808405501999124,0.4771438241004944
MM_BLOCK,Linear-AR,25,0.5807922360670827,0.4764041602611542
MM_BLOCK,Linear-AR,26,0.5809557398740393,0.47525453567504883
MM_BLOCK,Linear-AR,27,0.5808191821522957,0.47649234533309937
MM_BLOCK,Linear-AR,28,0.5809019247110743,0.47671252489089966
MM_BLOCK,Linear-AR,29,0.5806650797816089,0.4752250015735626
MM_BLOCK,Linear-AR,30,0.5808009827224008,0.4765889644622803
MM_BLOCK,Linear-AR,31,0.5808648706352624,0.47589680552482605
MM_BLOCK,Linear-AR,32,0.5808005946396041,0.4758921265602112
MM_BLOCK,Linear-AR,33,0.5806371660998267,0.4765970706939697
MM_BLOCK,Linear-AR,34,0.5808700675511882,0.4764333963394165
MM_BLOCK,Linear-AR,35,0.5808811209497661,0.47680187225341797
MM_BLOCK,Linear-AR,36,0.5807956522398622,0.4768354892730713
MM_BLOCK,Linear-AR,37,0.5807108887790764,0.47558099031448364
MM_BLOCK,Linear-AR,38,0.5807496222266315,0.4768621027469635
MM_BLOCK,Linear-AR,39,0.580811650213534,0.47592729330062866
MM_BLOCK,Linear-AR,40,0.5807592242303556,0.4748426079750061
MM_BLOCK,Linear-AR,41,0.5807321308738124,0.4763244092464447
MM_BLOCK,Linear-AR,42,0.5809640627707878,0.4761964976787567
MM_BLOCK,Linear-AR,43,0.5808554091592775,0.47584736347198486
MM_BLOCK,Linear-AR,44,0.5808596371734229,0.4749099612236023
MM_BLOCK,Linear-AR,45,0.5808532242357296,0.476301372051239
MM_BLOCK,Linear-AR,46,0.5808045546503833,0.4767267107963562
MM_BLOCK,Linear-AR,47,0.5808510173411265,0.4756582975387573
MM_BLOCK,Linear-AR,48,0.5806501296749951,0.4772223234176636
MM_BLOCK,Linear-AR,49,0.5807164407124484,0.47624045610427856
MM_BLOCK,Linear-AR,50,0.5807643458791023,0.4767982065677643
MM_BLOCK,Linear-AR,51,0.580733920535902,0.47583574056625366
MM_BLOCK,Linear-AR,52,0.5808605445127417,0.4772230386734009
MM_BLOCK,Linear-AR,53,0.5808481080253629,0.4758602976799011
MM_BLOCK,Linear-AR,54,0.5808441399657813,0.4764367640018463
MM_BLOCK,Linear-AR,55,0.5808522914447923,0.4769163131713867
MM_BLOCK,Linear-AR,56,0.5810040483509538,0.4762008786201477
MM_BLOCK,Linear-AR,57,0.5809224652547906,0.47751590609550476
MM_BLOCK,Linear-AR,58,0.5808191817172252,0.4769490659236908
MM_BLOCK,Linear-AR,59,0.581035769768875,0.4778074622154236
MM_BLOCK,Linear-AR,60,0.5806623118637252,0.47670915722846985
MM_BLOCK,Linear-AR,61,0.5810026713531383,0.4767399728298187
MM_BLOCK,Linear-AR,62,0.5807738991549415,0.475843608379364
MM_BLOCK,Linear-AR,63,0.5808083702177897,0.4757649004459381
MM_BLOCK,Linear-AR,64,0.5806659760266325,0.4768229126930237
MM_BLOCK,Linear-AR,65,0.5806522125745341,0.47650232911109924
MRD_BLOCK,MLP,0,0.8647709135386488,0.24008896946907043
MRD_BLOCK,MLP,1,0.8019453215384428,0.21626907587051392
MRD_BLOCK,MLP,2,0.7773049980574728,0.21439936757087708
MRD_BLOCK,MLP,3,0.7629422098453337,0.209701269865036
MRD_BLOCK,MLP,4,0.7511712223831654,0.21075671911239624
MRD_BLOCK,MLP,5,0.7393701813792547,0.21072418987751007
MRD_BLOCK,MLP,6,0.7279122119282717,0.211653470993042
MRD_BLOCK,MLP,7,0.7174454971547044,0.21135936677455902
MRD_BLOCK,MLP,8,0.705957195801158,0.2130652517080307
MRD_BLOCK,MLP,9,0.6949340873948595,0.2128547728061676
MRD_BLOCK,MLP,10,0.6849327121802361,0.2150605171918869
MRD_BLOCK,MLP,11,0.675287300590111,0.2166595458984375
MRD_BLOCK,MLP,12,0.6660423278000046,0.22117987275123596
MRD_BLOCK,MLP,13,0.6563758945506251,0.22389180958271027
MRD_BLOCK,MLP,14,0.6489797580887525,0.21894516050815582
MRD_BLOCK,MLP,15,0.6407771654319552,0.22515955567359924
MRD_BLOCK,MLP,16,0.632710955758647,0.2259952574968338
MRD_BLOCK,MLP,17,0.6249052883297084,0.22591707110404968
MRD_BLOCK,MLP,18,0.618013323529432,0.22624067962169647
MRD_BLOCK,MLP,19,0.6109246963974815,0.22991353273391724
MRD_BLOCK,MLP,20,0.6040103881687517,0.22929637134075165
MRD_BLOCK,MLP,21,0.5978267934278548,0.22971932590007782
MRD_BLOCK,MLP,22,0.591760696340451,0.23474641144275665
MRD_BLOCK,MLP,23,0.5857601067716736,0.23385095596313477
MRD_BLOCK,MLP,24,0.5800962489576548,0.2345927357673645
MRD_BLOCK,MLP,25,0.5748993888532267,0.23539161682128906
MRD_BLOCK,MLP,26,0.5685194630241523,0.24106572568416595
MRD_BLOCK,MLP,27,0.5633756675516167,0.2361999899148941
MRD_BLOCK,MLP,28,0.558479274387997,0.24135522544384003
MRD_BLOCK,Linear-AR,0,1.0076457703212052,0.2502644956111908
MRD_BLOCK,Linear-AR,1,0.8739117239888462,0.22915565967559814
MRD_BLOCK,Linear-AR,2,0.8187310908369666,0.22085218131542206
MRD_BLOCK,Linear-AR,3,0.7900031886922253,0.2175694853067398
MRD_BLOCK,Linear-AR,4,0.7734546752816315,0.21569766104221344
MRD_BLOCK,Linear-AR,5,0.7639160146914953,0.2146688997745514
MRD_BLOCK,Linear-AR,6,0.757510332426729,0.2147795557975769
MRD_BLOCK,Linear-AR,7,0.7537729913760002,0.2148922234773636
MRD_BLOCK,Linear-AR,8,0.7509326740028033,0.21532423794269562
MRD_BLOCK,Linear-AR,9,0.7490989309576528,0.21603892743587494
MRD_BLOCK,Linear-AR,10,0.7476855396548187,0.21621857583522797
MRD_BLOCK,Linear-AR,11,0.7470718324662196,0.21647058427333832
MRD_BLOCK,Linear-AR,12,0.7463048020719321,0.2165694385766983
MRD_BLOCK,Linear-AR,13,0.7454352969305335,0.21685117483139038
MRD_BLOCK,Linear-AR,14,0.7457256053625722,0.21699295938014984
MRD_BLOCK,Linear-AR,15,0.7451079180479079,0.21691067516803741
MRD_BLOCK,Linear-AR,16,0.7448688156141101,0.21702151000499725
MRD_BLOCK,Linear-AR,17,0.7447757562398469,0.2180670201778412
MRD_BLOCK,Linear-AR,18,0.7446760055845065,0.21724314987659454
MRD_BLOCK,Linear-AR,19,0.7445936612715952,0.21780027449131012
MRD_BLOCK,Linear-AR,20,0.7446940734510226,0.21704557538032532
MRD_BLOCK,Linear-AR,21,0.7447346550775289,0.21741816401481628
MRD_BLOCK,Linear-AR,22,0.7445240463762428,0.21814139187335968
MRD_BLOCK,Linear-AR,23,0.7442808188585307,0.21784324944019318
MRD_BLOCK,Linear-AR,24,0.7442274558028159,0.2176934778690338
MRD_BLOCK,Linear-AR,25,0.7444572478573218,0.2177538126707077
MRD_BLOCK,Linear-AR,26,0.7441998915396514,0.2185760736465454
MRD_BLOCK,Linear-AR,27,0.7445018648557326,0.2178281843662262
MRD_BLOCK,Linear-AR,28,0.7443903538489521,0.21745526790618896
MRD_BLOCK,Linear-AR,29,0.7442160934110593,0.21757559478282928
MRD_BLOCK,Linear-AR,30,0.7443978292372536,0.2180592119693756
NBX,MLP,0,0.8754884528790855,1.73502779006958
NBX,MLP,1,0.798878842794061,1.7100683450698853
NBX,MLP,2,0.7573252953336685,1.71705961227417
NBX,MLP,3,0.7331382906867473,1.7195152044296265
NBX,MLP,4,0.7174921252119353,1.7396029233932495
NBX,MLP,5,0.7047798200331746,1.7477755546569824
NBX,MLP,6,0.6954396885889109,1.7527246475219727
NBX,MLP,7,0.6853906619091336,1.761391282081604
NBX,MLP,8,0.6777969080223187,1.7897006273269653
NBX,MLP,9,0.6693641685739866,1.7824889421463013
NBX,MLP,10,0.6617946794420548,1.8006967306137085
NBX,MLP,11,0.6547708113360351,1.824759840965271
NBX,MLP,12,0.6483893235703893,1.8354605436325073
NBX,MLP,13,0.64218228516541,1.842090368270874
NBX,MLP,14,0.6353992718740726,1.8601881265640259
NBX,MLP,15,0.6297575601336649,1.8733646869659424
NBX,MLP,16,0.6241701000700147,1.8852723836898804
NBX,MLP,17,0.6188532630961313,1.899131417274475
NBX,MLP,18,0.61391326256315,1.9189029932022095
NBX,MLP,19,0.6093202232776324,1.9290294647216797
NBX,MLP,20,0.6041131453508717,1.9502344131469727
NBX,MLP,21,0.5998159122251765,1.9591641426086426
NBX,MLP,22,0.5957880133699887,1.9897558689117432
NBX,MLP,23,0.5913061714737464,1.993274450302124
NBX,MLP,24,0.5872441728954659,2.0153956413269043
NBX,MLP,25,0.5837990212924863,2.0278377532958984
NBX,MLP,26,0.5806774586102763,2.0501785278320312
NBX,Linear-AR,0,1.0208050266614617,2.2122156620025635
NBX,Linear-AR,1,0.8401010185547392,1.9787929058074951
NBX,Linear-AR,2,0.77866488704563,1.889304280281067
NBX,Linear-AR,3,0.7487762535802398,1.851502537727356
NBX,Linear-AR,4,0.7330800875045914,1.8441070318222046
NBX,Linear-AR,5,0.7237426472571311,1.8454898595809937
NBX,Linear-AR,6,0.719274982507288,1.8491365909576416
NBX,Linear-AR,7,0.7162438954510484,1.85555899143219
NBX,Linear-AR,8,0.7143576419380394,1.8643041849136353
NBX,Linear-AR,9,0.713071257750552,1.872128963470459
NBX,Linear-AR,10,0.7120297417011002,1.8798027038574219
NBX,Linear-AR,11,0.711605917707792,1.8843934535980225
NBX,Linear-AR,12,0.7118541550690111,1.891743540763855
NBX,Linear-AR,13,0.7115563365191423,1.8957260847091675
NBX,Linear-AR,14,0.7108267129140299,1.8992371559143066
NBX,Linear-AR,15,0.7111955174474092,1.9010801315307617
NBX,Linear-AR,16,0.7109611275233749,1.9050688743591309
NBX,Linear-AR,17,0.7111760479871091,1.9075123071670532
NBX,Linear-AR,18,0.7112010179739235,1.91055428981781
NBX,Linear-AR,19,0.711418591449815,1.9139950275421143
NBX,Linear-AR,20,0.7111365118360412,1.9075868129730225
NBX,Linear-AR,21,0.7109880126087714,1.9130526781082153
NBX,Linear-AR,22,0.711234570585578,1.9111583232879639
NBX,Linear-AR,23,0.7111587366320479,1.9158964157104492
NBX,Linear-AR,24,0.7108971585942175,1.9112235307693481
NBX,Linear-AR,25,0.7108375980407335,1.9157313108444214
NBX,Linear-AR,26,0.7113694539726723,1.9146002531051636
NBX,Linear-AR,27,0.7109026573447018,1.9122310876846313
NBX,Linear-AR,28,0.7109088311346067,1.915336012840271
NBX,Linear-AR,29,0.7110496480362679,1.9150722026824951
NEW_BLOCK,MLP,0,0.7319351925330908,0.5185512900352478
NEW_BLOCK,MLP,1,0.6271861941636014,0.42471233010292053
NEW_BLOCK,MLP,2,0.5975944610680042,0.3954504728317261
NEW_BLOCK,MLP,3,0.5822758224545693,0.3857574760913849
NEW_BLOCK,MLP,4,0.572312580890396,0.3759089708328247
NEW_BLOCK,MLP,5,0.5654356297181578,0.3692750632762909
NEW_BLOCK,MLP,6,0.5599208830976162,0.3687957227230072
NEW_BLOCK,MLP,7,0.555243459485826,0.36891281604766846
NEW_BLOCK,MLP,8,0.5512545905551132,0.37101423740386963
NEW_BLOCK,MLP,9,0.5480310442496319,0.3678355813026428
NEW_BLOCK,MLP,10,0.5450826287269592,0.36860692501068115
NEW_BLOCK,MLP,11,0.5422102298055377,0.3711886405944824
NEW_BLOCK,MLP,12,0.5395119863302529,0.3684026002883911
NEW_BLOCK,MLP,13,0.5375731972610058,0.3689541220664978
NEW_BLOCK,MLP,14,0.5353685593118473,0.3679474890232086
NEW_BLOCK,MLP,15,0.53358788048329,0.3703865706920624
NEW_BLOCK,MLP,16,0.5314322724228814,0.37096458673477173
NEW_BLOCK,MLP,17,0.5294333292918951,0.370540976524353
NEW_BLOCK,MLP,18,0.5279896612070045,0.37291762232780457
NEW_BLOCK,MLP,19,0.5265047331245578,0.37427401542663574
NEW_BLOCK,MLP,20,0.5248422166522668,0.3731721043586731
NEW_BLOCK,MLP,21,0.5232387882511632,0.3739481270313263
NEW_BLOCK,MLP,22,0.5218106102781231,0.3738512098789215
NEW_BLOCK,MLP,23,0.5207153327611028,0.3769843876361847
NEW_BLOCK,MLP,24,0.5193202917267676,0.3774503171443939
NEW_BLOCK,MLP,25,0.5181557511796757,0.38023921847343445
NEW_BLOCK,MLP,26,0.5173049528582566,0.37709173560142517
NEW_BLOCK,MLP,27,0.5161184482023019,0.37852585315704346
NEW_BLOCK,MLP,28,0.5147056607973008,0.37790724635124207
NEW_BLOCK,MLP,29,0.5141210460743937,0.37853676080703735
NEW_BLOCK,MLP,30,0.5128870172565486,0.3791275918483734
NEW_BLOCK,MLP,31,0.5119851442421375,0.3821175992488861
NEW_BLOCK,MLP,32,0.5107809576858469,0.3827856779098511
NEW_BLOCK,MLP,33,0.5099375594635399,0.38271409273147583
NEW_BLOCK,MLP,34,0.5085334076362402,0.38259249925613403
NEW_BLOCK,Linear-AR,0,0.8188251358311193,0.4520202577114105
NEW_BLOCK,Linear-AR,1,0.6499628911212999,0.39211735129356384
NEW_BLOCK,Linear-AR,2,0.606448604541571,0.3759329915046692
NEW_BLOCK,Linear-AR,3,0.5890957482007085,0.37131717801094055
NEW_BLOCK,Linear-AR,4,0.5816828876125569,0.36934080719947815
NEW_BLOCK,Linear-AR,5,0.5785033577153472,0.36790868639945984
NEW_BLOCK,Linear-AR,6,0.5768278419565992,0.3691383898258209
NEW_BLOCK,Linear-AR,7,0.5760883832869886,0.3692726492881775
NEW_BLOCK,Linear-AR,8,0.5757628545469168,0.3698700964450836
NEW_BLOCK,Linear-AR,9,0.5756659617229384,0.37030312418937683
NEW_BLOCK,Linear-AR,10,0.575696700689744,0.36999836564064026
NEW_BLOCK,Linear-AR,11,0.575582434328235,0.37031063437461853
NEW_BLOCK,Linear-AR,12,0.5755167052048404,0.37157484889030457
NEW_BLOCK,Linear-AR,13,0.5755760308836593,0.3709770739078522
NEW_BLOCK,Linear-AR,14,0.5756572383601649,0.3712957203388214
NEW_BLOCK,Linear-AR,15,0.5756379341592595,0.3713451325893402
NEW_BLOCK,Linear-AR,16,0.5756210161715137,0.3703511655330658
NEW_BLOCK,Linear-AR,17,0.57569900053699,0.37131235003471375
NEW_BLOCK,Linear-AR,18,0.5758194165164922,0.371548056602478
NEW_BLOCK,Linear-AR,19,0.5759312830814699,0.3711960017681122
NEW_BLOCK,Linear-AR,20,0.5755295566961068,0.3717983365058899
NEW_BLOCK,Linear-AR,21,0.5756751899005604,0.37142208218574524
NEW_BLOCK,Linear-AR,22,0.5757097299812602,0.3717050552368164
NEW_BLOCK,Linear-AR,23,0.5756455692304235,0.37101349234580994
NEW_BLOCK,Linear-AR,24,0.5757357794411329,0.3718375861644745
NEW_BLOCK,Linear-AR,25,0.5757049731656808,0.3726705312728882
NEW_BLOCK,Linear-AR,26,0.5757249038235671,0.3715757727622986
NEW_BLOCK,Linear-AR,27,0.5756314064369721,0.3717155158519745
NEW_BLOCK,Linear-AR,28,0.5756611361795542,0.37199094891548157
NEW_BLOCK,Linear-AR,29,0.5757447696056496,0.3709905445575714
NEW_BLOCK,Linear-AR,30,0.5758614333308473,0.3721022605895996
NEW_BLOCK_RO,MLP,0,1.0609140357284477,0.004793428350239992
NEW_BLOCK_RO,MLP,1,1.0134586673249644,0.003486099187284708
NEW_BLOCK_RO,MLP,2,0.9781380648587746,0.0023160185664892197
NEW_BLOCK_RO,MLP,3,0.9507458435669147,0.0023080972023308277
NEW_BLOCK_RO,MLP,4,0.9314772606794797,0.0027768115978688
NEW_BLOCK_RO,MLP,5,0.9115619509723333,0.0018897916888818145
NEW_BLOCK_RO,MLP,6,0.8986394759019216,0.0022120103240013123
NEW_BLOCK_RO,MLP,7,0.8800931046816407,0.0019257103558629751
NEW_BLOCK_RO,MLP,8,0.8704722869963873,0.0021316756028681993
NEW_BLOCK_RO,MLP,9,0.8581978377752085,0.002264811424538493
NEW_BLOCK_RO,MLP,10,0.8464582845807155,0.002542806789278984
NEW_BLOCK_RO,MLP,11,0.8409242887850161,0.002641575876623392
NEW_BLOCK_RO,MLP,12,0.834530610918368,0.0027153203263878822
NEW_BLOCK_RO,MLP,13,0.8305933802405362,0.0023211438674479723
NEW_BLOCK_RO,MLP,14,0.8220757973951006,0.0022254441864788532
NEW_BLOCK_RO,MLP,15,0.814819777756141,0.002165008569136262
NEW_BLOCK_RO,MLP,16,0.8135738866354423,0.0021349224261939526
NEW_BLOCK_RO,MLP,17,0.8171100382010142,0.002477943664416671
NEW_BLOCK_RO,MLP,18,0.8056161615709779,0.0026020819786936045
NEW_BLOCK_RO,MLP,19,0.7962978856588797,0.0027102911844849586
NEW_BLOCK_RO,MLP,20,0.7970470309273275,0.002661862876266241
NEW_BLOCK_RO,MLP,21,0.7942206708211748,0.002559246961027384
NEW_BLOCK_RO,MLP,22,0.7891645630705294,0.0023603590670973063
NEW_BLOCK_RO,MLP,23,0.7863940526117329,0.0027129678055644035
NEW_BLOCK_RO,MLP,24,0.7843748733038625,0.003489001654088497
NEW_BLOCK_RO,MLP,25,0.7800992091910707,0.002846046583727002
NEW_BLOCK_RO,MLP,26,0.7782654147299509,0.0027104378677904606
NEW_BLOCK_RO,MLP,27,0.7754342326008414,0.0029599578119814396
NEW_BLOCK_RO,MLP,28,0.771858980567367,0.0028162451926618814
NEW_BLOCK_RO,MLP,29,0.7712430078360848,0.003108368720859289
NEW_BLOCK_RO,MLP,30,0.7694637080585515,0.0026802923530340195
NEW_BLOCK_RO,Linear-AR,0,1.3411116423997929,0.0041479067876935005
NEW_BLOCK_RO,Linear-AR,1,1.1755737198975982,0.0032850843854248524
NEW_BLOCK_RO,Linear-AR,2,1.0877018370199456,0.0031929430551826954
NEW_BLOCK_RO,Linear-AR,3,1.0308262858188972,0.002828748896718025
NEW_BLOCK_RO,Linear-AR,4,0.9950477341463957,0.0027685172390192747
NEW_BLOCK_RO,Linear-AR,5,0.9694316322092341,0.002713233232498169
NEW_BLOCK_RO,Linear-AR,6,0.951127910260801,0.0026361937634646893
NEW_BLOCK_RO,Linear-AR,7,0.938358447084982,0.0027116204146295786
NEW_BLOCK_RO,Linear-AR,8,0.9300465672104447,0.002556402701884508
NEW_BLOCK_RO,Linear-AR,9,0.9220071402680937,0.002624714747071266
NEW_BLOCK_RO,Linear-AR,10,0.9164985760936031,0.0026529021561145782
NEW_BLOCK_RO,Linear-AR,11,0.9128553535950877,0.0025730698835104704
NEW_BLOCK_RO,Linear-AR,12,0.9092817911710689,0.0025653387419879436
NEW_BLOCK_RO,Linear-AR,13,0.9075645999807529,0.0025055971927940845
NEW_BLOCK_RO,Linear-AR,14,0.9050261575598565,0.002550376346334815
NEW_BLOCK_RO,Linear-AR,15,0.9033841031947464,0.0025576213374733925
NEW_BLOCK_RO,Linear-AR,16,0.9022771507343917,0.0026319760363548994
NEW_BLOCK_RO,Linear-AR,17,0.9002338428472085,0.0025030183605849743
NEW_BLOCK_RO,Linear-AR,18,0.8994393816952982,0.0025890155229717493
NEW_BLOCK_RO,Linear-AR,19,0.8994516237513729,0.002408398548141122
NEW_BLOCK_RO,Linear-AR,20,0.8983525774434761,0.0026321695186197758
NEW_BLOCK_RO,Linear-AR,21,0.8976967889102048,0.0026182089932262897
NEW_BLOCK_RO,Linear-AR,22,0.8971262015110602,0.0026320600882172585
NEW_BLOCK_RO,Linear-AR,23,0.8969765611588166,0.0025669506285339594
NEW_BLOCK_RO,Linear-AR,24,0.8971738819028965,0.002654292620718479
NEW_BLOCK_RO,Linear-AR,25,0.8962670905533291,0.002575822174549103
NEW_BLOCK_RO,Linear-AR,26,0.8953517460255396,0.002678208751603961
NEW_BLOCK_RO,Linear-AR,27,0.8966633920548928,0.002697171876206994
NEW_BLOCK_RO,Linear-AR,28,0.8964877788982694,0.002456746995449066
NEW_BLOCK_RO,Linear-AR,29,0.8962378878410531,0.0026344466023147106
NEW_BLOCK_RO,Linear-AR,30,0.8956824815273285,0.0026105637662112713
NEW_BLOCK_RO,Linear-AR,31,0.8961331578978786,0.0026493046898394823
NEW_BLOCK_RO,Linear-AR,32,0.8959267042348624,0.0025510175619274378
NEW_BLOCK_RO,Linear-AR,33,0.8959470866503263,0.002633806085214019
NEW_BLOCK_RO,Linear-AR,34,0.8960830671825106,0.002457163529470563
NEW_BLOCK_RO,Linear-AR,35,0.8954077791190022,0.0026053767651319504
NEW_BLOCK_RO,Linear-AR,36,0.8957637650752194,0.0025680249091237783
NEW_BLOCK_RO,Linear-AR,37,0.8953421115496802,0.002587901894003153
NEW_BLOCK_RO,Linear-AR,38,0.8957759184054241,0.0027563641779124737
NEW_BLOCK_RO,Linear-AR,39,0.896104728841277,0.0026130015030503273
NEW_BLOCK_RO,Linear-AR,40,0.8959189168107573,0.0026316021103411913
NEW_BLOCK_RO,Linear-AR,41,0.8958145731971378,0.0025432787369936705
NEW_BLOCK_RO,Linear-AR,42,0.8950057019443108,0.0025067636743187904
NEW_BLOCK_RO,Linear-AR,43,0.8958298192484669,0.0025176755152642727
NEW_BLOCK_RO,Linear-AR,44,0.8968476558425439,0.002534310333430767
TECH_PARK,MLP,0,0.3339426614421289,0.16184782981872559
TECH_PARK,MLP,1,0.2891158939921414,0.14031624794006348
TECH_PARK,MLP,2,0.27935258964677606,0.1359168440103531
TECH_PARK,MLP,3,0.27357445037740685,0.13402585685253143
TECH_PARK,MLP,4,0.2692328858782473,0.1313212811946869
TECH_PARK,MLP,5,0.26585774951289687,0.13137973845005035
TECH_PARK,MLP,6,0.2628303823621492,0.13076619803905487
TECH_PARK,MLP,7,0.2601566505065035,0.13063794374465942
TECH_PARK,MLP,8,0.2577059737726447,0.12998861074447632
TECH_PARK,MLP,9,0.25483953148899957,0.13234934210777283
TECH_PARK,MLP,10,0.2525979105106427,0.13257698714733124
TECH_PARK,MLP,11,0.2503757002737623,0.13135474920272827
TECH_PARK,MLP,12,0.2481466563459374,0.13154299557209015
TECH_PARK,MLP,13,0.24601228993047067,0.13305149972438812
TECH_PARK,MLP,14,0.24412549304755046,0.13320817053318024
TECH_PARK,MLP,15,0.2427223482632746,0.1333586871623993
TECH_PARK,MLP,16,0.24088122184789848,0.13687433302402496
TECH_PARK,MLP,17,0.23860765343546694,0.13699842989444733
TECH_PARK,MLP,18,0.23678416032470645,0.13931232690811157
TECH_PARK,MLP,19,0.2352860212833874,0.1382816731929779
TECH_PARK,MLP,20,0.2338524529962872,0.1427123248577118
TECH_PARK,MLP,21,0.2319740922035599,0.1413574069738388
TECH_PARK,MLP,22,0.23012103539145673,0.1425292193889618
TECH_PARK,MLP,23,0.22890249401520138,0.14370574057102203
TECH_PARK,MLP,24,0.2277549592343905,0.14577174186706543
TECH_PARK,MLP,25,0.22624603448897643,0.14439257979393005
TECH_PARK,MLP,26,0.22448758781786046,0.14577706158161163
TECH_PARK,MLP,27,0.22287834927013184,0.1456136703491211
TECH_PARK,MLP,28,0.2216876384286974,0.14603333175182343
TECH_PARK,MLP,29,0.22045950231938202,0.1504916399717331
TECH_PARK,MLP,30,0.21898403591011187,0.1473798304796219
TECH_PARK,MLP,31,0.21808925024756,0.14972136914730072
TECH_PARK,MLP,32,0.21663483208942977,0.15064027905464172
TECH_PARK,MLP,33,0.21540196622476132,0.15120750665664673
TECH_PARK,Linear-AR,0,0.3791998038413809,0.179827019572258
TECH_PARK,Linear-AR,1,0.3192530465074259,0.1614292562007904
TECH_PARK,Linear-AR,2,0.3029522563436937,0.15411172807216644
TECH_PARK,Linear-AR,3,0.29503914527325364,0.1512753963470459
TECH_PARK,Linear-AR,4,0.2908845256940601,0.1492609977722168
TECH_PARK,Linear-AR,5,0.28867017335775685,0.14916247129440308
TECH_PARK,Linear-AR,6,0.2872718183168365,0.14788731932640076
TECH_PARK,Linear-AR,7,0.28674565222118886,0.14868484437465668
TECH_PARK,Linear-AR,8,0.2862692977168908,0.14873917400836945
TECH_PARK,Linear-AR,9,0.2859745599791658,0.14912711083889008
TECH_PARK,Linear-AR,10,0.28575548245010934,0.14820712804794312
TECH_PARK,Linear-AR,11,0.285640760031465,0.1485753059387207
TECH_PARK,Linear-AR,12,0.2855386444689941,0.14881445467472076
TECH_PARK,Linear-AR,13,0.28557083782533427,0.14824560284614563
TECH_PARK,Linear-AR,14,0.2855456577870559,0.14939096570014954
TECH_PARK,Linear-AR,15,0.2856319461066389,0.14850576221942902
TECH_PARK,Linear-AR,16,0.285771947108049,0.14932133257389069
TECH_PARK,Linear-AR,17,0.2856577926594691,0.14862483739852905
TECH_PARK,Linear-AR,18,0.2853034742227149,0.14873017370700836
TECH_PARK,Linear-AR,19,0.2854578871662068,0.1484651416540146
TECH_PARK,Linear-AR,20,0.28528821509012414,0.1488243043422699
TECH_PARK,Linear-AR,21,0.2852469374746107,0.14920073747634888
TECH_PARK,Linear-AR,22,0.2854857510332276,0.14918585121631622
TECH_PARK,Linear-AR,23,0.2853115390434816,0.14925283193588257
TECH_PARK,Linear-AR,24,0.2853326083245263,0.14946243166923523
TECH_PARK,Linear-AR,25,0.28530758204917117,0.14906978607177734
TECH_PARK,Linear-AR,26,0.2853307528320672,0.1491856724023819
TECH_PARK,Linear-AR,27,0.2854265524654243,0.14913199841976166
TECH_PARK,Linear-AR,28,0.2852557719231767,0.14913900196552277
TECH_PARK,Linear-AR,29,0.28549847729700767,0.14910298585891724
TECH_PARK,Linear-AR,30,0.28538801995779095,0.14988739788532257
TECH_PARK,Linear-AR,31,0.2853456252032684,0.14971232414245605
