model,horizon,tank,n,mae,mase,mean_actual,trust,horizon_label
Chronos2-COV-LEAN,6,BE_BLOCK_OHT,142,0.6430201609873436,0.6779545169102105,1.7737323943661971,healthy,6 h
Chronos2-COV-LEAN,6,BE_BLOCK_RO,142,0.005991355188085999,0.4540649585721771,0.009788732394366197,dead,6 h
Chronos2-COV-LEAN,6,CRICKET_GROUND_OHT,142,0.01375447427853942,0.24363032526399955,0.013380281690140846,degraded,6 h
Chronos2-COV-LEAN,6,F_BLOCK,142,0.27932097898402686,0.47898583868484584,0.687112676056338,healthy,6 h
Chronos2-COV-LEAN,6,GJBC_BLOCK_1_A1_BOYS,142,0.060959065978375956,0.4589130062270829,0.15492957746478872,degraded,6 h
Chronos2-COV-LEAN,6,GJBC_BLOCK_1_A2_GIRLS,142,0.05210020966093305,0.3826764126439211,0.15971830985915492,healthy,6 h
Chronos2-COV-LEAN,6,GJBC_BLOCK_1_A3,142,0.08905272128086694,0.5285405016999529,0.18105633802816903,healthy,6 h
Chronos2-COV-LEAN,6,GJBC_BLOCK_1_A4_RO,142,0.006104093278745111,0.10236059890936539,0.006056338028169014,degraded,6 h
Chronos2-COV-LEAN,6,GJBC_BLOCK_2_A1,142,0.11818392912686711,0.5673648743974689,0.42133802816901406,healthy,6 h
Chronos2-COV-LEAN,6,GJBC_LAW_BLOCK_3_A4_BOYS,142,0.5641022245648881,0.6815414667538701,1.1424647887323942,healthy,6 h
Chronos2-COV-LEAN,6,GJBC_LAW_BLOCK_3__A1,139,0.269762855202174,1.1034906746135507,0.5150359712230216,healthy,6 h
Chronos2-COV-LEAN,6,GJBC_LAW_BLOCK_3__A2,142,0.1894971170727636,0.4445525171116516,0.3630985915492958,healthy,6 h
Chronos2-COV-LEAN,6,GJBC_LAW_BLOCK_3__A3_GIRLS,142,0.1418049486841954,0.5561457156154168,0.3047887323943662,healthy,6 h
Chronos2-COV-LEAN,6,G_BLOCK,142,0.34218593686399323,0.6775721070024041,0.9742957746478873,healthy,6 h
Chronos2-COV-LEAN,6,I&H_BLOCK,142,0.42999382994124585,1.1328199773569523,0.43302816901408453,degraded,6 h
Chronos2-COV-LEAN,6,INFORMATION_CENTRE,142,0.01439847617449475,1.6645295565144018,0.014084507042253521,dead,6 h
Chronos2-COV-LEAN,6,IT_BLOCK,142,0.06521693394532506,1.112249313445622,0.09190140845070423,degraded,6 h
Chronos2-COV-LEAN,6,ME_WORKSHOP_BLOCK,142,0.025666637726023164,0.15497879344160523,0.03492957746478873,degraded,6 h
Chronos2-COV-LEAN,6,MM_BLOCK,142,0.26055105283226765,0.5891564305819723,1.0646478873239438,healthy,6 h
Chronos2-COV-LEAN,6,MRD_BLOCK,142,0.6349874687194824,0.5272653990001166,1.3928873239436619,healthy,6 h
Chronos2-COV-LEAN,6,NBX,142,0.3457479871410719,0.8150185472531251,0.7847887323943662,healthy,6 h
Chronos2-COV-LEAN,6,NEW_BLOCK,142,0.03336616044942762,0.482804755959049,0.17204225352112676,healthy,6 h
Chronos2-COV-LEAN,6,NEW_BLOCK_RO,142,0.0004218068011400198,0.2089625915289671,0.00028169014084507044,dead,6 h
Chronos2-COV-LEAN,6,TECH_PARK,142,0.14338438319068558,0.4184352841641236,0.39492957746478874,healthy,6 h
Chronos2-COV-LEAN,12,BE_BLOCK_OHT,286,0.671793472841903,0.7084572462235205,1.8353846153846152,healthy,12 h
Chronos2-COV-LEAN,12,BE_BLOCK_RO,286,0.007122436624567408,0.5402043612914267,0.010944055944055944,dead,12 h
Chronos2-COV-LEAN,12,CRICKET_GROUND_OHT,286,0.011231390062224615,0.19905879624515674,0.010769230769230769,degraded,12 h
Chronos2-COV-LEAN,12,F_BLOCK,286,0.33589131760013685,0.5763674041012887,0.6956993006993007,healthy,12 h
Chronos2-COV-LEAN,12,GJBC_BLOCK_1_A1_BOYS,286,0.07170051320762068,0.5398031429911777,0.1651048951048951,degraded,12 h
Chronos2-COV-LEAN,12,GJBC_BLOCK_1_A2_GIRLS,286,0.0691168474140284,0.5078664761928544,0.1715034965034965,healthy,12 h
Chronos2-COV-LEAN,12,GJBC_BLOCK_1_A3,286,0.09794202719430824,0.5812821189682462,0.1967132867132867,healthy,12 h
Chronos2-COV-LEAN,12,GJBC_BLOCK_1_A4_RO,286,0.004860044099920482,0.08154083228126546,0.004825174825174826,degraded,12 h
Chronos2-COV-LEAN,12,GJBC_BLOCK_2_A1,286,0.11342802744228524,0.5446880324452452,0.40248251748251745,healthy,12 h
Chronos2-COV-LEAN,12,GJBC_LAW_BLOCK_3_A4_BOYS,286,0.549596597406414,0.6638542809964169,1.1934965034965035,healthy,12 h
Chronos2-COV-LEAN,12,GJBC_LAW_BLOCK_3__A1,283,0.35161276689687804,1.431686275328392,0.6009540636042403,healthy,12 h
Chronos2-COV-LEAN,12,GJBC_LAW_BLOCK_3__A2,286,0.17215872998421008,0.4039590144910279,0.42363636363636364,healthy,12 h
Chronos2-COV-LEAN,12,GJBC_LAW_BLOCK_3__A3_GIRLS,286,0.1455964401781142,0.571279992922122,0.31055944055944057,healthy,12 h
Chronos2-COV-LEAN,12,G_BLOCK,286,0.375236125984392,0.7432716180815184,0.9605244755244755,healthy,12 h
Chronos2-COV-LEAN,12,I&H_BLOCK,286,0.30704846221458665,0.8118173819787768,0.3064685314685315,degraded,12 h
Chronos2-COV-LEAN,12,INFORMATION_CENTRE,286,0.016810808581645256,1.9188629794108816,0.01646853146853147,dead,12 h
Chronos2-COV-LEAN,12,IT_BLOCK,286,0.05887263177366523,1.0052436756374017,0.08947552447552448,degraded,12 h
Chronos2-COV-LEAN,12,ME_WORKSHOP_BLOCK,286,0.025420602193766538,0.15349989294743868,0.035419580419580425,degraded,12 h
Chronos2-COV-LEAN,12,MM_BLOCK,286,0.2398652060465379,0.542317367939103,1.126888111888112,healthy,12 h
Chronos2-COV-LEAN,12,MRD_BLOCK,286,0.6840879504080419,0.5683635133127481,1.3086013986013987,healthy,12 h
Chronos2-COV-LEAN,12,NBX,286,0.3369776092625998,0.7955149981634269,0.786923076923077,healthy,12 h
Chronos2-COV-LEAN,12,NEW_BLOCK,286,0.034280812923724834,0.4962187782225966,0.1729020979020979,healthy,12 h
Chronos2-COV-LEAN,12,NEW_BLOCK_RO,286,0.0005694267264945054,0.2838106280613684,0.00045454545454545455,dead,12 h
Chronos2-COV-LEAN,12,TECH_PARK,286,0.15760295489868084,0.4599311561460119,0.3816083916083916,healthy,12 h
Chronos2-COV-LEAN,24,BE_BLOCK_OHT,564,0.7117061311556092,0.7506753107652767,1.9401241134751774,healthy,1 d
Chronos2-COV-LEAN,24,BE_BLOCK_RO,564,0.007758001103065908,0.5874237356741868,0.01148936170212766,dead,1 d
Chronos2-COV-LEAN,24,CRICKET_GROUND_OHT,564,0.008877819136498457,0.15738706803508626,0.008421985815602837,degraded,1 d
Chronos2-COV-LEAN,24,F_BLOCK,564,0.3663639945447022,0.6284515655381634,0.7098226950354609,healthy,1 d
Chronos2-COV-LEAN,24,GJBC_BLOCK_1_A1_BOYS,564,0.077774394173043,0.585289917860506,0.15852836879432625,degraded,1 d
Chronos2-COV-LEAN,24,GJBC_BLOCK_1_A2_GIRLS,564,0.07370566698623464,0.5413253027154861,0.1647340425531915,healthy,1 d
Chronos2-COV-LEAN,24,GJBC_BLOCK_1_A3,564,0.09955027640499967,0.5905377536700026,0.1895390070921986,healthy,1 d
Chronos2-COV-LEAN,24,GJBC_BLOCK_1_A4_RO,564,0.004039080759224727,0.06773378059302762,0.00400709219858156,degraded,1 d
Chronos2-COV-LEAN,24,GJBC_BLOCK_2_A1,564,0.11804991804221844,0.5665826689068882,0.4049468085106383,healthy,1 d
Chronos2-COV-LEAN,24,GJBC_LAW_BLOCK_3_A4_BOYS,564,0.5786907097253393,0.6988399501960311,1.280709219858156,healthy,1 d
Chronos2-COV-LEAN,24,GJBC_LAW_BLOCK_3__A1,561,0.37348276467246805,1.513463409051387,0.6260071301247772,healthy,1 d
Chronos2-COV-LEAN,24,GJBC_LAW_BLOCK_3__A2,564,0.17562696870548505,0.41136578338084695,0.4324468085106383,healthy,1 d
Chronos2-COV-LEAN,24,GJBC_LAW_BLOCK_3__A3_GIRLS,564,0.14622983294175873,0.573383054800019,0.3408333333333333,healthy,1 d
Chronos2-COV-LEAN,24,G_BLOCK,564,0.34360177598523756,0.6809872781087516,1.0315248226950353,healthy,1 d
Chronos2-COV-LEAN,24,I&H_BLOCK,564,0.3154971211250369,0.8363409165154102,0.314113475177305,degraded,1 d
Chronos2-COV-LEAN,24,INFORMATION_CENTRE,564,0.01765535271052826,2.0585143595242124,0.01730496453900709,dead,1 d
Chronos2-COV-LEAN,24,IT_BLOCK,564,0.06384505637029701,1.0931856869200678,0.09443262411347518,degraded,1 d
Chronos2-COV-LEAN,24,ME_WORKSHOP_BLOCK,564,0.02655774377814844,0.16024511144434067,0.037429078014184394,degraded,1 d
Chronos2-COV-LEAN,24,MM_BLOCK,564,0.23735087212095868,0.5365822751097212,1.1443617021276595,healthy,1 d
Chronos2-COV-LEAN,24,MRD_BLOCK,564,0.736047615704807,0.611493353429428,1.388758865248227,healthy,1 d
Chronos2-COV-LEAN,24,NBX,561,0.349578699759621,0.8253926442423455,0.8031729055258466,healthy,1 d
Chronos2-COV-LEAN,24,NEW_BLOCK,564,0.035322030802250756,0.5109289422703744,0.1748936170212766,healthy,1 d
Chronos2-COV-LEAN,24,NEW_BLOCK_RO,564,0.0004901979971038845,0.24411820261286518,0.0003900709219858156,dead,1 d
Chronos2-COV-LEAN,24,TECH_PARK,564,0.17818219563639756,0.5196545682288498,0.40037234042553194,healthy,1 d
Chronos2-COV-LEAN,48,BE_BLOCK_OHT,1139,0.7302337854174379,0.7702560252389975,1.935873573309921,healthy,2 d
Chronos2-COV-LEAN,48,BE_BLOCK_RO,1139,0.007973126068112749,0.6037151949245015,0.01141352063213345,dead,2 d
Chronos2-COV-LEAN,48,CRICKET_GROUND_OHT,1139,0.009123406416398848,0.1618156220312429,0.008674275680421423,degraded,2 d
Chronos2-COV-LEAN,48,F_BLOCK,1139,0.37511293014692987,0.6434526575067294,0.716865671641791,healthy,2 d
Chronos2-COV-LEAN,48,GJBC_BLOCK_1_A1_BOYS,1139,0.07990821041094828,0.6012576766218161,0.1584899034240562,degraded,2 d
Chronos2-COV-LEAN,48,GJBC_BLOCK_1_A2_GIRLS,1139,0.07574496066052208,0.5562233523866565,0.16414398595259,healthy,2 d
Chronos2-COV-LEAN,48,GJBC_BLOCK_1_A3,1139,0.10156202077028309,0.6023674021729369,0.18919227392449517,healthy,2 d
Chronos2-COV-LEAN,48,GJBC_BLOCK_1_A4_RO,1139,0.004016453673271176,0.0673494429890174,0.00398595258999122,degraded,2 d
Chronos2-COV-LEAN,48,GJBC_BLOCK_2_A1,1138,0.11890729827757252,0.5707034116777634,0.40746924428822495,healthy,2 d
Chronos2-COV-LEAN,48,GJBC_LAW_BLOCK_3_A4_BOYS,1139,0.5849085571579602,0.7063349465509747,1.2830465320456539,healthy,2 d
Chronos2-COV-LEAN,48,GJBC_LAW_BLOCK_3__A1,1133,0.3851837669561526,1.5621912963442208,0.6342365401588703,healthy,2 d
Chronos2-COV-LEAN,48,GJBC_LAW_BLOCK_3__A2,1139,0.17778328481319183,0.4163160845320187,0.4311676909569798,healthy,2 d
Chronos2-COV-LEAN,48,GJBC_LAW_BLOCK_3__A3_GIRLS,1139,0.15204806727783213,0.5961310261358618,0.33749780509218613,healthy,2 d
Chronos2-COV-LEAN,48,G_BLOCK,1139,0.3485739806684305,0.690880403542578,1.0233450395083405,healthy,2 d
Chronos2-COV-LEAN,48,I&H_BLOCK,1139,0.31401679518141173,0.8321780009537809,0.31230904302019313,degraded,2 d
Chronos2-COV-LEAN,48,INFORMATION_CENTRE,1139,0.017713189286304946,2.064622464554454,0.017383669885864796,dead,2 d
Chronos2-COV-LEAN,48,IT_BLOCK,1139,0.0634406878103202,1.086697003740128,0.09395083406496928,degraded,2 d
Chronos2-COV-LEAN,48,ME_WORKSHOP_BLOCK,1139,0.0260119023857617,0.15699391672221008,0.036523266022827044,degraded,2 d
Chronos2-COV-LEAN,48,MM_BLOCK,1139,0.24250704109093094,0.5481973325243308,1.1396049165935032,healthy,2 d
Chronos2-COV-LEAN,48,MRD_BLOCK,1139,0.7919187023955756,0.6580003175926209,1.4137137840210712,healthy,2 d
Chronos2-COV-LEAN,48,NBX,1133,0.34011166530589776,0.8031899630357038,0.7871138570167696,healthy,2 d
Chronos2-COV-LEAN,48,NEW_BLOCK,1139,0.03554739041533567,0.5141689186220012,0.17575065847234417,healthy,2 d
Chronos2-COV-LEAN,48,NEW_BLOCK_RO,1139,0.0004661527297574425,0.23210348851762588,0.00038630377524143984,dead,2 d
Chronos2-COV-LEAN,48,TECH_PARK,1139,0.1796919295000758,0.5240709214751889,0.4035557506584723,healthy,2 d
Chronos2-COV-LEAN,72,BE_BLOCK_OHT,1715,0.725816036591377,0.765576078323196,1.9161574344023324,healthy,3 d
Chronos2-COV-LEAN,72,BE_BLOCK_RO,1715,0.007926274981718977,0.6001571551381054,0.011131195335276968,dead,3 d
Chronos2-COV-LEAN,72,CRICKET_GROUND_OHT,1715,0.009622964885574563,0.1708812712764261,0.00917201166180758,degraded,3 d
Chronos2-COV-LEAN,72,F_BLOCK,1715,0.37759989976465874,0.6476725832338301,0.720927113702624,healthy,3 d
Chronos2-COV-LEAN,72,GJBC_BLOCK_1_A1_BOYS,1715,0.08057243332066967,0.6062247608815121,0.158600583090379,degraded,3 d
Chronos2-COV-LEAN,72,GJBC_BLOCK_1_A2_GIRLS,1715,0.07669245823444501,0.5631654478905544,0.16416909620991255,healthy,3 d
Chronos2-COV-LEAN,72,GJBC_BLOCK_1_A3,1715,0.1027456934804819,0.6093543682006086,0.18946938775510205,healthy,3 d
Chronos2-COV-LEAN,72,GJBC_BLOCK_1_A4_RO,1715,0.0042779245635931745,0.071696484884044,0.004250728862973761,degraded,3 d
Chronos2-COV-LEAN,72,GJBC_BLOCK_2_A1,1713,0.11969562631215676,0.5744507162831217,0.405563339171045,healthy,3 d
Chronos2-COV-LEAN,72,GJBC_LAW_BLOCK_3_A4_BOYS,1715,0.5908910342805935,0.7135640331904104,1.2839475218658891,healthy,3 d
Chronos2-COV-LEAN,72,GJBC_LAW_BLOCK_3__A1,1706,0.3833808466697773,1.5549449779968845,0.6290328253223916,healthy,3 d
Chronos2-COV-LEAN,72,GJBC_LAW_BLOCK_3__A2,1715,0.18354891144499488,0.4297549610601673,0.427399416909621,healthy,3 d
Chronos2-COV-LEAN,72,GJBC_LAW_BLOCK_3__A3_GIRLS,1715,0.1552783329935185,0.6087392975910776,0.33490379008746357,healthy,3 d
Chronos2-COV-LEAN,72,G_BLOCK,1715,0.3565270885107468,0.7066124929826233,1.01667638483965,healthy,3 d
Chronos2-COV-LEAN,72,I&H_BLOCK,1715,0.30072932929547813,0.7973403294561445,0.29879883381924194,degraded,3 d
Chronos2-COV-LEAN,72,INFORMATION_CENTRE,1715,0.01758402167969864,2.04803979047933,0.017247813411078717,dead,3 d
Chronos2-COV-LEAN,72,IT_BLOCK,1715,0.06325504074378195,1.0837554750898626,0.09289795918367347,degraded,3 d
Chronos2-COV-LEAN,72,ME_WORKSHOP_BLOCK,1715,0.02575597420273995,0.15544166952183183,0.0361399416909621,degraded,3 d
Chronos2-COV-LEAN,72,MM_BLOCK,1715,0.24243266495601776,0.5480113422248977,1.136932944606414,healthy,3 d
Chronos2-COV-LEAN,72,MRD_BLOCK,1715,0.8130211809355733,0.675548298587893,1.4237551020408161,healthy,3 d
Chronos2-COV-LEAN,72,NBX,1706,0.3327911781838463,0.7859474735714687,0.7730070339976554,healthy,3 d
Chronos2-COV-LEAN,72,NEW_BLOCK,1715,0.035536361024956664,0.5139796430496361,0.17590087463556853,healthy,3 d
Chronos2-COV-LEAN,72,NEW_BLOCK_RO,1715,0.00043960109517336677,0.21881018494712665,0.00037900874635568517,dead,3 d
Chronos2-COV-LEAN,72,TECH_PARK,1715,0.18076294065147377,0.5271848360093382,0.40137609329446067,healthy,3 d
Chronos2-COV-LEAN,168,BE_BLOCK_OHT,4019,0.7210017113502893,0.7604796058696518,1.8786290121920877,healthy,7 d
Chronos2-COV-LEAN,168,BE_BLOCK_RO,4019,0.00809810601075651,0.6130209069754131,0.01094302065190346,dead,7 d
Chronos2-COV-LEAN,168,CRICKET_GROUND_OHT,4019,0.009085662982445817,0.16163321033679673,0.008621547648668822,degraded,7 d
Chronos2-COV-LEAN,168,F_BLOCK,4019,0.3577538625999421,0.6135700745199946,0.7129634237372481,healthy,7 d
Chronos2-COV-LEAN,168,GJBC_BLOCK_1_A1_BOYS,4019,0.0829731568316673,0.6242078847810305,0.15860413038069174,degraded,7 d
Chronos2-COV-LEAN,168,GJBC_BLOCK_1_A2_GIRLS,4019,0.08002324109240296,0.5875360068524921,0.16429957700920628,healthy,7 d
Chronos2-COV-LEAN,168,GJBC_BLOCK_1_A3,4019,0.10537587771526348,0.6248455742274458,0.18890768847972134,healthy,7 d
Chronos2-COV-LEAN,168,GJBC_BLOCK_1_A4_RO,4019,0.004184239914763716,0.07007231708087035,0.0041602388653894,degraded,7 d
Chronos2-COV-LEAN,168,GJBC_BLOCK_2_A1,4013,0.12133999664914778,0.5822887128052179,0.3998504859207575,healthy,7 d
Chronos2-COV-LEAN,168,GJBC_LAW_BLOCK_3_A4_BOYS,4019,0.6075556608663029,0.7337239958248215,1.2819656631002738,healthy,7 d
Chronos2-COV-LEAN,168,GJBC_LAW_BLOCK_3__A1,3995,0.41388451184378994,1.6791198346278362,0.6534518147684606,healthy,7 d
Chronos2-COV-LEAN,168,GJBC_LAW_BLOCK_3__A2,4019,0.19189066436819308,0.44897756103291775,0.41123413784523516,healthy,7 d
Chronos2-COV-LEAN,168,GJBC_LAW_BLOCK_3__A3_GIRLS,4019,0.1665943825271599,0.6528567126393143,0.323018163722319,healthy,7 d
Chronos2-COV-LEAN,168,G_BLOCK,4019,0.3663012364178221,0.7260464556016433,1.0174222443393879,healthy,7 d
Chronos2-COV-LEAN,168,I&H_BLOCK,4019,0.30694828527206275,0.8143803375903096,0.30510077133615326,degraded,7 d
Chronos2-COV-LEAN,168,INFORMATION_CENTRE,4019,0.0157165124467508,1.8232659432898297,0.015349589450111967,dead,7 d
Chronos2-COV-LEAN,168,IT_BLOCK,4019,0.061977932959568834,1.0627457521722081,0.09161731774073152,degraded,7 d
Chronos2-COV-LEAN,168,ME_WORKSHOP_BLOCK,4019,0.025245263960289404,0.15231878553506686,0.03508584224931575,degraded,7 d
Chronos2-COV-LEAN,168,MM_BLOCK,4019,0.24951397035097597,0.5640126010002029,1.1247001741726799,healthy,7 d
Chronos2-COV-LEAN,168,MRD_BLOCK,4019,0.8249103398760862,0.6852737953559562,1.4343468524508585,healthy,7 d
Chronos2-COV-LEAN,168,NBX,3998,0.30864465543393677,0.7286997405617429,0.7322611305652826,healthy,7 d
Chronos2-COV-LEAN,168,NEW_BLOCK,4019,0.03563672905657593,0.5154942118771317,0.17475491415775068,healthy,7 d
Chronos2-COV-LEAN,168,NEW_BLOCK_RO,4019,0.0004033351551500826,0.2008476145819206,0.0003732271709380443,dead,7 d
Chronos2-COV-LEAN,168,TECH_PARK,4019,0.17543949886811672,0.5116321361852308,0.3910400597163473,healthy,7 d
Chronos2-COV-XL,6,BE_BLOCK_OHT,142,0.6441651659280482,0.679162799485032,1.7737323943661971,healthy,6 h
Chronos2-COV-XL,6,BE_BLOCK_RO,142,0.006048882821915855,0.45839625806752266,0.009788732394366197,dead,6 h
Chronos2-COV-XL,6,CRICKET_GROUND_OHT,142,0.013675907945496517,0.24221472287986007,0.013380281690140846,degraded,6 h
Chronos2-COV-XL,6,F_BLOCK,142,0.2909310695067258,0.4989031188912119,0.687112676056338,healthy,6 h
Chronos2-COV-XL,6,GJBC_BLOCK_1_A1_BOYS,142,0.06123474285006523,0.4609918667396564,0.15492957746478872,degraded,6 h
Chronos2-COV-XL,6,GJBC_BLOCK_1_A2_GIRLS,142,0.05220306797976225,0.3834295186492484,0.15971830985915492,healthy,6 h
Chronos2-COV-XL,6,GJBC_BLOCK_1_A3,142,0.08623241602744855,0.5117953413580352,0.18105633802816903,healthy,6 h
Chronos2-COV-XL,6,GJBC_BLOCK_1_A4_RO,142,0.0060882495988150535,0.10209099593163737,0.006056338028169014,degraded,6 h
Chronos2-COV-XL,6,GJBC_BLOCK_2_A1,142,0.11477378090082758,0.5509929213726683,0.42133802816901406,healthy,6 h
Chronos2-COV-XL,6,GJBC_LAW_BLOCK_3_A4_BOYS,142,0.5694727990325068,0.6880121595863388,1.1424647887323942,healthy,6 h
Chronos2-COV-XL,6,GJBC_LAW_BLOCK_3__A1,139,0.26965739221881624,1.1030563459858242,0.5150359712230216,healthy,6 h
Chronos2-COV-XL,6,GJBC_LAW_BLOCK_3__A2,142,0.19054007493274314,0.44697001427651506,0.3630985915492958,healthy,6 h
Chronos2-COV-XL,6,GJBC_LAW_BLOCK_3__A3_GIRLS,142,0.14246653354083988,0.5587618049605055,0.3047887323943662,healthy,6 h
Chronos2-COV-XL,6,G_BLOCK,142,0.3418742034720703,0.6769912741048336,0.9742957746478873,healthy,6 h
Chronos2-COV-XL,6,I&H_BLOCK,142,0.42926443940317127,1.1308960864654132,0.43302816901408453,degraded,6 h
Chronos2-COV-XL,6,INFORMATION_CENTRE,142,0.01438240149438801,1.6629551867217907,0.014084507042253521,dead,6 h
Chronos2-COV-XL,6,IT_BLOCK,142,0.0638526988076702,1.0887967334424038,0.09190140845070423,degraded,6 h
Chronos2-COV-XL,6,ME_WORKSHOP_BLOCK,142,0.025575459637272525,0.1544086673600387,0.03492957746478873,degraded,6 h
Chronos2-COV-XL,6,MM_BLOCK,142,0.2577576828506631,0.5829028723379701,1.0646478873239438,healthy,6 h
Chronos2-COV-XL,6,MRD_BLOCK,142,0.6307027958480405,0.523728268219586,1.3928873239436619,healthy,6 h
Chronos2-COV-XL,6,NBX,142,0.3472264753764784,0.8184888273423415,0.7847887323943662,healthy,6 h
Chronos2-COV-XL,6,NEW_BLOCK,142,0.03367449246661764,0.4872514968327401,0.17204225352112676,healthy,6 h
Chronos2-COV-XL,6,NEW_BLOCK_RO,142,0.00035997395931651265,0.17813152992978362,0.00028169014084507044,dead,6 h
Chronos2-COV-XL,6,TECH_PARK,142,0.14233605362579854,0.415365618793572,0.39492957746478874,healthy,6 h
Chronos2-COV-XL,12,BE_BLOCK_OHT,286,0.6743266795898651,0.7111410419902704,1.8353846153846152,healthy,12 h
Chronos2-COV-XL,12,BE_BLOCK_RO,286,0.007086822213018899,0.5374883095916312,0.010944055944055944,dead,12 h
Chronos2-COV-XL,12,CRICKET_GROUND_OHT,286,0.011144965831450858,0.19749906436596057,0.010769230769230769,degraded,12 h
Chronos2-COV-XL,12,F_BLOCK,286,0.3383989944116219,0.5806839992157689,0.6956993006993007,healthy,12 h
Chronos2-COV-XL,12,GJBC_BLOCK_1_A1_BOYS,286,0.0720589783433434,0.5425108985259427,0.1651048951048951,degraded,12 h
Chronos2-COV-XL,12,GJBC_BLOCK_1_A2_GIRLS,286,0.0692850827816483,0.5091029020202615,0.1715034965034965,healthy,12 h
Chronos2-COV-XL,12,GJBC_BLOCK_1_A3,286,0.09655601398198754,0.573066018228513,0.1967132867132867,healthy,12 h
Chronos2-COV-XL,12,GJBC_BLOCK_1_A4_RO,286,0.004851348969012408,0.08139199121673336,0.004825174825174826,degraded,12 h
Chronos2-COV-XL,12,GJBC_BLOCK_2_A1,286,0.11146811834998897,0.5352672604793746,0.40248251748251745,healthy,12 h
Chronos2-COV-XL,12,GJBC_LAW_BLOCK_3_A4_BOYS,286,0.551937178565072,0.6666694840442058,1.1934965034965035,healthy,12 h
Chronos2-COV-XL,12,GJBC_LAW_BLOCK_3__A1,283,0.3497917708407021,1.4242148517114794,0.6009540636042403,healthy,12 h
Chronos2-COV-XL,12,GJBC_LAW_BLOCK_3__A2,286,0.17401729980548777,0.4082289394999362,0.42363636363636364,healthy,12 h
Chronos2-COV-XL,12,GJBC_LAW_BLOCK_3__A3_GIRLS,286,0.14607132005107987,0.5731432299886109,0.31055944055944057,healthy,12 h
Chronos2-COV-XL,12,G_BLOCK,286,0.37591287097730836,0.744667554230098,0.9605244755244755,healthy,12 h
Chronos2-COV-XL,12,I&H_BLOCK,286,0.30599475547358707,0.8090421510363515,0.3064685314685315,degraded,12 h
Chronos2-COV-XL,12,INFORMATION_CENTRE,286,0.016790318254094858,1.9166391353711807,0.01646853146853147,dead,12 h
Chronos2-COV-XL,12,IT_BLOCK,286,0.058251919099553066,0.9944626137161373,0.08947552447552448,degraded,12 h
Chronos2-COV-XL,12,ME_WORKSHOP_BLOCK,286,0.02537474242748914,0.15322622021318663,0.035419580419580425,degraded,12 h
Chronos2-COV-XL,12,MM_BLOCK,286,0.23675346759649424,0.5353114676052585,1.126888111888112,healthy,12 h
Chronos2-COV-XL,12,MRD_BLOCK,286,0.6861826418746602,0.5701087731725965,1.3086013986013987,healthy,12 h
Chronos2-COV-XL,12,NBX,286,0.3375271987164771,0.7968035113922954,0.786923076923077,healthy,12 h
Chronos2-COV-XL,12,NEW_BLOCK,286,0.03458459470134515,0.5006114954532208,0.1729020979020979,healthy,12 h
Chronos2-COV-XL,12,NEW_BLOCK_RO,286,0.0005178573501289829,0.2581035549652192,0.00045454545454545455,dead,12 h
Chronos2-COV-XL,12,TECH_PARK,286,0.1558131087534911,0.45470248197739843,0.3816083916083916,healthy,12 h
Chronos2-COV-XL,24,BE_BLOCK_OHT,564,0.7132452180115043,0.7523060136624594,1.9401241134751774,healthy,1 d
Chronos2-COV-XL,24,BE_BLOCK_RO,564,0.00783223675167624,0.5930019672433475,0.01148936170212766,dead,1 d
Chronos2-COV-XL,24,CRICKET_GROUND_OHT,564,0.008782792392233056,0.155681257850908,0.008421985815602837,degraded,1 d
Chronos2-COV-XL,24,F_BLOCK,564,0.36411269521036893,0.6246019140862644,0.7098226950354609,healthy,1 d
Chronos2-COV-XL,24,GJBC_BLOCK_1_A1_BOYS,564,0.07752087333523636,0.5833916051928555,0.15852836879432625,degraded,1 d
Chronos2-COV-XL,24,GJBC_BLOCK_1_A2_GIRLS,564,0.07401619006555976,0.5436104642235032,0.1647340425531915,healthy,1 d
Chronos2-COV-XL,24,GJBC_BLOCK_1_A3,564,0.09825621023298578,0.5828785150181599,0.1895390070921986,healthy,1 d
Chronos2-COV-XL,24,GJBC_BLOCK_1_A4_RO,564,0.004030817366231577,0.06759273769938817,0.00400709219858156,degraded,1 d
Chronos2-COV-XL,24,GJBC_BLOCK_2_A1,564,0.11824038073526205,0.5674834324340435,0.4049468085106383,healthy,1 d
Chronos2-COV-XL,24,GJBC_LAW_BLOCK_3_A4_BOYS,564,0.5843954079286426,0.7057280740394479,1.280709219858156,healthy,1 d
Chronos2-COV-XL,24,GJBC_LAW_BLOCK_3__A1,561,0.371828896318315,1.506759081618848,0.6260071301247772,healthy,1 d
Chronos2-COV-XL,24,GJBC_LAW_BLOCK_3__A2,564,0.1750035196965468,0.4098476523295437,0.4324468085106383,healthy,1 d
Chronos2-COV-XL,24,GJBC_LAW_BLOCK_3__A3_GIRLS,564,0.14837360788427348,0.5817676057422122,0.3408333333333333,healthy,1 d
Chronos2-COV-XL,24,G_BLOCK,564,0.3485379506552473,0.6907792011292637,1.0315248226950353,healthy,1 d
Chronos2-COV-XL,24,I&H_BLOCK,564,0.31437597121858424,0.8333860744540079,0.314113475177305,degraded,1 d
Chronos2-COV-XL,24,INFORMATION_CENTRE,564,0.01761829712160645,2.05431485414511,0.01730496453900709,dead,1 d
Chronos2-COV-XL,24,IT_BLOCK,564,0.06329048471604573,1.0836260561279019,0.09443262411347518,degraded,1 d
Chronos2-COV-XL,24,ME_WORKSHOP_BLOCK,564,0.026582892806341886,0.1603982900633922,0.037429078014184394,degraded,1 d
Chronos2-COV-XL,24,MM_BLOCK,564,0.23742966966003393,0.5367655169001166,1.1443617021276595,healthy,1 d
Chronos2-COV-XL,24,MRD_BLOCK,564,0.7341628942295169,0.6099429811246051,1.388758865248227,healthy,1 d
Chronos2-COV-XL,24,NBX,561,0.3514910843750585,0.8298938701983531,0.8031729055258466,healthy,1 d
Chronos2-COV-XL,24,NEW_BLOCK,564,0.03590435240919708,0.5193520766431289,0.1748936170212766,healthy,1 d
Chronos2-COV-XL,24,NEW_BLOCK_RO,564,0.0004355678779522208,0.2169016843862021,0.0003900709219858156,dead,1 d
Chronos2-COV-XL,24,TECH_PARK,564,0.1749718783552765,0.5102870743365588,0.40037234042553194,healthy,1 d
Chronos2-COV-XL,48,BE_BLOCK_OHT,1139,0.7296920766926733,0.7696843031232289,1.935873573309921,healthy,2 d
Chronos2-COV-XL,48,BE_BLOCK_RO,1139,0.007952447927117846,0.6021163787273083,0.01141352063213345,dead,2 d
Chronos2-COV-XL,48,CRICKET_GROUND_OHT,1139,0.009052971322465561,0.16055410594870242,0.008674275680421423,degraded,2 d
Chronos2-COV-XL,48,F_BLOCK,1139,0.3709749484794824,0.6363683865891571,0.716865671641791,healthy,2 d
Chronos2-COV-XL,48,GJBC_BLOCK_1_A1_BOYS,1139,0.0798917814306882,0.601147136266935,0.1584899034240562,degraded,2 d
Chronos2-COV-XL,48,GJBC_BLOCK_1_A2_GIRLS,1139,0.07625286691015074,0.5599609879636629,0.16414398595259,healthy,2 d
Chronos2-COV-XL,48,GJBC_BLOCK_1_A3,1139,0.10059613161986077,0.596662715218052,0.18919227392449517,healthy,2 d
Chronos2-COV-XL,48,GJBC_BLOCK_1_A4_RO,1139,0.004010107461948731,0.06724051221574305,0.00398595258999122,degraded,2 d
Chronos2-COV-XL,48,GJBC_BLOCK_2_A1,1138,0.11792023506702984,0.5659604680553372,0.40746924428822495,healthy,2 d
Chronos2-COV-XL,48,GJBC_LAW_BLOCK_3_A4_BOYS,1139,0.587991897664225,0.7100550916036138,1.2830465320456539,healthy,2 d
Chronos2-COV-XL,48,GJBC_LAW_BLOCK_3__A1,1133,0.38296187881337573,1.553236927995604,0.6342365401588703,healthy,2 d
Chronos2-COV-XL,48,GJBC_LAW_BLOCK_3__A2,1139,0.17784174794790722,0.41642417413690097,0.4311676909569798,healthy,2 d
Chronos2-COV-XL,48,GJBC_LAW_BLOCK_3__A3_GIRLS,1139,0.1535356056454728,0.6019549102598019,0.33749780509218613,healthy,2 d
Chronos2-COV-XL,48,G_BLOCK,1139,0.3512643400287293,0.6962185912869245,1.0233450395083405,healthy,2 d
Chronos2-COV-XL,48,I&H_BLOCK,1139,0.3131663701150164,0.8299372274188604,0.31230904302019313,degraded,2 d
Chronos2-COV-XL,48,INFORMATION_CENTRE,1139,0.017701699642286267,2.0633311089773243,0.017383669885864796,dead,2 d
Chronos2-COV-XL,48,IT_BLOCK,1139,0.06302870563103036,1.0796154460877059,0.09395083406496928,degraded,2 d
Chronos2-COV-XL,48,ME_WORKSHOP_BLOCK,1139,0.025969783029763504,0.15673616921270592,0.036523266022827044,degraded,2 d
Chronos2-COV-XL,48,MM_BLOCK,1139,0.24356657695519077,0.5505895952139632,1.1396049165935032,healthy,2 d
Chronos2-COV-XL,48,MRD_BLOCK,1139,0.7842680566220873,0.6516625652725309,1.4137137840210712,healthy,2 d
Chronos2-COV-XL,48,NBX,1133,0.3417543868300984,0.8070584950208755,0.7871138570167696,healthy,2 d
Chronos2-COV-XL,48,NEW_BLOCK,1139,0.03578940808616048,0.5176679826259313,0.17575065847234417,healthy,2 d
Chronos2-COV-XL,48,NEW_BLOCK_RO,1139,0.0004105433644121799,0.20442471126791495,0.00038630377524143984,dead,2 d
Chronos2-COV-XL,48,TECH_PARK,1139,0.17824172809209815,0.5198391242304308,0.4035557506584723,healthy,2 d
Chronos2-COV-XL,72,BE_BLOCK_OHT,1715,0.7249199833397267,0.7646292954941697,1.9161574344023324,healthy,3 d
Chronos2-COV-XL,72,BE_BLOCK_RO,1715,0.007915803868160652,0.599355486038362,0.011131195335276968,dead,3 d
Chronos2-COV-XL,72,CRICKET_GROUND_OHT,1715,0.00952210304227932,0.16907490084165294,0.00917201166180758,degraded,3 d
Chronos2-COV-XL,72,F_BLOCK,1715,0.3748417821479608,0.6429562285257694,0.720927113702624,healthy,3 d
Chronos2-COV-XL,72,GJBC_BLOCK_1_A1_BOYS,1715,0.08056090982384308,0.6061474672056865,0.158600583090379,degraded,3 d
Chronos2-COV-XL,72,GJBC_BLOCK_1_A2_GIRLS,1715,0.07733474141654745,0.567881347609504,0.16416909620991255,healthy,3 d
Chronos2-COV-XL,72,GJBC_BLOCK_1_A3,1715,0.10191604244413599,0.6044540485453891,0.18946938775510205,healthy,3 d
Chronos2-COV-XL,72,GJBC_BLOCK_1_A4_RO,1715,0.004273665852639037,0.0716225251422559,0.004250728862973761,degraded,3 d
Chronos2-COV-XL,72,GJBC_BLOCK_2_A1,1713,0.11882957352509084,0.5702881411601491,0.405563339171045,healthy,3 d
Chronos2-COV-XL,72,GJBC_LAW_BLOCK_3_A4_BOYS,1715,0.5946220766559634,0.7180648854257462,1.2839475218658891,healthy,3 d
Chronos2-COV-XL,72,GJBC_LAW_BLOCK_3__A1,1706,0.3812150108185351,1.546203399404218,0.6290328253223916,healthy,3 d
Chronos2-COV-XL,72,GJBC_LAW_BLOCK_3__A2,1715,0.18379809041899078,0.4303225738314625,0.427399416909621,healthy,3 d
Chronos2-COV-XL,72,GJBC_LAW_BLOCK_3__A3_GIRLS,1715,0.15705657554194116,0.6156971744122088,0.33490379008746357,healthy,3 d
Chronos2-COV-XL,72,G_BLOCK,1715,0.35880172471610866,0.7111258704946811,1.01667638483965,healthy,3 d
Chronos2-COV-XL,72,I&H_BLOCK,1715,0.29986237897574036,0.7950572399346986,0.29879883381924194,degraded,3 d
Chronos2-COV-XL,72,INFORMATION_CENTRE,1715,0.017561738446593807,2.045544669100307,0.017247813411078717,dead,3 d
Chronos2-COV-XL,72,IT_BLOCK,1715,0.06295923168370744,1.0786794404895836,0.09289795918367347,degraded,3 d
Chronos2-COV-XL,72,ME_WORKSHOP_BLOCK,1715,0.025752419645949636,0.15541804608059798,0.0361399416909621,degraded,3 d
Chronos2-COV-XL,72,MM_BLOCK,1715,0.24362052316776867,0.5506925774857373,1.136932944606414,healthy,3 d
Chronos2-COV-XL,72,MRD_BLOCK,1715,0.8066453525568236,0.6702706528839355,1.4237551020408161,healthy,3 d
Chronos2-COV-XL,72,NBX,1706,0.3340278255757805,0.7888567458023267,0.7730070339976554,healthy,3 d
Chronos2-COV-XL,72,NEW_BLOCK,1715,0.03602070774646264,0.5209698218051254,0.17590087463556853,healthy,3 d
Chronos2-COV-XL,72,NEW_BLOCK_RO,1715,0.0003934167683431363,0.19583199115168554,0.00037900874635568517,dead,3 d
Chronos2-COV-XL,72,TECH_PARK,1715,0.17840224069443805,0.5202957879613574,0.40137609329446067,healthy,3 d
Chronos2-COV-XL,168,BE_BLOCK_OHT,4019,0.7210092360548013,0.760483483076516,1.8786290121920877,healthy,7 d
Chronos2-COV-XL,168,BE_BLOCK_RO,4019,0.008131271866230147,0.6155119994737958,0.01094302065190346,dead,7 d
Chronos2-COV-XL,168,CRICKET_GROUND_OHT,4019,0.008976557014570749,0.15967983157719456,0.008621547648668822,degraded,7 d
Chronos2-COV-XL,168,F_BLOCK,4019,0.3553643754238096,0.609481542855018,0.7129634237372481,healthy,7 d
Chronos2-COV-XL,168,GJBC_BLOCK_1_A1_BOYS,4019,0.08296471806560532,0.6241406448885898,0.15860413038069174,degraded,7 d
Chronos2-COV-XL,168,GJBC_BLOCK_1_A2_GIRLS,4019,0.08061016065040967,0.5918279630653905,0.16429957700920628,healthy,7 d
Chronos2-COV-XL,168,GJBC_BLOCK_1_A3,4019,0.10419252011358635,0.6178284195992013,0.18890768847972134,healthy,7 d
Chronos2-COV-XL,168,GJBC_BLOCK_1_A4_RO,4019,0.004181133896537318,0.07001785638980113,0.0041602388653894,degraded,7 d
Chronos2-COV-XL,168,GJBC_BLOCK_2_A1,4013,0.1202562021378891,0.5770898890336165,0.3998504859207575,healthy,7 d
Chronos2-COV-XL,168,GJBC_LAW_BLOCK_3_A4_BOYS,4019,0.6106315607447979,0.7374334141160817,1.2819656631002738,healthy,7 d
Chronos2-COV-XL,168,GJBC_LAW_BLOCK_3__A1,3995,0.4116139094055221,1.6699125146712002,0.6534518147684606,healthy,7 d
Chronos2-COV-XL,168,GJBC_LAW_BLOCK_3__A2,4019,0.19222156721105857,0.4497676988439239,0.41123413784523516,healthy,7 d
Chronos2-COV-XL,168,GJBC_LAW_BLOCK_3__A3_GIRLS,4019,0.16739867738302325,0.6560015543183622,0.323018163722319,healthy,7 d
Chronos2-COV-XL,168,G_BLOCK,4019,0.3677799039083976,0.7289799790110826,1.0174222443393879,healthy,7 d
Chronos2-COV-XL,168,I&H_BLOCK,4019,0.30632279965942194,0.8127332735655284,0.30510077133615326,degraded,7 d
Chronos2-COV-XL,168,INFORMATION_CENTRE,4019,0.015706175118633786,1.822190158319793,0.015349589450111967,dead,7 d
Chronos2-COV-XL,168,IT_BLOCK,4019,0.06177572292051644,1.0592621993964024,0.09161731774073152,degraded,7 d
Chronos2-COV-XL,168,ME_WORKSHOP_BLOCK,4019,0.025326449258406384,0.15280482121472602,0.03508584224931575,degraded,7 d
Chronos2-COV-XL,168,MM_BLOCK,4019,0.25122357364197995,0.5678736884633038,1.1247001741726799,healthy,7 d
Chronos2-COV-XL,168,MRD_BLOCK,4019,0.819378382297083,0.6806900768098593,1.4343468524508585,healthy,7 d
Chronos2-COV-XL,168,NBX,3998,0.3084230274683598,0.7281750360880913,0.7322611305652826,healthy,7 d
Chronos2-COV-XL,168,NEW_BLOCK,4019,0.036074475938628996,0.5218098437310802,0.17475491415775068,healthy,7 d
Chronos2-COV-XL,168,NEW_BLOCK_RO,4019,0.0003772402932823611,0.1878687537489146,0.0003732271709380443,dead,7 d
Chronos2-COV-XL,168,TECH_PARK,4019,0.1736192093241953,0.5063205434080711,0.3910400597163473,healthy,7 d
Chronos2-COV,6,BE_BLOCK_OHT,142,0.6490460810023295,0.68431734190576,1.7737323943661971,healthy,6 h
Chronos2-COV,6,BE_BLOCK_RO,142,0.005985072617169837,0.45358221126732723,0.009788732394366197,dead,6 h
Chronos2-COV,6,CRICKET_GROUND_OHT,142,0.013716778302119233,0.2429483759696354,0.013380281690140846,degraded,6 h
Chronos2-COV,6,F_BLOCK,142,0.2809906682330118,0.481860152257068,0.687112676056338,healthy,6 h
Chronos2-COV,6,GJBC_BLOCK_1_A1_BOYS,142,0.06150949273940543,0.4630516882276021,0.15492957746478872,degraded,6 h
Chronos2-COV,6,GJBC_BLOCK_1_A2_GIRLS,142,0.052890959382057186,0.3884820811502613,0.15971830985915492,healthy,6 h
Chronos2-COV,6,GJBC_BLOCK_1_A3,142,0.08848363414196901,0.5251632987361003,0.18105633802816903,healthy,6 h
Chronos2-COV,6,GJBC_BLOCK_1_A4_RO,142,0.006091317747371979,0.10214426631386138,0.006056338028169014,degraded,6 h
Chronos2-COV,6,GJBC_BLOCK_2_A1,142,0.11632733937720179,0.5584530276434168,0.42133802816901406,healthy,6 h
Chronos2-COV,6,GJBC_LAW_BLOCK_3_A4_BOYS,142,0.5692211351764034,0.6877271307052849,1.1424647887323942,healthy,6 h
Chronos2-COV,6,GJBC_LAW_BLOCK_3__A1,139,0.2692711548324969,1.1014932490098248,0.5150359712230216,healthy,6 h
Chronos2-COV,6,GJBC_LAW_BLOCK_3__A2,142,0.19098345940381709,0.44801833366774413,0.3630985915492958,healthy,6 h
Chronos2-COV,6,GJBC_LAW_BLOCK_3__A3_GIRLS,142,0.141867505542829,0.5563907958455273,0.3047887323943662,healthy,6 h
Chronos2-COV,6,G_BLOCK,142,0.34022291695567924,0.6737072587031723,0.9742957746478873,healthy,6 h
Chronos2-COV,6,I&H_BLOCK,142,0.4304817087549559,1.1341051085326563,0.43302816901408453,degraded,6 h
Chronos2-COV,6,INFORMATION_CENTRE,142,0.014365162405277222,1.6608644619854744,0.014084507042253521,dead,6 h
Chronos2-COV,6,IT_BLOCK,142,0.0649948500516549,1.108323275675789,0.09190140845070423,degraded,6 h
Chronos2-COV,6,ME_WORKSHOP_BLOCK,142,0.025652652710256442,0.15487948775949759,0.03492957746478873,degraded,6 h
Chronos2-COV,6,MM_BLOCK,142,0.26167575574257007,0.591708294262433,1.0646478873239438,healthy,6 h
Chronos2-COV,6,MRD_BLOCK,142,0.6287041939312303,0.5220497146749544,1.3928873239436619,healthy,6 h
Chronos2-COV,6,NBX,142,0.34669528215703826,0.8172208561714258,0.7847887323943662,healthy,6 h
Chronos2-COV,6,NEW_BLOCK,142,0.03348124649952834,0.48442968815095794,0.17204225352112676,healthy,6 h
Chronos2-COV,6,NEW_BLOCK_RO,142,0.0003836287841246739,0.18992507886477933,0.00028169014084507044,dead,6 h
Chronos2-COV,6,TECH_PARK,142,0.1411890405542414,0.4120217288893614,0.39492957746478874,healthy,6 h
Chronos2-COV,12,BE_BLOCK_OHT,286,0.6818307251029915,0.7190485248624667,1.8353846153846152,healthy,12 h
Chronos2-COV,12,BE_BLOCK_RO,286,0.007066798928239338,0.5359802538392723,0.010944055944055944,dead,12 h
Chronos2-COV,12,CRICKET_GROUND_OHT,286,0.01118511546676705,0.19822330826676446,0.010769230769230769,degraded,12 h
Chronos2-COV,12,F_BLOCK,286,0.3335192367038527,0.572313710458017,0.6956993006993007,healthy,12 h
Chronos2-COV,12,GJBC_BLOCK_1_A1_BOYS,286,0.07218054149951135,0.5434169193956065,0.1651048951048951,degraded,12 h
Chronos2-COV,12,GJBC_BLOCK_1_A2_GIRLS,286,0.06957516279149722,0.5112320505975647,0.1715034965034965,healthy,12 h
Chronos2-COV,12,GJBC_BLOCK_1_A3,286,0.09757035391522453,0.5790839575606109,0.1967132867132867,healthy,12 h
Chronos2-COV,12,GJBC_BLOCK_1_A4_RO,286,0.004851501572708652,0.08139596712970784,0.004825174825174826,degraded,12 h
Chronos2-COV,12,GJBC_BLOCK_2_A1,286,0.11154966939370949,0.5356652958094201,0.40248251748251745,healthy,12 h
Chronos2-COV,12,GJBC_LAW_BLOCK_3_A4_BOYS,286,0.5523963439881384,0.667238933383623,1.1934965034965035,healthy,12 h
Chronos2-COV,12,GJBC_LAW_BLOCK_3__A1,283,0.3509100255064745,1.428760630673962,0.6009540636042403,healthy,12 h
Chronos2-COV,12,GJBC_LAW_BLOCK_3__A2,286,0.17160626325157138,0.4026115745745562,0.42363636363636364,healthy,12 h
Chronos2-COV,12,GJBC_LAW_BLOCK_3__A3_GIRLS,286,0.1449154189395738,0.5686036776768233,0.31055944055944057,healthy,12 h
Chronos2-COV,12,G_BLOCK,286,0.37529673939401453,0.7434188990556194,0.9605244755244755,healthy,12 h
Chronos2-COV,12,I&H_BLOCK,286,0.3067175250870365,0.8109474457973305,0.3064685314685315,degraded,12 h
Chronos2-COV,12,INFORMATION_CENTRE,286,0.016787693200932517,1.9163046773916412,0.01646853146853147,dead,12 h
Chronos2-COV,12,IT_BLOCK,286,0.058907241818944474,1.005768565057911,0.08947552447552448,degraded,12 h
Chronos2-COV,12,ME_WORKSHOP_BLOCK,286,0.025489252779137838,0.1539125559125294,0.035419580419580425,degraded,12 h
Chronos2-COV,12,MM_BLOCK,286,0.24166302124103464,0.5463902137899329,1.126888111888112,healthy,12 h
Chronos2-COV,12,MRD_BLOCK,286,0.6808259830858324,0.5656410117070884,1.3086013986013987,healthy,12 h
Chronos2-COV,12,NBX,286,0.33775815674058207,0.7973349864484585,0.786923076923077,healthy,12 h
Chronos2-COV,12,NEW_BLOCK,286,0.03443270091097672,0.49840286145435775,0.1729020979020979,healthy,12 h
Chronos2-COV,12,NEW_BLOCK_RO,286,0.0005392255825137107,0.2687547940138612,0.00045454545454545455,dead,12 h
Chronos2-COV,12,TECH_PARK,286,0.1546009588825119,0.4511700095927897,0.3816083916083916,healthy,12 h
Chronos2-COV,24,BE_BLOCK_OHT,564,0.7193086964061074,0.7586929066454273,1.9401241134751774,healthy,1 d
Chronos2-COV,24,BE_BLOCK_RO,564,0.007753883293823253,0.5870886269658233,0.01148936170212766,dead,1 d
Chronos2-COV,24,CRICKET_GROUND_OHT,564,0.008818475828433396,0.15632305375413635,0.008421985815602837,degraded,1 d
Chronos2-COV,24,F_BLOCK,564,0.3636081043033735,0.6237379427106081,0.7098226950354609,healthy,1 d
Chronos2-COV,24,GJBC_BLOCK_1_A1_BOYS,564,0.07762857984355157,0.5841963997702712,0.15852836879432625,degraded,1 d
Chronos2-COV,24,GJBC_BLOCK_1_A2_GIRLS,564,0.0740926312470267,0.5441719923951279,0.1647340425531915,healthy,1 d
Chronos2-COV,24,GJBC_BLOCK_1_A3,564,0.0995140792313197,0.5903316391965628,0.1895390070921986,healthy,1 d
Chronos2-COV,24,GJBC_BLOCK_1_A4_RO,564,0.004031621556669632,0.06760742439709984,0.00400709219858156,degraded,1 d
Chronos2-COV,24,GJBC_BLOCK_2_A1,564,0.11700584341976661,0.5615640480680012,0.4049468085106383,healthy,1 d
Chronos2-COV,24,GJBC_LAW_BLOCK_3_A4_BOYS,564,0.5836043287845368,0.7047791581824033,1.280709219858156,healthy,1 d
Chronos2-COV,24,GJBC_LAW_BLOCK_3__A1,561,0.37199725410730017,1.507446301805284,0.6260071301247772,healthy,1 d
Chronos2-COV,24,GJBC_LAW_BLOCK_3__A2,564,0.17616794210799197,0.4125792342601857,0.4324468085106383,healthy,1 d
Chronos2-COV,24,GJBC_LAW_BLOCK_3__A3_GIRLS,564,0.14686485385535455,0.575862138227351,0.3408333333333333,healthy,1 d
Chronos2-COV,24,G_BLOCK,564,0.34633434815821074,0.6864157530186263,1.0315248226950353,healthy,1 d
Chronos2-COV,24,I&H_BLOCK,564,0.3148487008389429,0.8346347878477779,0.314113475177305,degraded,1 d
Chronos2-COV,24,INFORMATION_CENTRE,564,0.017626098628347436,2.0552959398125927,0.01730496453900709,dead,1 d
Chronos2-COV,24,IT_BLOCK,564,0.06403854311173056,1.0964924356432313,0.09443262411347518,degraded,1 d
Chronos2-COV,24,ME_WORKSHOP_BLOCK,564,0.02655879474145935,0.16025083948409607,0.037429078014184394,degraded,1 d
Chronos2-COV,24,MM_BLOCK,564,0.23820447440265766,0.5385115342553477,1.1443617021276595,healthy,1 d
Chronos2-COV,24,MRD_BLOCK,564,0.7322573784606676,0.6083337401263049,1.388758865248227,healthy,1 d
Chronos2-COV,24,NBX,561,0.3503840623118661,0.827282815912408,0.8031729055258466,healthy,1 d
Chronos2-COV,24,NEW_BLOCK,564,0.035575288402061936,0.5145857570453007,0.1748936170212766,healthy,1 d
Chronos2-COV,24,NEW_BLOCK_RO,564,0.00046349422393345235,0.23081113518517005,0.0003900709219858156,dead,1 d
Chronos2-COV,24,TECH_PARK,564,0.17560143415069748,0.5121260462292859,0.40037234042553194,healthy,1 d
Chronos2-COV,48,BE_BLOCK_OHT,1139,0.7361672617888848,0.7765113056583992,1.935873573309921,healthy,2 d
Chronos2-COV,48,BE_BLOCK_RO,1139,0.007929635390989268,0.600395637935194,0.01141352063213345,dead,2 d
Chronos2-COV,48,CRICKET_GROUND_OHT,1139,0.009078562245871856,0.16101220531839489,0.008674275680421423,degraded,2 d
Chronos2-COV,48,F_BLOCK,1139,0.37170622269661413,0.6376208107487256,0.716865671641791,healthy,2 d
Chronos2-COV,48,GJBC_BLOCK_1_A1_BOYS,1139,0.07998091718834466,0.6018111343136976,0.1584899034240562,degraded,2 d
Chronos2-COV,48,GJBC_BLOCK_1_A2_GIRLS,1139,0.07623564970163633,0.5598336862676874,0.16414398595259,healthy,2 d
Chronos2-COV,48,GJBC_BLOCK_1_A3,1139,0.10159481400429313,0.602571855966096,0.18919227392449517,healthy,2 d
Chronos2-COV,48,GJBC_BLOCK_1_A4_RO,1139,0.004009679635129975,0.06723465272046761,0.00398595258999122,degraded,2 d
Chronos2-COV,48,GJBC_BLOCK_2_A1,1138,0.11718657447866482,0.5624444686414406,0.40746924428822495,healthy,2 d
Chronos2-COV,48,GJBC_LAW_BLOCK_3_A4_BOYS,1139,0.5878496302922008,0.7098896442450288,1.2830465320456539,healthy,2 d
Chronos2-COV,48,GJBC_LAW_BLOCK_3__A1,1133,0.38347747828670026,1.5553154683179518,0.6342365401588703,healthy,2 d
Chronos2-COV,48,GJBC_LAW_BLOCK_3__A2,1139,0.17765528495108693,0.41598061693437455,0.4311676909569798,healthy,2 d
Chronos2-COV,48,GJBC_LAW_BLOCK_3__A3_GIRLS,1139,0.15187946225384855,0.5954733980471723,0.33749780509218613,healthy,2 d
Chronos2-COV,48,G_BLOCK,1139,0.3505099369047816,0.6947245429538697,1.0233450395083405,healthy,2 d
Chronos2-COV,48,I&H_BLOCK,1139,0.3135670194304544,0.8309927095336369,0.31230904302019313,degraded,2 d
Chronos2-COV,48,INFORMATION_CENTRE,1139,0.017696550768604657,2.0627984732618567,0.017383669885864796,dead,2 d
Chronos2-COV,48,IT_BLOCK,1139,0.06336744078798866,1.0854362967409243,0.09395083406496928,degraded,2 d
Chronos2-COV,48,ME_WORKSHOP_BLOCK,1139,0.02593921032479921,0.15655166744622454,0.036523266022827044,degraded,2 d
Chronos2-COV,48,MM_BLOCK,1139,0.24316622860082104,0.5496816130369007,1.1396049165935032,healthy,2 d
Chronos2-COV,48,MRD_BLOCK,1139,0.7876418602351455,0.6544476440201532,1.4137137840210712,healthy,2 d
Chronos2-COV,48,NBX,1133,0.3412206915481261,0.8058040920745124,0.7871138570167696,healthy,2 d
Chronos2-COV,48,NEW_BLOCK,1139,0.035696362611805796,0.5163201574942946,0.17575065847234417,healthy,2 d
Chronos2-COV,48,NEW_BLOCK_RO,1139,0.0004390052047413402,0.21859109675646163,0.00038630377524143984,dead,2 d
Chronos2-COV,48,TECH_PARK,1139,0.17854641516235858,0.5207300499172632,0.4035557506584723,healthy,2 d
Chronos2-COV,72,BE_BLOCK_OHT,1715,0.7321613111551579,0.772264507932731,1.9161574344023324,healthy,3 d
Chronos2-COV,72,BE_BLOCK_RO,1715,0.007863393491541332,0.5953929344258025,0.011131195335276968,dead,3 d
Chronos2-COV,72,CRICKET_GROUND_OHT,1715,0.009560289493237919,0.16975902013929678,0.00917201166180758,degraded,3 d
Chronos2-COV,72,F_BLOCK,1715,0.37553040557839085,0.6441369270558467,0.720927113702624,healthy,3 d
Chronos2-COV,72,GJBC_BLOCK_1_A1_BOYS,1715,0.08058085903377644,0.6062948200552155,0.158600583090379,degraded,3 d
Chronos2-COV,72,GJBC_BLOCK_1_A2_GIRLS,1715,0.07725566237035367,0.5673043190360548,0.16416909620991255,healthy,3 d
Chronos2-COV,72,GJBC_BLOCK_1_A3,1715,0.10276722664648867,0.6094952899027467,0.18946938775510205,healthy,3 d
Chronos2-COV,72,GJBC_BLOCK_1_A4_RO,1715,0.004272145952779594,0.07159864566716136,0.004250728862973761,degraded,3 d
Chronos2-COV,72,GJBC_BLOCK_2_A1,1713,0.1180455556235255,0.566528547854477,0.405563339171045,healthy,3 d
Chronos2-COV,72,GJBC_LAW_BLOCK_3_A4_BOYS,1715,0.594989108473497,0.7185137107689401,1.2839475218658891,healthy,3 d
Chronos2-COV,72,GJBC_LAW_BLOCK_3__A1,1706,0.38179960708335864,1.548561558465219,0.6290328253223916,healthy,3 d
Chronos2-COV,72,GJBC_LAW_BLOCK_3__A2,1715,0.18295496963342495,0.4283392757842004,0.427399416909621,healthy,3 d
Chronos2-COV,72,GJBC_LAW_BLOCK_3__A3_GIRLS,1715,0.15520881246060741,0.6084683277580005,0.33490379008746357,healthy,3 d
Chronos2-COV,72,G_BLOCK,1715,0.3583104812188329,0.7101535961808878,1.01667638483965,healthy,3 d
Chronos2-COV,72,I&H_BLOCK,1715,0.3002251956716571,0.7960134102861158,0.29879883381924194,degraded,3 d
Chronos2-COV,72,INFORMATION_CENTRE,1715,0.017555843545596386,2.0449434862086955,0.017247813411078717,dead,3 d
Chronos2-COV,72,IT_BLOCK,1715,0.06323488151019238,1.0834502655846738,0.09289795918367347,degraded,3 d
Chronos2-COV,72,ME_WORKSHOP_BLOCK,1715,0.025692320849735606,0.15505740715167826,0.0361399416909621,degraded,3 d
Chronos2-COV,72,MM_BLOCK,1715,0.24332226256378886,0.5500198249342092,1.136932944606414,healthy,3 d
Chronos2-COV,72,MRD_BLOCK,1715,0.8076002763561883,0.6710485080070152,1.4237551020408161,healthy,3 d
Chronos2-COV,72,NBX,1706,0.33361894765115424,0.7878966997323712,0.7730070339976554,healthy,3 d
Chronos2-COV,72,NEW_BLOCK,1715,0.035884600775582455,0.5190046513309904,0.17590087463556853,healthy,3 d
Chronos2-COV,72,NEW_BLOCK_RO,1715,0.0004149483591684686,0.20654841032932383,0.00037900874635568517,dead,3 d
Chronos2-COV,72,TECH_PARK,1715,0.17943039524381432,0.5232978827230007,0.40137609329446067,healthy,3 d
Chronos2-COV,168,BE_BLOCK_OHT,4019,0.7250429831413703,0.7647407539415982,1.8786290121920877,healthy,7 d
Chronos2-COV,168,BE_BLOCK_RO,4019,0.008062280461912348,0.6103029603150817,0.01094302065190346,dead,7 d
Chronos2-COV,168,CRICKET_GROUND_OHT,4019,0.009027551781663286,0.16059218862473007,0.008621547648668822,degraded,7 d
Chronos2-COV,168,F_BLOCK,4019,0.3564400594751762,0.6113251112932417,0.7129634237372481,healthy,7 d
Chronos2-COV,168,GJBC_BLOCK_1_A1_BOYS,4019,0.08294441756093701,0.6239898187019978,0.15860413038069174,degraded,7 d
Chronos2-COV,168,GJBC_BLOCK_1_A2_GIRLS,4019,0.08050149219150003,0.5910372849540694,0.16429957700920628,healthy,7 d
Chronos2-COV,168,GJBC_BLOCK_1_A3,4019,0.10513764464304975,0.6234356455070482,0.18890768847972134,healthy,7 d
Chronos2-COV,168,GJBC_BLOCK_1_A4_RO,4019,0.004179588176981384,0.06999355774965345,0.0041602388653894,degraded,7 d
Chronos2-COV,168,GJBC_BLOCK_2_A1,4013,0.11972726098103266,0.5745521704522596,0.3998504859207575,healthy,7 d
Chronos2-COV,168,GJBC_LAW_BLOCK_3_A4_BOYS,4019,0.6115206028353845,0.7385108881705094,1.2819656631002738,healthy,7 d
Chronos2-COV,168,GJBC_LAW_BLOCK_3__A1,3995,0.4124254507223268,1.673198699612046,0.6534518147684606,healthy,7 d
Chronos2-COV,168,GJBC_LAW_BLOCK_3__A2,4019,0.19168552786860785,0.44849865936126787,0.41123413784523516,healthy,7 d
Chronos2-COV,168,GJBC_LAW_BLOCK_3__A3_GIRLS,4019,0.1660095275719387,0.6505737454608194,0.323018163722319,healthy,7 d
Chronos2-COV,168,G_BLOCK,4019,0.3680169081646401,0.7294475008729396,1.0174222443393879,healthy,7 d
Chronos2-COV,168,I&H_BLOCK,4019,0.3065909241987835,0.8134393106463589,0.30510077133615326,degraded,7 d
Chronos2-COV,168,INFORMATION_CENTRE,4019,0.01568984053138218,1.820335580736386,0.015349589450111967,dead,7 d
Chronos2-COV,168,IT_BLOCK,4019,0.06194620308518395,1.0622608152137523,0.09161731774073152,degraded,7 d
Chronos2-COV,168,ME_WORKSHOP_BLOCK,4019,0.02522080349826522,0.15217134420955,0.03508584224931575,degraded,7 d
Chronos2-COV,168,MM_BLOCK,4019,0.25028312616307924,0.5657497308378624,1.1247001741726799,healthy,7 d
Chronos2-COV,168,MRD_BLOCK,4019,0.8197265100769808,0.6809715612805608,1.4343468524508585,healthy,7 d
Chronos2-COV,168,NBX,3998,0.3094988746986561,0.7307164517267858,0.7322611305652826,healthy,7 d
Chronos2-COV,168,NEW_BLOCK,4019,0.03600940564721934,0.5208704809710498,0.17475491415775068,healthy,7 d
Chronos2-COV,168,NEW_BLOCK_RO,4019,0.00038694555611187663,0.1927001586066732,0.0003732271709380443,dead,7 d
Chronos2-COV,168,TECH_PARK,4019,0.17417462268377543,0.5079425319293722,0.3910400597163473,healthy,7 d
Chronos2-ZS,6,BE_BLOCK_OHT,142,0.6406146940043276,0.6754155154054844,1.7737323943661971,healthy,6 h
Chronos2-ZS,6,BE_BLOCK_RO,142,0.005576202258939894,0.4225475212478323,0.009788732394366197,dead,6 h
Chronos2-ZS,6,CRICKET_GROUND_OHT,142,0.01365179213446001,0.2417981539002141,0.013380281690140846,degraded,6 h
Chronos2-ZS,6,F_BLOCK,142,0.2761601474923147,0.47357544266409796,0.687112676056338,healthy,6 h
Chronos2-ZS,6,GJBC_BLOCK_1_A1_BOYS,142,0.06409562227381786,0.4824741305887128,0.15492957746478872,degraded,6 h
Chronos2-ZS,6,GJBC_BLOCK_1_A2_GIRLS,142,0.052616798248089534,0.38645901662487325,0.15971830985915492,healthy,6 h
Chronos2-ZS,6,GJBC_BLOCK_1_A3,142,0.08928040674244854,0.5298517927871188,0.18105633802816903,healthy,6 h
Chronos2-ZS,6,GJBC_BLOCK_1_A4_RO,142,0.006102367951411714,0.10233101117517521,0.006056338028169014,degraded,6 h
Chronos2-ZS,6,GJBC_BLOCK_2_A1,142,0.11615683079185622,0.5576277581161962,0.42133802816901406,healthy,6 h
Chronos2-ZS,6,GJBC_LAW_BLOCK_3_A4_BOYS,142,0.5812268821454384,0.702211206485257,1.1424647887323942,healthy,6 h
Chronos2-ZS,6,GJBC_LAW_BLOCK_3__A1,139,0.27191149156299427,1.11250763366733,0.5150359712230216,healthy,6 h
Chronos2-ZS,6,GJBC_LAW_BLOCK_3__A2,142,0.18305621465327032,0.42944058626685794,0.3630985915492958,healthy,6 h
Chronos2-ZS,6,GJBC_LAW_BLOCK_3__A3_GIRLS,142,0.1407850108054322,0.5521689408024314,0.3047887323943662,healthy,6 h
Chronos2-ZS,6,G_BLOCK,142,0.347941831148846,0.6890182090462831,0.9742957746478873,healthy,6 h
Chronos2-ZS,6,I&H_BLOCK,142,0.42744373198965907,1.12610313610903,0.43302816901408453,degraded,6 h
Chronos2-ZS,6,INFORMATION_CENTRE,142,0.014391377174728354,1.6636540712429138,0.014084507042253521,dead,6 h
Chronos2-ZS,6,IT_BLOCK,142,0.0634065237567878,1.0812145747886426,0.09190140845070423,degraded,6 h
Chronos2-ZS,6,ME_WORKSHOP_BLOCK,142,0.025955958472381174,0.15673233380123397,0.03492957746478873,degraded,6 h
Chronos2-ZS,6,MM_BLOCK,142,0.25691986159539554,0.5809488066875897,1.0646478873239438,healthy,6 h
Chronos2-ZS,6,MRD_BLOCK,142,0.6201959884334618,0.5150049306436354,1.3928873239436619,healthy,6 h
Chronos2-ZS,6,NBX,142,0.35860040883782884,0.8453717719752546,0.7847887323943662,healthy,6 h
Chronos2-ZS,6,NEW_BLOCK,142,0.03393471355589343,0.4911099349387235,0.17204225352112676,healthy,6 h
Chronos2-ZS,6,NEW_BLOCK_RO,142,0.00039114543697534417,0.1936241287605506,0.00028169014084507044,dead,6 h
Chronos2-ZS,6,TECH_PARK,142,0.14748612266611044,0.4304128955957461,0.39492957746478874,healthy,6 h
Chronos2-ZS,12,BE_BLOCK_OHT,286,0.6704878746546232,0.707039426773309,1.8353846153846152,healthy,12 h
Chronos2-ZS,12,BE_BLOCK_RO,286,0.006780352307470528,0.5141940336166526,0.010944055944055944,dead,12 h
Chronos2-ZS,12,CRICKET_GROUND_OHT,286,0.011109512198091179,0.196881789281472,0.010769230769230769,degraded,12 h
Chronos2-ZS,12,F_BLOCK,286,0.3350834216062839,0.5749990727907612,0.6956993006993007,healthy,12 h
Chronos2-ZS,12,GJBC_BLOCK_1_A1_BOYS,286,0.07235052786819585,0.5446403615183681,0.1651048951048951,degraded,12 h
Chronos2-ZS,12,GJBC_BLOCK_1_A2_GIRLS,286,0.06876331671342982,0.5052404452057626,0.1715034965034965,healthy,12 h
Chronos2-ZS,12,GJBC_BLOCK_1_A3,286,0.09707369319938279,0.5760814525335162,0.1967132867132867,healthy,12 h
Chronos2-ZS,12,GJBC_BLOCK_1_A4_RO,286,0.004864709176207808,0.08161929550205527,0.004825174825174826,degraded,12 h
Chronos2-ZS,12,GJBC_BLOCK_2_A1,286,0.1123629404760741,0.5395689192902017,0.40248251748251745,healthy,12 h
Chronos2-ZS,12,GJBC_LAW_BLOCK_3_A4_BOYS,286,0.5691319751239323,0.6874147142301738,1.1934965034965035,healthy,12 h
Chronos2-ZS,12,GJBC_LAW_BLOCK_3__A1,283,0.347822167140435,1.4165125357156119,0.6009540636042403,healthy,12 h
Chronos2-ZS,12,GJBC_LAW_BLOCK_3__A2,286,0.16572334799733196,0.3888968258330099,0.42363636363636364,healthy,12 h
Chronos2-ZS,12,GJBC_LAW_BLOCK_3__A3_GIRLS,286,0.14563449459476072,0.5715003031597575,0.31055944055944057,healthy,12 h
Chronos2-ZS,12,G_BLOCK,286,0.3858287753425278,0.764320481491991,0.9605244755244755,healthy,12 h
Chronos2-ZS,12,I&H_BLOCK,286,0.30614885561116095,0.8094387309118242,0.3064685314685315,degraded,12 h
Chronos2-ZS,12,INFORMATION_CENTRE,286,0.016784579424851842,1.915832691649927,0.01646853146853147,dead,12 h
Chronos2-ZS,12,IT_BLOCK,286,0.05801692175099274,0.9902222700553588,0.08947552447552448,degraded,12 h
Chronos2-ZS,12,ME_WORKSHOP_BLOCK,286,0.02545531697310768,0.1537220681620657,0.035419580419580425,degraded,12 h
Chronos2-ZS,12,MM_BLOCK,286,0.23691598611278136,0.5356143381970425,1.126888111888112,healthy,12 h
Chronos2-ZS,12,MRD_BLOCK,286,0.69377464836294,0.5764402199315019,1.3086013986013987,healthy,12 h
Chronos2-ZS,12,NBX,286,0.34360215715595055,0.8111014767634548,0.786923076923077,healthy,12 h
Chronos2-ZS,12,NEW_BLOCK,286,0.034814907251954914,0.5040183555057962,0.1729020979020979,healthy,12 h
Chronos2-ZS,12,NEW_BLOCK_RO,286,0.0005455130867340921,0.27184618530490473,0.00045454545454545455,dead,12 h
Chronos2-ZS,12,TECH_PARK,286,0.16065243630350884,0.46883532201938016,0.3816083916083916,healthy,12 h
Chronos2-ZS,24,BE_BLOCK_OHT,564,0.7158426820851387,0.7550025248717124,1.9401241134751774,healthy,1 d
Chronos2-ZS,24,BE_BLOCK_RO,564,0.007343089366199595,0.555899752131092,0.01148936170212766,dead,1 d
Chronos2-ZS,24,CRICKET_GROUND_OHT,564,0.00876041615864011,0.15529602759769767,0.008421985815602837,degraded,1 d
Chronos2-ZS,24,F_BLOCK,564,0.36848560937541597,0.632094341584247,0.7098226950354609,healthy,1 d
Chronos2-ZS,24,GJBC_BLOCK_1_A1_BOYS,564,0.07782898326767675,0.5856847692232673,0.15852836879432625,degraded,1 d
Chronos2-ZS,24,GJBC_BLOCK_1_A2_GIRLS,564,0.0732540366576707,0.5380126759360251,0.1647340425531915,healthy,1 d
Chronos2-ZS,24,GJBC_BLOCK_1_A3,564,0.09871806556134359,0.585595378820858,0.1895390070921986,healthy,1 d
Chronos2-ZS,24,GJBC_BLOCK_1_A4_RO,564,0.004039280416971529,0.06773673772909286,0.00400709219858156,degraded,1 d
Chronos2-ZS,24,GJBC_BLOCK_2_A1,564,0.11780056795541277,0.5653909073670723,0.4049468085106383,healthy,1 d
Chronos2-ZS,24,GJBC_LAW_BLOCK_3_A4_BOYS,564,0.5939409305736528,0.7172389504255989,1.280709219858156,healthy,1 d
Chronos2-ZS,24,GJBC_LAW_BLOCK_3__A1,561,0.37538781821621503,1.5211433039948927,0.6260071301247772,healthy,1 d
Chronos2-ZS,24,GJBC_LAW_BLOCK_3__A2,564,0.1704784379698706,0.39937317572063163,0.4324468085106383,healthy,1 d
Chronos2-ZS,24,GJBC_LAW_BLOCK_3__A3_GIRLS,564,0.14454703821886516,0.5668995606109973,0.3408333333333333,healthy,1 d
Chronos2-ZS,24,G_BLOCK,564,0.34944220378043805,0.6925873148437515,1.0315248226950353,healthy,1 d
Chronos2-ZS,24,I&H_BLOCK,564,0.3164233963910147,0.8387650965558856,0.314113475177305,degraded,1 d
Chronos2-ZS,24,INFORMATION_CENTRE,564,0.01763200384591118,2.055575163535514,0.01730496453900709,dead,1 d
Chronos2-ZS,24,IT_BLOCK,564,0.06232919397136421,1.0668461585201816,0.09443262411347518,degraded,1 d
Chronos2-ZS,24,ME_WORKSHOP_BLOCK,564,0.026408967028589962,0.15937136393471432,0.037429078014184394,degraded,1 d
Chronos2-ZS,24,MM_BLOCK,564,0.23676923800022043,0.5352375483495481,1.1443617021276595,healthy,1 d
Chronos2-ZS,24,MRD_BLOCK,564,0.7403120932088676,0.615047817567103,1.388758865248227,healthy,1 d
Chronos2-ZS,24,NBX,561,0.35515430495488237,0.8385348534936096,0.8031729055258466,healthy,1 d
Chronos2-ZS,24,NEW_BLOCK,564,0.03583980695998415,0.5184615514474479,0.1748936170212766,healthy,1 d
Chronos2-ZS,24,NEW_BLOCK_RO,564,0.00046893362968529294,0.23353983252075872,0.0003900709219858156,dead,1 d
Chronos2-ZS,24,TECH_PARK,564,0.18035242630129164,0.5259909957206631,0.40037234042553194,healthy,1 d
Chronos2-ZS,48,BE_BLOCK_OHT,1139,0.7311831607056669,0.7712292453038259,1.935873573309921,healthy,2 d
Chronos2-ZS,48,BE_BLOCK_RO,1139,0.007610218277506864,0.5761256220308798,0.01141352063213345,dead,2 d
Chronos2-ZS,48,CRICKET_GROUND_OHT,1139,0.009023357339831327,0.16003484298937126,0.008674275680421423,degraded,2 d
Chronos2-ZS,48,F_BLOCK,1139,0.37666664544064504,0.6461203152045183,0.716865671641791,healthy,2 d
Chronos2-ZS,48,GJBC_BLOCK_1_A1_BOYS,1139,0.08015466585245125,0.6031019805234531,0.1584899034240562,degraded,2 d
Chronos2-ZS,48,GJBC_BLOCK_1_A2_GIRLS,1139,0.07533726341610315,0.553230762059994,0.16414398595259,healthy,2 d
Chronos2-ZS,48,GJBC_BLOCK_1_A3,1139,0.10163544045690909,0.6028059206260554,0.18919227392449517,healthy,2 d
Chronos2-ZS,48,GJBC_BLOCK_1_A4_RO,1139,0.004019984420330883,0.06740802765720358,0.00398595258999122,degraded,2 d
Chronos2-ZS,48,GJBC_BLOCK_2_A1,1138,0.11917456696657808,0.5719891810175768,0.40746924428822495,healthy,2 d
Chronos2-ZS,48,GJBC_LAW_BLOCK_3_A4_BOYS,1139,0.5980457195930046,0.722199774749619,1.2830465320456539,healthy,2 d
Chronos2-ZS,48,GJBC_LAW_BLOCK_3__A1,1133,0.38704064302442354,1.5696577241810334,0.6342365401588703,healthy,2 d
Chronos2-ZS,48,GJBC_LAW_BLOCK_3__A2,1139,0.1750028267243748,0.40983967055370635,0.4311676909569798,healthy,2 d
Chronos2-ZS,48,GJBC_LAW_BLOCK_3__A3_GIRLS,1139,0.1515292574147366,0.5941962516250494,0.33749780509218613,healthy,2 d
Chronos2-ZS,48,G_BLOCK,1139,0.34986547832430404,0.6934559510290692,1.0233450395083405,healthy,2 d
Chronos2-ZS,48,I&H_BLOCK,1139,0.3146550552629399,0.8338441967523675,0.31230904302019313,degraded,2 d
Chronos2-ZS,48,INFORMATION_CENTRE,1139,0.017701518823841588,2.063150859346133,0.017383669885864796,dead,2 d
Chronos2-ZS,48,IT_BLOCK,1139,0.06302726708293693,1.0792700294722954,0.09395083406496928,degraded,2 d
Chronos2-ZS,48,ME_WORKSHOP_BLOCK,1139,0.02589991133918461,0.15632158691705886,0.036523266022827044,degraded,2 d
Chronos2-ZS,48,MM_BLOCK,1139,0.24099135794275367,0.5447505686621255,1.1396049165935032,healthy,2 d
Chronos2-ZS,48,MRD_BLOCK,1139,0.7965950662740183,0.6618798769772947,1.4137137840210712,healthy,2 d
Chronos2-ZS,48,NBX,1133,0.3439589065718419,0.8122465848165141,0.7871138570167696,healthy,2 d
Chronos2-ZS,48,NEW_BLOCK,1139,0.03618422691344796,0.5233975000825096,0.17575065847234417,healthy,2 d
Chronos2-ZS,48,NEW_BLOCK_RO,1139,0.0004566878083822685,0.22740809803614073,0.00038630377524143984,dead,2 d
Chronos2-ZS,48,TECH_PARK,1139,0.1816993362779048,0.5299282557303272,0.4035557506584723,healthy,2 d
Chronos2-ZS,72,BE_BLOCK_OHT,1715,0.7268649744695547,0.7666582405208153,1.9161574344023324,healthy,3 d
Chronos2-ZS,72,BE_BLOCK_RO,1715,0.007457957052454657,0.5646187068582296,0.011131195335276968,dead,3 d
Chronos2-ZS,72,CRICKET_GROUND_OHT,1715,0.009511775091442527,0.16890575123372129,0.00917201166180758,degraded,3 d
Chronos2-ZS,72,F_BLOCK,1715,0.3804096107329989,0.6524911848525845,0.720927113702624,healthy,3 d
Chronos2-ZS,72,GJBC_BLOCK_1_A1_BOYS,1715,0.08077070297200895,0.6077064890197483,0.158600583090379,degraded,3 d
Chronos2-ZS,72,GJBC_BLOCK_1_A2_GIRLS,1715,0.0760818589639038,0.5586828585974482,0.16416909620991255,healthy,3 d
Chronos2-ZS,72,GJBC_BLOCK_1_A3,1715,0.102840001917789,0.6099197030647835,0.18946938775510205,healthy,3 d
Chronos2-ZS,72,GJBC_BLOCK_1_A4_RO,1715,0.004280483881064552,0.07173815315589421,0.004250728862973761,degraded,3 d
Chronos2-ZS,72,GJBC_BLOCK_2_A1,1713,0.11979750471336412,0.5749411168709407,0.405563339171045,healthy,3 d
Chronos2-ZS,72,GJBC_LAW_BLOCK_3_A4_BOYS,1715,0.6009913726728789,0.7257605839858039,1.2839475218658891,healthy,3 d
Chronos2-ZS,72,GJBC_LAW_BLOCK_3__A1,1706,0.3858180320724094,1.5647062344617413,0.6290328253223916,healthy,3 d
Chronos2-ZS,72,GJBC_LAW_BLOCK_3__A2,1715,0.1803576481954002,0.42233314865342697,0.427399416909621,healthy,3 d
Chronos2-ZS,72,GJBC_LAW_BLOCK_3__A3_GIRLS,1715,0.15653639306271389,0.6137676607967891,0.33490379008746357,healthy,3 d
Chronos2-ZS,72,G_BLOCK,1715,0.3579436452625097,0.7094272793231767,1.01667638483965,healthy,3 d
Chronos2-ZS,72,I&H_BLOCK,1715,0.3018245270540693,0.8002000992148671,0.29879883381924194,degraded,3 d
Chronos2-ZS,72,INFORMATION_CENTRE,1715,0.017591171005420365,2.048662732892454,0.017247813411078717,dead,3 d
Chronos2-ZS,72,IT_BLOCK,1715,0.06308191104155067,1.0804120660656356,0.09289795918367347,degraded,3 d
Chronos2-ZS,72,ME_WORKSHOP_BLOCK,1715,0.025663577085333733,0.15489370061364696,0.0361399416909621,degraded,3 d
Chronos2-ZS,72,MM_BLOCK,1715,0.2405176175843175,0.5436628713321384,1.136932944606414,healthy,3 d
Chronos2-ZS,72,MRD_BLOCK,1715,0.8244825755903394,0.6850563101057322,1.4237551020408161,healthy,3 d
Chronos2-ZS,72,NBX,1706,0.3363375878711378,0.7942995765069386,0.7730070339976554,healthy,3 d
Chronos2-ZS,72,NEW_BLOCK,1715,0.03606743735248771,0.5216843781484835,0.17590087463556853,healthy,3 d
Chronos2-ZS,72,NEW_BLOCK_RO,1715,0.00044264199201332583,0.22034923463149733,0.00037900874635568517,dead,3 d
Chronos2-ZS,72,TECH_PARK,1715,0.18276204766476467,0.5330154446965402,0.40137609329446067,healthy,3 d
Chronos2-ZS,168,BE_BLOCK_OHT,4019,0.7210642366867274,0.7605195261704695,1.8786290121920877,healthy,7 d
Chronos2-ZS,168,BE_BLOCK_RO,4019,0.0075623933147360035,0.5724516930577882,0.01094302065190346,dead,7 d
Chronos2-ZS,168,CRICKET_GROUND_OHT,4019,0.008965363681666751,0.15949164157064669,0.008621547648668822,degraded,7 d
Chronos2-ZS,168,F_BLOCK,4019,0.3627728198487594,0.6221670245170426,0.7129634237372481,healthy,7 d
Chronos2-ZS,168,GJBC_BLOCK_1_A1_BOYS,4019,0.08271442577765634,0.6222481802228615,0.15860413038069174,degraded,7 d
Chronos2-ZS,168,GJBC_BLOCK_1_A2_GIRLS,4019,0.07881946833328277,0.5786985937802014,0.16429957700920628,healthy,7 d
Chronos2-ZS,168,GJBC_BLOCK_1_A3,4019,0.10469019337513459,0.6207790904819117,0.18890768847972134,healthy,7 d
Chronos2-ZS,168,GJBC_BLOCK_1_A4_RO,4019,0.0041839825659931214,0.07006598332889581,0.0041602388653894,degraded,7 d
Chronos2-ZS,168,GJBC_BLOCK_2_A1,4013,0.12083206136907511,0.5798502984754,0.3998504859207575,healthy,7 d
Chronos2-ZS,168,GJBC_LAW_BLOCK_3_A4_BOYS,4019,0.6173658075193826,0.7455654121894596,1.2819656631002738,healthy,7 d
Chronos2-ZS,168,GJBC_LAW_BLOCK_3__A1,3995,0.4156928469639397,1.6862899179300648,0.6534518147684606,healthy,7 d
Chronos2-ZS,168,GJBC_LAW_BLOCK_3__A2,4019,0.19047376694356544,0.44568439437204843,0.41123413784523516,healthy,7 d
Chronos2-ZS,168,GJBC_LAW_BLOCK_3__A3_GIRLS,4019,0.16917744140448218,0.6630468052567543,0.323018163722319,healthy,7 d
Chronos2-ZS,168,G_BLOCK,4019,0.3668366765898832,0.7271086799157241,1.0174222443393879,healthy,7 d
Chronos2-ZS,168,I&H_BLOCK,4019,0.3083600382292914,0.8180797011426186,0.30510077133615326,degraded,7 d
Chronos2-ZS,168,INFORMATION_CENTRE,4019,0.015761212986439992,1.828493417635586,0.015349589450111967,dead,7 d
Chronos2-ZS,168,IT_BLOCK,4019,0.062048877977422444,1.0634600737528574,0.09161731774073152,degraded,7 d
Chronos2-ZS,168,ME_WORKSHOP_BLOCK,4019,0.02534641693790892,0.15294908682972036,0.03508584224931575,degraded,7 d
Chronos2-ZS,168,MM_BLOCK,4019,0.24666358234752436,0.5575577492752172,1.1247001741726799,healthy,7 d
Chronos2-ZS,168,MRD_BLOCK,4019,0.8408850719549669,0.6985250823513611,1.4343468524508585,healthy,7 d
Chronos2-ZS,168,NBX,3998,0.3111627469917367,0.734624293035989,0.7322611305652826,healthy,7 d
Chronos2-ZS,168,NEW_BLOCK,4019,0.036239670691916706,0.524235979657118,0.17475491415775068,healthy,7 d
Chronos2-ZS,168,NEW_BLOCK_RO,4019,0.0004302059239936141,0.21423082075179367,0.0003732271709380443,dead,7 d
Chronos2-ZS,168,TECH_PARK,4019,0.1784703980838223,0.5204692135790715,0.3910400597163473,healthy,7 d
PatchTST-Tuned,6,BE_BLOCK_OHT,142,0.70241434488498,0.7405654704854433,1.7737323943661971,healthy,6 h
PatchTST-Tuned,6,BE_BLOCK_RO,142,0.008973795763387233,0.6800676175757391,0.009788732394366197,dead,6 h
PatchTST-Tuned,6,CRICKET_GROUND_OHT,142,0.013494023603540664,0.23899970762790582,0.013380281690140846,degraded,6 h
PatchTST-Tuned,6,F_BLOCK,142,0.39587258026948274,0.6789079987692689,0.687112676056338,healthy,6 h
PatchTST-Tuned,6,GJBC_BLOCK_1_A1_BOYS,142,0.06900798381424286,0.5194246616600469,0.15492957746478872,degraded,6 h
PatchTST-Tuned,6,GJBC_BLOCK_1_A2_GIRLS,142,0.061855348793815976,0.4543027752956924,0.15971830985915492,healthy,6 h
PatchTST-Tuned,6,GJBC_BLOCK_1_A3,142,0.0924094899038089,0.5483862630054043,0.18105633802816903,healthy,6 h
PatchTST-Tuned,6,GJBC_BLOCK_1_A4_RO,142,0.00610146521954982,0.10231192998300312,0.006056338028169014,degraded,6 h
PatchTST-Tuned,6,GJBC_BLOCK_2_A1,142,0.3025006299540663,1.452450182894135,0.42133802816901406,healthy,6 h
PatchTST-Tuned,6,GJBC_LAW_BLOCK_3_A4_BOYS,142,0.7084436340115859,0.8558053049444391,1.1424647887323942,healthy,6 h
PatchTST-Tuned,6,GJBC_LAW_BLOCK_3__A1,139,0.27155996686691863,1.1112656944882982,0.5150359712230216,healthy,6 h
PatchTST-Tuned,6,GJBC_LAW_BLOCK_3__A2,142,0.18045542081476937,0.42290346354427194,0.3630985915492958,healthy,6 h
PatchTST-Tuned,6,GJBC_LAW_BLOCK_3__A3_GIRLS,142,0.14181830947877658,0.556106175065677,0.3047887323943662,healthy,6 h
PatchTST-Tuned,6,G_BLOCK,142,0.3788002866506576,0.7502942024134097,0.9742957746478873,healthy,6 h
PatchTST-Tuned,6,I&H_BLOCK,142,0.4333867976502227,1.1418368426040768,0.43302816901408453,degraded,6 h
PatchTST-Tuned,6,INFORMATION_CENTRE,142,0.014165975267333188,1.6380823433136844,0.014084507042253521,dead,6 h
PatchTST-Tuned,6,IT_BLOCK,142,0.07609385211217466,1.296406373386159,0.09190140845070423,degraded,6 h
PatchTST-Tuned,6,ME_WORKSHOP_BLOCK,142,0.0287981279208538,0.17400076831141045,0.03492957746478873,degraded,6 h
PatchTST-Tuned,6,MM_BLOCK,142,0.3270575110215536,0.7394057317411334,1.0646478873239438,healthy,6 h
PatchTST-Tuned,6,MRD_BLOCK,142,0.7645832992219168,0.6349967019762455,1.3928873239436619,healthy,6 h
PatchTST-Tuned,6,NBX,142,0.43204238654861987,1.0186324345554212,0.7847887323943662,healthy,6 h
PatchTST-Tuned,6,NEW_BLOCK,142,0.04983338372755638,0.7217515173212444,0.17204225352112676,healthy,6 h
PatchTST-Tuned,6,NEW_BLOCK_RO,142,0.00028169014084507044,0.1391715236196239,0.00028169014084507044,dead,6 h
PatchTST-Tuned,6,TECH_PARK,142,0.21497996703105074,0.6273900123586199,0.39492957746478874,healthy,6 h
PatchTST-Tuned,12,BE_BLOCK_OHT,286,0.7245851198276441,0.764215261285735,1.8353846153846152,healthy,12 h
PatchTST-Tuned,12,BE_BLOCK_RO,286,0.010564385975268995,0.8009586791952342,0.010944055944055944,dead,12 h
PatchTST-Tuned,12,CRICKET_GROUND_OHT,286,0.011270996245713602,0.19981192706121878,0.010769230769230769,degraded,12 h
PatchTST-Tuned,12,F_BLOCK,286,0.4455618790779393,0.7644848379719623,0.6956993006993007,healthy,12 h
PatchTST-Tuned,12,GJBC_BLOCK_1_A1_BOYS,286,0.07955641254287708,0.5989425414629306,0.1651048951048951,degraded,12 h
PatchTST-Tuned,12,GJBC_BLOCK_1_A2_GIRLS,286,0.07982573806614308,0.5865862982015612,0.1715034965034965,healthy,12 h
PatchTST-Tuned,12,GJBC_BLOCK_1_A3,286,0.1027874071304719,0.6100563988878843,0.1967132867132867,healthy,12 h
PatchTST-Tuned,12,GJBC_BLOCK_1_A4_RO,286,0.005024165765787164,0.08429029381609202,0.004825174825174826,degraded,12 h
PatchTST-Tuned,12,GJBC_BLOCK_2_A1,286,0.2896501855439119,1.3906055500469952,0.40248251748251745,healthy,12 h
PatchTST-Tuned,12,GJBC_LAW_BLOCK_3_A4_BOYS,286,0.7135481605209879,0.8617310772015481,1.1934965034965035,healthy,12 h
PatchTST-Tuned,12,GJBC_LAW_BLOCK_3__A1,283,0.37129013716016135,1.5114097825333384,0.6009540636042403,healthy,12 h
PatchTST-Tuned,12,GJBC_LAW_BLOCK_3__A2,286,0.2360897730530559,0.5525601458759521,0.42363636363636364,healthy,12 h
PatchTST-Tuned,12,GJBC_LAW_BLOCK_3__A3_GIRLS,286,0.1502839279800028,0.589622935111919,0.31055944055944057,healthy,12 h
PatchTST-Tuned,12,G_BLOCK,286,0.4173228663414508,0.8268067609045463,0.9605244755244755,healthy,12 h
PatchTST-Tuned,12,I&H_BLOCK,286,0.31053321933174965,0.8208671738291239,0.3064685314685315,degraded,12 h
PatchTST-Tuned,12,INFORMATION_CENTRE,286,0.016544452341137925,1.8880794607132767,0.01646853146853147,dead,12 h
PatchTST-Tuned,12,IT_BLOCK,286,0.07011210674314167,1.1972258738933428,0.08947552447552448,degraded,12 h
PatchTST-Tuned,12,ME_WORKSHOP_BLOCK,286,0.02921525617253843,0.1763274564902636,0.035419580419580425,degraded,12 h
PatchTST-Tuned,12,MM_BLOCK,286,0.3127862264476456,0.7072419558562155,1.126888111888112,healthy,12 h
PatchTST-Tuned,12,MRD_BLOCK,286,0.8085158258134668,0.6717467005167569,1.3086013986013987,healthy,12 h
PatchTST-Tuned,12,NBX,286,0.41437628914113644,0.9783609316874617,0.786923076923077,healthy,12 h
PatchTST-Tuned,12,NEW_BLOCK,286,0.05367296395601926,0.7771223195051757,0.1729020979020979,healthy,12 h
PatchTST-Tuned,12,NEW_BLOCK_RO,286,0.00045508389090474804,0.22683801194837247,0.00045454545454545455,dead,12 h
PatchTST-Tuned,12,TECH_PARK,286,0.23195671065651868,0.6768906868892455,0.3816083916083916,healthy,12 h
PatchTST-Tuned,24,BE_BLOCK_OHT,564,0.7723444922088731,0.8146749385395314,1.9401241134751774,healthy,1 d
PatchTST-Tuned,24,BE_BLOCK_RO,564,0.010914278969736924,0.826291827952164,0.01148936170212766,dead,1 d
PatchTST-Tuned,24,CRICKET_GROUND_OHT,564,0.008676914414880927,0.1538641256123123,0.008421985815602837,degraded,1 d
PatchTST-Tuned,24,F_BLOCK,564,0.48167152341481645,0.8261007709266969,0.7098226950354609,healthy,1 d
PatchTST-Tuned,24,GJBC_BLOCK_1_A1_BOYS,564,0.08292749704106163,0.6240975123820137,0.15852836879432625,degraded,1 d
PatchTST-Tuned,24,GJBC_BLOCK_1_A2_GIRLS,564,0.08047121577625367,0.5910372504745836,0.1647340425531915,healthy,1 d
PatchTST-Tuned,24,GJBC_BLOCK_1_A3,564,0.10345157232294057,0.6136845370521598,0.1895390070921986,healthy,1 d
PatchTST-Tuned,24,GJBC_BLOCK_1_A4_RO,564,0.004095422477790282,0.06867650622528057,0.00400709219858156,degraded,1 d
PatchTST-Tuned,24,GJBC_BLOCK_2_A1,564,0.293003472738787,1.4057568149867312,0.4049468085106383,healthy,1 d
PatchTST-Tuned,24,GJBC_LAW_BLOCK_3_A4_BOYS,564,0.7897681605593955,0.9537651982774765,1.280709219858156,healthy,1 d
PatchTST-Tuned,24,GJBC_LAW_BLOCK_3__A1,561,0.39212560347907255,1.5897490409191217,0.6260071301247772,healthy,1 d
PatchTST-Tuned,24,GJBC_LAW_BLOCK_3__A2,564,0.2408256249277727,0.5628099677596334,0.4324468085106383,healthy,1 d
PatchTST-Tuned,24,GJBC_LAW_BLOCK_3__A3_GIRLS,564,0.15435478532462255,0.6049453603985238,0.3408333333333333,healthy,1 d
PatchTST-Tuned,24,G_BLOCK,564,0.4016896840190211,0.7962809603303037,1.0315248226950353,healthy,1 d
PatchTST-Tuned,24,I&H_BLOCK,564,0.32195611818970993,0.8532269336621289,0.314113475177305,degraded,1 d
PatchTST-Tuned,24,INFORMATION_CENTRE,564,0.017481560442183134,2.038524715302092,0.01730496453900709,dead,1 d
PatchTST-Tuned,24,IT_BLOCK,564,0.07885465252503805,1.3501692300679664,0.09443262411347518,degraded,1 d
PatchTST-Tuned,24,ME_WORKSHOP_BLOCK,564,0.03153502584927127,0.1902695054304934,0.037429078014184394,degraded,1 d
PatchTST-Tuned,24,MM_BLOCK,564,0.33971013989008914,0.7678447550927939,1.1443617021276595,healthy,1 d
PatchTST-Tuned,24,MRD_BLOCK,564,0.8885682259848777,0.7381805296330971,1.388758865248227,healthy,1 d
PatchTST-Tuned,24,NBX,561,0.4367727539097349,1.0310998006000025,0.8031729055258466,healthy,1 d
PatchTST-Tuned,24,NEW_BLOCK,564,0.06370792361967108,0.9217312234728189,0.1748936170212766,healthy,1 d
PatchTST-Tuned,24,NEW_BLOCK_RO,564,0.000392295255882626,0.19537265026308476,0.0003900709219858156,dead,1 d
PatchTST-Tuned,24,TECH_PARK,564,0.24919756743158641,0.7267465245651741,0.40037234042553194,healthy,1 d
PatchTST-Tuned,48,BE_BLOCK_OHT,1139,0.759777857449308,0.8014391025516039,1.935873573309921,healthy,2 d
PatchTST-Tuned,48,BE_BLOCK_RO,1139,0.010859518486269027,0.8222998203289337,0.01141352063213345,dead,2 d
PatchTST-Tuned,48,CRICKET_GROUND_OHT,1139,0.00871252053449859,0.15450387108225538,0.008674275680421423,degraded,2 d
PatchTST-Tuned,48,F_BLOCK,1139,0.49166620452758303,0.8432466742619436,0.716865671641791,healthy,2 d
PatchTST-Tuned,48,GJBC_BLOCK_1_A1_BOYS,1139,0.08623383799438628,0.6487831499355338,0.1584899034240562,degraded,2 d
PatchTST-Tuned,48,GJBC_BLOCK_1_A2_GIRLS,1139,0.08424671468253822,0.6186321857836456,0.16414398595259,healthy,2 d
PatchTST-Tuned,48,GJBC_BLOCK_1_A3,1139,0.10632283449971017,0.6306184222471221,0.18919227392449517,healthy,2 d
PatchTST-Tuned,48,GJBC_BLOCK_1_A4_RO,1139,0.004024599521222156,0.067483348768191,0.00398595258999122,degraded,2 d
PatchTST-Tuned,48,GJBC_BLOCK_2_A1,1138,0.30090677423220985,1.4435349529582495,0.40746924428822495,healthy,2 d
PatchTST-Tuned,48,GJBC_LAW_BLOCK_3_A4_BOYS,1139,0.8080901633766893,0.9758548960711416,1.2830465320456539,healthy,2 d
PatchTST-Tuned,48,GJBC_LAW_BLOCK_3__A1,1133,0.4014582124844338,1.6288315996791354,0.6342365401588703,healthy,2 d
PatchTST-Tuned,48,GJBC_LAW_BLOCK_3__A2,1139,0.2508795185723359,0.5862050016101683,0.4311676909569798,healthy,2 d
PatchTST-Tuned,48,GJBC_LAW_BLOCK_3__A3_GIRLS,1139,0.15773197343414347,0.6181361993768529,0.33749780509218613,healthy,2 d
PatchTST-Tuned,48,G_BLOCK,1139,0.3840333598679466,0.7612849919898179,1.0233450395083405,healthy,2 d
PatchTST-Tuned,48,I&H_BLOCK,1139,0.31528573797582543,0.835524139845318,0.31230904302019313,degraded,2 d
PatchTST-Tuned,48,INFORMATION_CENTRE,1139,0.017384988480164648,2.0268291797077382,0.017383669885864796,dead,2 d
PatchTST-Tuned,48,IT_BLOCK,1139,0.08056760239865406,1.3798892567173475,0.09395083406496928,degraded,2 d
PatchTST-Tuned,48,ME_WORKSHOP_BLOCK,1139,0.03121225322475101,0.18832572561298797,0.036523266022827044,degraded,2 d
PatchTST-Tuned,48,MM_BLOCK,1139,0.32472403191180477,0.7339392954970102,1.1396049165935032,healthy,2 d
PatchTST-Tuned,48,MRD_BLOCK,1139,0.938594943280802,0.7797971374233816,1.4137137840210712,healthy,2 d
PatchTST-Tuned,48,NBX,1133,0.406334591510016,0.9594495272330618,0.7871138570167696,healthy,2 d
PatchTST-Tuned,48,NEW_BLOCK,1139,0.059306561597561605,0.857919022887129,0.17575065847234417,healthy,2 d
PatchTST-Tuned,48,NEW_BLOCK_RO,1139,0.00038630379602865614,0.19236507584833154,0.00038630377524143984,dead,2 d
PatchTST-Tuned,48,TECH_PARK,1139,0.24805710933245623,0.7234090306130443,0.4035557506584723,healthy,2 d
PatchTST-Tuned,72,BE_BLOCK_OHT,1715,0.75920032389727,0.8008067094692092,1.9161574344023324,healthy,3 d
PatchTST-Tuned,72,BE_BLOCK_RO,1715,0.011016590316366821,0.8342189483177734,0.011131195335276968,dead,3 d
PatchTST-Tuned,72,CRICKET_GROUND_OHT,1715,0.009185661853187177,0.16309932260508814,0.00917201166180758,degraded,3 d
PatchTST-Tuned,72,F_BLOCK,1715,0.490850334175952,0.8418517929379375,0.720927113702624,healthy,3 d
PatchTST-Tuned,72,GJBC_BLOCK_1_A1_BOYS,1715,0.08591622481419116,0.6464430252637028,0.158600583090379,degraded,3 d
PatchTST-Tuned,72,GJBC_BLOCK_1_A2_GIRLS,1715,0.08579415134151545,0.6300107189817322,0.16416909620991255,healthy,3 d
PatchTST-Tuned,72,GJBC_BLOCK_1_A3,1715,0.10884325611165592,0.6455214209558084,0.18946938775510205,healthy,3 d
PatchTST-Tuned,72,GJBC_BLOCK_1_A4_RO,1715,0.0042562958948731905,0.07133188230762194,0.004250728862973761,degraded,3 d
PatchTST-Tuned,72,GJBC_BLOCK_2_A1,1713,0.3102016645373736,1.4881931082855346,0.405563339171045,healthy,3 d
PatchTST-Tuned,72,GJBC_LAW_BLOCK_3_A4_BOYS,1715,0.8217481175886994,0.9923858393791706,1.2839475218658891,healthy,3 d
PatchTST-Tuned,72,GJBC_LAW_BLOCK_3__A1,1706,0.39227334586599927,1.591429656697822,0.6290328253223916,healthy,3 d
PatchTST-Tuned,72,GJBC_LAW_BLOCK_3__A2,1715,0.2475736374020924,0.5785653276774629,0.427399416909621,healthy,3 d
PatchTST-Tuned,72,GJBC_LAW_BLOCK_3__A3_GIRLS,1715,0.1644843382331442,0.6445331134118978,0.33490379008746357,healthy,3 d
PatchTST-Tuned,72,G_BLOCK,1715,0.38972031523951983,0.7725546364513547,1.01667638483965,healthy,3 d
PatchTST-Tuned,72,I&H_BLOCK,1715,0.2999368365681184,0.7952385288181573,0.29879883381924194,degraded,3 d
PatchTST-Tuned,72,INFORMATION_CENTRE,1715,0.017253387626858213,2.0098781380877155,0.017247813411078717,dead,3 d
PatchTST-Tuned,72,IT_BLOCK,1715,0.07983307187699064,1.367504084561242,0.09289795918367347,degraded,3 d
PatchTST-Tuned,72,ME_WORKSHOP_BLOCK,1715,0.03209712368777733,0.19360891868104962,0.0361399416909621,degraded,3 d
PatchTST-Tuned,72,MM_BLOCK,1715,0.34740299169523725,0.7852299783174818,1.136932944606414,healthy,3 d
PatchTST-Tuned,72,MRD_BLOCK,1715,0.950146640820684,0.7893477196183807,1.4237551020408161,healthy,3 d
PatchTST-Tuned,72,NBX,1706,0.41060337466588476,0.9694213096414701,0.7730070339976554,healthy,3 d
PatchTST-Tuned,72,NEW_BLOCK,1715,0.06293379885861894,0.9104936848268025,0.17590087463556853,healthy,3 d
PatchTST-Tuned,72,NEW_BLOCK_RO,1715,0.00037904443969338623,0.18868453972971538,0.00037900874635568517,dead,3 d
PatchTST-Tuned,72,TECH_PARK,1715,0.24179429641235672,0.7051531270519261,0.40137609329446067,healthy,3 d
PatchTST-Tuned,168,BE_BLOCK_OHT,4019,0.7305643816556644,0.7705423340799114,1.8786290121920877,healthy,7 d
PatchTST-Tuned,168,BE_BLOCK_RO,4019,0.010778141388020173,0.8160560816908469,0.01094302065190346,dead,7 d
PatchTST-Tuned,168,CRICKET_GROUND_OHT,4019,0.008726418552352266,0.15524950554702355,0.008621547648668822,degraded,7 d
PatchTST-Tuned,168,F_BLOCK,4019,0.5175816804271457,0.8877231555708459,0.7129634237372481,healthy,7 d
PatchTST-Tuned,168,GJBC_BLOCK_1_A1_BOYS,4019,0.08805071535840739,0.6624009970507633,0.15860413038069174,degraded,7 d
PatchTST-Tuned,168,GJBC_BLOCK_1_A2_GIRLS,4019,0.08842977006130179,0.6492609470514223,0.16429957700920628,healthy,7 d
PatchTST-Tuned,168,GJBC_BLOCK_1_A3,4019,0.10983837385206087,0.6513163791430034,0.18890768847972134,healthy,7 d
PatchTST-Tuned,168,GJBC_BLOCK_1_A4_RO,4019,0.004165082644153394,0.06974779978450658,0.0041602388653894,degraded,7 d
PatchTST-Tuned,168,GJBC_BLOCK_2_A1,4013,0.3065139598227293,1.4707309677212634,0.3998504859207575,healthy,7 d
PatchTST-Tuned,168,GJBC_LAW_BLOCK_3_A4_BOYS,4019,0.8233910097954847,0.9943440325266919,1.2819656631002738,healthy,7 d
PatchTST-Tuned,168,GJBC_LAW_BLOCK_3__A1,3995,0.42506712530029284,1.7247414391452598,0.6534518147684606,healthy,7 d
PatchTST-Tuned,168,GJBC_LAW_BLOCK_3__A2,4019,0.24105481690911398,0.5633804059609734,0.41123413784523516,healthy,7 d
PatchTST-Tuned,168,GJBC_LAW_BLOCK_3__A3_GIRLS,4019,0.17505545454228155,0.6857711400554102,0.323018163722319,healthy,7 d
PatchTST-Tuned,168,G_BLOCK,4019,0.41387222644730454,0.820469060773125,1.0174222443393879,healthy,7 d
PatchTST-Tuned,168,I&H_BLOCK,4019,0.30706934519326085,0.8147281704456493,0.30510077133615326,degraded,7 d
PatchTST-Tuned,168,INFORMATION_CENTRE,4019,0.015392282668850623,1.785597332086799,0.015349589450111967,dead,7 d
PatchTST-Tuned,168,IT_BLOCK,4019,0.07661622766238499,1.3132526997969551,0.09161731774073152,degraded,7 d
PatchTST-Tuned,168,ME_WORKSHOP_BLOCK,4019,0.03149122346477163,0.18978625278547884,0.03508584224931575,degraded,7 d
PatchTST-Tuned,168,MM_BLOCK,4019,0.3819744161676785,0.8634646733498076,1.1247001741726799,healthy,7 d
PatchTST-Tuned,168,MRD_BLOCK,4019,0.9677470558559933,0.8038619842215428,1.4343468524508585,healthy,7 d
PatchTST-Tuned,168,NBX,3998,0.4172524098782852,0.9848358703955338,0.7322611305652826,healthy,7 d
PatchTST-Tuned,168,NEW_BLOCK,4019,0.06922855451017151,1.0015272483533086,0.17475491415775068,healthy,7 d
PatchTST-Tuned,168,NEW_BLOCK_RO,4019,0.00037390160387989926,0.1862070446696609,0.0003732271709380443,dead,7 d
PatchTST-Tuned,168,TECH_PARK,4019,0.2385912933396178,0.6957858065104364,0.3910400597163473,healthy,7 d
PatchTST,6,BE_BLOCK_OHT,142,0.731819031675097,0.7715582912081246,1.7737323943661971,healthy,6 h
PatchTST,6,BE_BLOCK_RO,142,0.009598989113755394,0.7273551607706936,0.009788732394366197,dead,6 h
PatchTST,6,CRICKET_GROUND_OHT,142,0.013475056489007193,0.23865080562304627,0.013380281690140846,degraded,6 h
PatchTST,6,F_BLOCK,142,0.460786020664472,0.7902882262199885,0.687112676056338,healthy,6 h
PatchTST,6,GJBC_BLOCK_1_A1_BOYS,142,0.07504629568524764,0.5648999183517759,0.15492957746478872,degraded,6 h
PatchTST,6,GJBC_BLOCK_1_A2_GIRLS,142,0.06897577446373836,0.5065295211806677,0.15971830985915492,healthy,6 h
PatchTST,6,GJBC_BLOCK_1_A3,142,0.10193456374423605,0.6048507897321465,0.18105633802816903,healthy,6 h
PatchTST,6,GJBC_BLOCK_1_A4_RO,142,0.0060876858736569565,0.10207881834677524,0.006056338028169014,degraded,6 h
PatchTST,6,GJBC_BLOCK_2_A1,142,0.3399596140127052,1.6318106773198064,0.42133802816901406,healthy,6 h
PatchTST,6,GJBC_LAW_BLOCK_3_A4_BOYS,142,0.7595264352732142,0.917494047770005,1.1424647887323942,healthy,6 h
PatchTST,6,GJBC_LAW_BLOCK_3__A1,139,0.2975087033726757,1.2163972151361053,0.5150359712230216,healthy,6 h
PatchTST,6,GJBC_LAW_BLOCK_3__A2,142,0.19376318159552527,0.4540535289777486,0.3630985915492958,healthy,6 h
PatchTST,6,GJBC_LAW_BLOCK_3__A3_GIRLS,142,0.13969526702774243,0.5476202721341125,0.3047887323943662,healthy,6 h
PatchTST,6,G_BLOCK,142,0.38968279160664115,0.7719362134419042,0.9742957746478873,healthy,6 h
PatchTST,6,I&H_BLOCK,142,0.4362310029261887,1.1491298805949484,0.43302816901408453,degraded,6 h
PatchTST,6,INFORMATION_CENTRE,142,0.014166643270854507,1.6382824268214364,0.014084507042253521,dead,6 h
PatchTST,6,IT_BLOCK,142,0.07959231185487432,1.356076822041636,0.09190140845070423,degraded,6 h
PatchTST,6,ME_WORKSHOP_BLOCK,142,0.029476654502535716,0.17814612075952996,0.03492957746478873,degraded,6 h
PatchTST,6,MM_BLOCK,142,0.35857635308319413,0.810799842092268,1.0646478873239438,healthy,6 h
PatchTST,6,MRD_BLOCK,142,0.8335303319235083,0.6923210576527419,1.3928873239436619,healthy,6 h
PatchTST,6,NBX,142,0.4755661061511073,1.121680489137207,0.7847887323943662,healthy,6 h
PatchTST,6,NEW_BLOCK,142,0.05983124002945465,0.8662513366497372,0.17204225352112676,healthy,6 h
PatchTST,6,NEW_BLOCK_RO,142,0.0002819112209342361,0.1392811694632821,0.00028169014084507044,dead,6 h
PatchTST,6,TECH_PARK,142,0.26360035436434515,0.7692521759691919,0.39492957746478874,healthy,6 h
PatchTST,12,BE_BLOCK_OHT,286,0.7909832254739908,0.8342199339312475,1.8353846153846152,healthy,12 h
PatchTST,12,BE_BLOCK_RO,286,0.010871092812007942,0.8243674703806405,0.010944055944055944,dead,12 h
PatchTST,12,CRICKET_GROUND_OHT,286,0.011067992157476243,0.1961357533218074,0.010769230769230769,degraded,12 h
PatchTST,12,F_BLOCK,286,0.4953405299319045,0.8499236496518613,0.6956993006993007,healthy,12 h
PatchTST,12,GJBC_BLOCK_1_A1_BOYS,286,0.08223128074115807,0.619096050094027,0.1651048951048951,degraded,12 h
PatchTST,12,GJBC_BLOCK_1_A2_GIRLS,286,0.08264264816301062,0.6072611241934187,0.1715034965034965,healthy,12 h
PatchTST,12,GJBC_BLOCK_1_A3,286,0.10575942437965552,0.6276871793721145,0.1967132867132867,healthy,12 h
PatchTST,12,GJBC_BLOCK_1_A4_RO,286,0.004929482517078449,0.08270772885842732,0.004825174825174826,degraded,12 h
PatchTST,12,GJBC_BLOCK_2_A1,286,0.34419786419110515,1.6521239815567113,0.40248251748251745,healthy,12 h
PatchTST,12,GJBC_LAW_BLOCK_3_A4_BOYS,286,0.7649625418746804,0.9237663417466299,1.1934965034965035,healthy,12 h
PatchTST,12,GJBC_LAW_BLOCK_3__A1,283,0.40543837466214655,1.6506909272806718,0.6009540636042403,healthy,12 h
PatchTST,12,GJBC_LAW_BLOCK_3__A2,286,0.24586283965023248,0.575206101463626,0.42363636363636364,healthy,12 h
PatchTST,12,GJBC_LAW_BLOCK_3__A3_GIRLS,286,0.15946578616133103,0.625212737148678,0.31055944055944057,healthy,12 h
PatchTST,12,G_BLOCK,286,0.45178560770474946,0.8951257425950468,0.9605244755244755,healthy,12 h
PatchTST,12,I&H_BLOCK,286,0.32906552380384746,0.869600437750539,0.3064685314685315,degraded,12 h
PatchTST,12,INFORMATION_CENTRE,286,0.01663377632259173,1.8984853838117037,0.01646853146853147,dead,12 h
PatchTST,12,IT_BLOCK,286,0.0742352852019501,1.267464576286305,0.08947552447552448,degraded,12 h
PatchTST,12,ME_WORKSHOP_BLOCK,286,0.028003494205617614,0.16913492126852367,0.035419580419580425,degraded,12 h
PatchTST,12,MM_BLOCK,286,0.3528580662337217,0.7977724898587084,1.126888111888112,healthy,12 h
PatchTST,12,MRD_BLOCK,286,0.877538726715358,0.7290244765728416,1.3086013986013987,healthy,12 h
PatchTST,12,NBX,286,0.47337565673814785,1.1179070287336543,0.786923076923077,healthy,12 h
PatchTST,12,NEW_BLOCK,286,0.06596525845306737,0.9549691753511769,0.1729020979020979,healthy,12 h
PatchTST,12,NEW_BLOCK_RO,286,0.00045487333933384635,0.22673331616953687,0.00045454545454545455,dead,12 h
PatchTST,12,TECH_PARK,286,0.2716359985713567,0.7926591231159158,0.3816083916083916,healthy,12 h
PatchTST,24,BE_BLOCK_OHT,564,0.8362022859154018,0.8820021364949402,1.9401241134751774,healthy,1 d
PatchTST,24,BE_BLOCK_RO,564,0.010805802921100999,0.8182100604684149,0.01148936170212766,dead,1 d
PatchTST,24,CRICKET_GROUND_OHT,564,0.008901984357935249,0.15781434829352,0.008421985815602837,degraded,1 d
PatchTST,24,F_BLOCK,564,0.5592855673330895,0.9591793137575523,0.7098226950354609,healthy,1 d
PatchTST,24,GJBC_BLOCK_1_A1_BOYS,564,0.08798555631058436,0.662146690899373,0.15852836879432625,degraded,1 d
PatchTST,24,GJBC_BLOCK_1_A2_GIRLS,564,0.08719497063719,0.6404085443213756,0.1647340425531915,healthy,1 d
PatchTST,24,GJBC_BLOCK_1_A3,564,0.10920808463020527,0.6478222875023804,0.1895390070921986,healthy,1 d
PatchTST,24,GJBC_BLOCK_1_A4_RO,564,0.004299331218824991,0.0721063525707613,0.00400709219858156,degraded,1 d
PatchTST,24,GJBC_BLOCK_2_A1,564,0.328354551374833,1.5753100755248028,0.4049468085106383,healthy,1 d
PatchTST,24,GJBC_LAW_BLOCK_3_A4_BOYS,564,0.8721083587873066,1.0531808356159353,1.280709219858156,healthy,1 d
PatchTST,24,GJBC_LAW_BLOCK_3__A1,561,0.4185103166523039,1.6970084385674313,0.6260071301247772,healthy,1 d
PatchTST,24,GJBC_LAW_BLOCK_3__A2,564,0.2548835214470506,0.595475853840927,0.4324468085106383,healthy,1 d
PatchTST,24,GJBC_LAW_BLOCK_3__A3_GIRLS,564,0.16672981898465478,0.6532263811465628,0.3408333333333333,healthy,1 d
PatchTST,24,G_BLOCK,564,0.3842650323873716,0.7616854578408702,1.0315248226950353,healthy,1 d
PatchTST,24,I&H_BLOCK,564,0.3365770680977796,0.8918076528701961,0.314113475177305,degraded,1 d
PatchTST,24,INFORMATION_CENTRE,564,0.017637184207093815,2.0562209126528583,0.01730496453900709,dead,1 d
PatchTST,24,IT_BLOCK,564,0.08209503626338609,1.4053695850117462,0.09443262411347518,degraded,1 d
PatchTST,24,ME_WORKSHOP_BLOCK,564,0.031352726114543934,0.1892081166609777,0.037429078014184394,degraded,1 d
PatchTST,24,MM_BLOCK,564,0.3783649448342357,0.8551387345976629,1.1443617021276595,healthy,1 d
PatchTST,24,MRD_BLOCK,564,0.9726502658775511,0.8079210678823332,1.388758865248227,healthy,1 d
PatchTST,24,NBX,561,0.4673533456763269,1.1032786913377928,0.8031729055258466,healthy,1 d
PatchTST,24,NEW_BLOCK,564,0.07156178111302937,1.0353558069369087,0.1748936170212766,healthy,1 d
PatchTST,24,NEW_BLOCK_RO,564,0.0003915783863893481,0.19501602577069427,0.0003900709219858156,dead,1 d
PatchTST,24,TECH_PARK,564,0.2619052040903228,0.763788982491246,0.40037234042553194,healthy,1 d
PatchTST,48,BE_BLOCK_OHT,1139,0.8366355176595767,0.8824780487082059,1.935873573309921,healthy,2 d
PatchTST,48,BE_BLOCK_RO,1139,0.011074265776985802,0.8384792246861583,0.01141352063213345,dead,2 d
PatchTST,48,CRICKET_GROUND_OHT,1139,0.009053619007310793,0.1605671805009444,0.008674275680421423,degraded,2 d
PatchTST,48,F_BLOCK,1139,0.5549707823531266,0.9517883709817861,0.716865671641791,healthy,2 d
PatchTST,48,GJBC_BLOCK_1_A1_BOYS,1139,0.08897581319951822,0.6695039851849099,0.1584899034240562,degraded,2 d
PatchTST,48,GJBC_BLOCK_1_A2_GIRLS,1139,0.08884926308145955,0.6524828484218299,0.16414398595259,healthy,2 d
PatchTST,48,GJBC_BLOCK_1_A3,1139,0.11034479787061359,0.6544876243278797,0.18919227392449517,healthy,2 d
PatchTST,48,GJBC_BLOCK_1_A4_RO,1139,0.004325030133799303,0.07252056533284064,0.00398595258999122,degraded,2 d
PatchTST,48,GJBC_BLOCK_2_A1,1138,0.32783065664518124,1.5727063194619653,0.40746924428822495,healthy,2 d
PatchTST,48,GJBC_LAW_BLOCK_3_A4_BOYS,1139,0.8744459141352597,1.0559657760891321,1.2830465320456539,healthy,2 d
PatchTST,48,GJBC_LAW_BLOCK_3__A1,1133,0.4186280497090541,1.6984521772797865,0.6342365401588703,healthy,2 d
PatchTST,48,GJBC_LAW_BLOCK_3__A2,1139,0.2474537642863992,0.5782360048115864,0.4311676909569798,healthy,2 d
PatchTST,48,GJBC_LAW_BLOCK_3__A3_GIRLS,1139,0.16359297336534623,0.6409480558977939,0.33749780509218613,healthy,2 d
PatchTST,48,G_BLOCK,1139,0.4060053062847144,0.8048006659609364,1.0233450395083405,healthy,2 d
PatchTST,48,I&H_BLOCK,1139,0.3486002549773264,0.9236765456959887,0.31230904302019313,degraded,2 d
PatchTST,48,INFORMATION_CENTRE,1139,0.01777162383640945,2.071670287414181,0.017383669885864796,dead,2 d
PatchTST,48,IT_BLOCK,1139,0.08172597069365216,1.3993505344269725,0.09395083406496928,degraded,2 d
PatchTST,48,ME_WORKSHOP_BLOCK,1139,0.030331767817257632,0.18305722036076413,0.036523266022827044,degraded,2 d
PatchTST,48,MM_BLOCK,1139,0.35318918281108064,0.7982655231704328,1.1396049165935032,healthy,2 d
PatchTST,48,MRD_BLOCK,1139,1.0322525705581593,0.8574273922921484,1.4137137840210712,healthy,2 d
PatchTST,48,NBX,1133,0.44815811492759156,1.058127376370691,0.7871138570167696,healthy,2 d
PatchTST,48,NEW_BLOCK,1139,0.07064192268804462,1.0221431141196855,0.17575065847234417,healthy,2 d
PatchTST,48,NEW_BLOCK_RO,1139,0.0003893681554694907,0.1938951504313997,0.00038630377524143984,dead,2 d
PatchTST,48,TECH_PARK,1139,0.26737410176319704,0.7797337041087298,0.4035557506584723,healthy,2 d
PatchTST,72,BE_BLOCK_OHT,1715,0.8510514179068474,0.8976270270474052,1.9161574344023324,healthy,3 d
PatchTST,72,BE_BLOCK_RO,1715,0.01107930435455026,0.838912282272329,0.011131195335276968,dead,3 d
PatchTST,72,CRICKET_GROUND_OHT,1715,0.00927711402715158,0.16471954583919604,0.00917201166180758,degraded,3 d
PatchTST,72,F_BLOCK,1715,0.5699516553274049,0.9774300560015587,0.720927113702624,healthy,3 d
PatchTST,72,GJBC_BLOCK_1_A1_BOYS,1715,0.09127484295397736,0.6867471210166355,0.158600583090379,degraded,3 d
PatchTST,72,GJBC_BLOCK_1_A2_GIRLS,1715,0.0927352757225405,0.6808877590357347,0.16416909620991255,healthy,3 d
PatchTST,72,GJBC_BLOCK_1_A3,1715,0.11260576638283952,0.6677866893594265,0.18946938775510205,healthy,3 d
PatchTST,72,GJBC_BLOCK_1_A4_RO,1715,0.004366362544042278,0.0731784871747561,0.004250728862973761,degraded,3 d
PatchTST,72,GJBC_BLOCK_2_A1,1713,0.3414224591549435,1.6379528223620967,0.405563339171045,healthy,3 d
PatchTST,72,GJBC_LAW_BLOCK_3_A4_BOYS,1715,0.8935608715948489,1.0790400875152717,1.2839475218658891,healthy,3 d
PatchTST,72,GJBC_LAW_BLOCK_3__A1,1706,0.4159989895420924,1.686920763811395,0.6290328253223916,healthy,3 d
PatchTST,72,GJBC_LAW_BLOCK_3__A2,1715,0.25222625147149447,0.5894560278942448,0.427399416909621,healthy,3 d
PatchTST,72,GJBC_LAW_BLOCK_3__A3_GIRLS,1715,0.16545430479053158,0.6482105315923526,0.33490379008746357,healthy,3 d
PatchTST,72,G_BLOCK,1715,0.4309444461994894,0.8541976186323619,1.01667638483965,healthy,3 d
PatchTST,72,I&H_BLOCK,1715,0.3125237130453895,0.8285249264895245,0.29879883381924194,degraded,3 d
PatchTST,72,INFORMATION_CENTRE,1715,0.017349787782089933,2.0209587253637604,0.017247813411078717,dead,3 d
PatchTST,72,IT_BLOCK,1715,0.08142774915505667,1.3945824673310458,0.09289795918367347,degraded,3 d
PatchTST,72,ME_WORKSHOP_BLOCK,1715,0.02997456342223,0.18088821757702114,0.0361399416909621,degraded,3 d
PatchTST,72,MM_BLOCK,1715,0.3577561385958257,0.8086706294329351,1.136932944606414,healthy,3 d
PatchTST,72,MRD_BLOCK,1715,1.0515612271575816,0.8734735739589099,1.4237551020408161,healthy,3 d
PatchTST,72,NBX,1706,0.4387178512663522,1.0358881489142329,0.7730070339976554,healthy,3 d
PatchTST,72,NEW_BLOCK,1715,0.07660006281029727,1.1082570607673072,0.17590087463556853,healthy,3 d
PatchTST,72,NEW_BLOCK_RO,1715,0.0003809874120518129,0.18965432146309744,0.00037900874635568517,dead,3 d
PatchTST,72,TECH_PARK,1715,0.27640149988344825,0.8060532295293726,0.40137609329446067,healthy,3 d
PatchTST,168,BE_BLOCK_OHT,4019,0.8932655324269124,0.9420886312903852,1.8786290121920877,healthy,7 d
PatchTST,168,BE_BLOCK_RO,4019,0.010846270108512893,0.821187402441946,0.01094302065190346,dead,7 d
PatchTST,168,CRICKET_GROUND_OHT,4019,0.008863879779416326,0.15766389484704427,0.008621547648668822,degraded,7 d
PatchTST,168,F_BLOCK,4019,0.5649881718180375,0.9689845413442049,0.7129634237372481,healthy,7 d
PatchTST,168,GJBC_BLOCK_1_A1_BOYS,4019,0.09501022999968567,0.7147762959834055,0.15860413038069174,degraded,7 d
PatchTST,168,GJBC_BLOCK_1_A2_GIRLS,4019,0.09613905417226565,0.7059156425192015,0.16429957700920628,healthy,7 d
PatchTST,168,GJBC_BLOCK_1_A3,4019,0.11859203722204668,0.7032331976003442,0.18890768847972134,healthy,7 d
PatchTST,168,GJBC_BLOCK_1_A4_RO,4019,0.004343488696364164,0.07272826110848586,0.0041602388653894,degraded,7 d
PatchTST,168,GJBC_BLOCK_2_A1,4013,0.33525761694603856,1.6086584615429127,0.3998504859207575,healthy,7 d
PatchTST,168,GJBC_LAW_BLOCK_3_A4_BOYS,4019,0.89794991548514,1.0843531109182207,1.2819656631002738,healthy,7 d
PatchTST,168,GJBC_LAW_BLOCK_3__A1,3995,0.44124875525255525,1.7901018678644491,0.6534518147684606,healthy,7 d
PatchTST,168,GJBC_LAW_BLOCK_3__A2,4019,0.24879816064745017,0.5814278604989025,0.41123413784523516,healthy,7 d
PatchTST,168,GJBC_LAW_BLOCK_3__A3_GIRLS,4019,0.18181850813920594,0.7121725409720561,0.323018163722319,healthy,7 d
PatchTST,168,G_BLOCK,4019,0.4346605559550995,0.8614703675269212,1.0174222443393879,healthy,7 d
PatchTST,168,I&H_BLOCK,4019,0.33209737905299946,0.8806529462375665,0.30510077133615326,degraded,7 d
PatchTST,168,INFORMATION_CENTRE,4019,0.015586931508480676,1.8087259991287206,0.015349589450111967,dead,7 d
PatchTST,168,IT_BLOCK,4019,0.0778164145283857,1.3335045577113704,0.09161731774073152,degraded,7 d
PatchTST,168,ME_WORKSHOP_BLOCK,4019,0.030156222053639672,0.18194086416926028,0.03508584224931575,degraded,7 d
PatchTST,168,MM_BLOCK,4019,0.398278891607789,0.9002137813652343,1.1247001741726799,healthy,7 d
PatchTST,168,MRD_BLOCK,4019,1.087250314734118,0.9029185669865334,1.4343468524508585,healthy,7 d
PatchTST,168,NBX,3998,0.43223309932767656,1.0204014347990582,0.7322611305652826,healthy,7 d
PatchTST,168,NEW_BLOCK,4019,0.07879232029819644,1.1398812331388328,0.17475491415775068,healthy,7 d
PatchTST,168,NEW_BLOCK_RO,4019,0.0003741912949121591,0.1863521285794673,0.0003732271709380443,dead,7 d
PatchTST,168,TECH_PARK,4019,0.25742100294233555,0.7506751028353535,0.3910400597163473,healthy,7 d
SeasonalNaive,6,BE_BLOCK_OHT,142,0.8845774647887323,0.9325758892729853,1.7737323943661971,healthy,6 h
SeasonalNaive,6,BE_BLOCK_RO,142,0.009084507042253522,0.6873824599482502,0.009788732394366197,dead,6 h
SeasonalNaive,6,CRICKET_GROUND_OHT,142,0.022323943661971834,0.39495056038483844,0.013380281690140846,degraded,6 h
SeasonalNaive,6,F_BLOCK,142,0.5430281690140845,0.9316577065303349,0.687112676056338,healthy,6 h
SeasonalNaive,6,GJBC_BLOCK_1_A1_BOYS,142,0.08992957746478873,0.6771320598169982,0.15492957746478872,degraded,6 h
SeasonalNaive,6,GJBC_BLOCK_1_A2_GIRLS,142,0.07640845070422535,0.5612874160576271,0.15971830985915492,healthy,6 h
SeasonalNaive,6,GJBC_BLOCK_1_A3,142,0.12267605633802815,0.7281198424725365,0.18105633802816903,healthy,6 h
SeasonalNaive,6,GJBC_BLOCK_1_A4_RO,142,0.009507042253521128,0.15947545461704607,0.006056338028169014,degraded,6 h
SeasonalNaive,6,GJBC_BLOCK_2_A1,142,0.21838028169014084,1.0482709872043259,0.42133802816901406,healthy,6 h
SeasonalNaive,6,GJBC_LAW_BLOCK_3_A4_BOYS,142,0.8708450704225352,1.0520799856025638,1.1424647887323942,healthy,6 h
SeasonalNaive,6,GJBC_LAW_BLOCK_3__A1,139,0.40971223021582737,1.6747606194471,0.5150359712230216,healthy,6 h
SeasonalNaive,6,GJBC_LAW_BLOCK_3__A2,142,0.2482394366197183,0.5820473487849022,0.3630985915492958,healthy,6 h
SeasonalNaive,6,GJBC_LAW_BLOCK_3__A3_GIRLS,142,0.19154929577464788,0.751082212156715,0.3047887323943662,healthy,6 h
SeasonalNaive,6,G_BLOCK,142,0.49091549295774645,0.9721441670278148,0.9742957746478873,healthy,6 h
SeasonalNaive,6,I&H_BLOCK,142,0.7511971830985915,1.9802446747227067,0.43302816901408453,degraded,6 h
SeasonalNaive,6,INFORMATION_CENTRE,142,0.030774647887323946,3.6102528822592213,0.014084507042253521,dead,6 h
SeasonalNaive,6,IT_BLOCK,142,0.11119718309859154,1.8963154465162912,0.09190140845070423,degraded,6 h
SeasonalNaive,6,ME_WORKSHOP_BLOCK,142,0.03471830985915493,0.20991881129897474,0.03492957746478873,degraded,6 h
SeasonalNaive,6,MM_BLOCK,142,0.3577464788732394,0.8086572078476038,1.0646478873239438,healthy,6 h
SeasonalNaive,6,MRD_BLOCK,142,1.1230985915492957,0.9325714984880109,1.3928873239436619,healthy,6 h
SeasonalNaive,6,NBX,142,0.45767605633802816,1.0791479354752058,0.7847887323943662,healthy,6 h
SeasonalNaive,6,NEW_BLOCK,142,0.04873239436619718,0.7054425146410799,0.17204225352112676,healthy,6 h
SeasonalNaive,6,NEW_BLOCK_RO,142,0.0004225352112676056,0.20918270848165613,0.00028169014084507044,dead,6 h
SeasonalNaive,6,TECH_PARK,142,0.32556338028169013,0.950076314083538,0.39492957746478874,healthy,6 h
NPTS,6,BE_BLOCK_OHT,142,0.6698591549295775,0.7062782315521715,1.7737323943661971,healthy,6 h
NPTS,6,BE_BLOCK_RO,142,0.009577464788732394,0.7260496900809824,0.009788732394366197,dead,6 h
NPTS,6,CRICKET_GROUND_OHT,142,0.013521126760563381,0.23945436718235757,0.013380281690140846,degraded,6 h
NPTS,6,F_BLOCK,142,0.3751408450704225,0.6434498037303483,0.687112676056338,healthy,6 h
NPTS,6,GJBC_BLOCK_1_A1_BOYS,142,0.06781690140845072,0.5105473454433624,0.15492957746478872,degraded,6 h
NPTS,6,GJBC_BLOCK_1_A2_GIRLS,142,0.05816901408450704,0.4271799075202574,0.15971830985915492,healthy,6 h
NPTS,6,GJBC_BLOCK_1_A3,142,0.09492957746478874,0.563439886607789,0.18105633802816903,healthy,6 h
NPTS,6,GJBC_BLOCK_1_A4_RO,142,0.006056338028169014,0.10155471772825893,0.006056338028169014,degraded,6 h
NPTS,6,GJBC_BLOCK_2_A1,142,0.16549295774647887,0.7945255184559987,0.42133802816901406,healthy,6 h
NPTS,6,GJBC_LAW_BLOCK_3_A4_BOYS,142,0.6436619718309858,0.7777148842765166,1.1424647887323942,healthy,6 h
NPTS,6,GJBC_LAW_BLOCK_3__A1,139,0.31424460431654677,1.2843481344550847,0.5150359712230216,healthy,6 h
NPTS,6,GJBC_LAW_BLOCK_3__A2,142,0.306056338028169,0.7184556407956916,0.3630985915492958,healthy,6 h
NPTS,6,GJBC_LAW_BLOCK_3__A3_GIRLS,142,0.2137323943661972,0.8385528648143277,0.3047887323943662,healthy,6 h
NPTS,6,G_BLOCK,142,0.35098591549295777,0.695155471038308,0.9742957746478873,healthy,6 h
NPTS,6,I&H_BLOCK,142,0.432887323943662,1.140413094793099,0.43302816901408453,degraded,6 h
NPTS,6,INFORMATION_CENTRE,142,0.014084507042253521,1.6286789285961936,0.014084507042253521,dead,6 h
NPTS,6,IT_BLOCK,142,0.06781690140845072,1.1564069116411217,0.09190140845070423,degraded,6 h
NPTS,6,ME_WORKSHOP_BLOCK,142,0.026126760563380282,0.15777551799792858,0.03492957746478873,degraded,6 h
NPTS,6,MM_BLOCK,142,0.2661971830985915,0.6019744225798266,1.0646478873239438,healthy,6 h
NPTS,6,MRD_BLOCK,142,0.8430985915492958,0.7001806153082909,1.3928873239436619,healthy,6 h
NPTS,6,NBX,142,0.33598591549295775,0.7921864782431961,0.7847887323943662,healthy,6 h
NPTS,6,NEW_BLOCK,142,0.03429577464788732,0.49615745214084767,0.17204225352112676,healthy,6 h
NPTS,6,NEW_BLOCK_RO,142,0.00028169014084507044,0.1391715236196239,0.00028169014084507044,dead,6 h
NPTS,6,TECH_PARK,142,0.22323943661971832,0.651513321134128,0.39492957746478874,healthy,6 h
ETS,6,BE_BLOCK_OHT,142,0.7838493487201521,0.8263446239620322,1.7737323943661971,healthy,6 h
ETS,6,BE_BLOCK_RO,142,0.010072406047120756,0.7625650185740418,0.009788732394366197,dead,6 h
ETS,6,CRICKET_GROUND_OHT,142,0.015400914897692929,0.2728520989553898,0.013380281690140846,degraded,6 h
ETS,6,F_BLOCK,142,0.4306757781518165,0.7387536923419141,0.687112676056338,healthy,6 h
ETS,6,GJBC_BLOCK_1_A1_BOYS,142,0.08065016668124625,0.6067152350978303,0.15492957746478872,degraded,6 h
ETS,6,GJBC_BLOCK_1_A2_GIRLS,142,0.0642604489213124,0.4719484919925957,0.15971830985915492,healthy,6 h
ETS,6,GJBC_BLOCK_1_A3,142,0.09658785352522199,0.5732195367812796,0.18105633802816903,healthy,6 h
ETS,6,GJBC_BLOCK_1_A4_RO,142,0.007796628332080652,0.13071606174034575,0.006056338028169014,degraded,6 h
ETS,6,GJBC_BLOCK_2_A1,142,0.19901338450672926,0.9551659094110271,0.42133802816901406,healthy,6 h
ETS,6,GJBC_LAW_BLOCK_3_A4_BOYS,142,0.6564906478753602,0.7931429056280783,1.1424647887323942,healthy,6 h
ETS,6,GJBC_LAW_BLOCK_3__A1,139,0.41431401166325993,1.6908829613182133,0.5150359712230216,healthy,6 h
ETS,6,GJBC_LAW_BLOCK_3__A2,142,0.2509461233341824,0.5887948617149575,0.3630985915492958,healthy,6 h
ETS,6,GJBC_LAW_BLOCK_3__A3_GIRLS,142,0.1640873494877521,0.6428421560574159,0.3047887323943662,healthy,6 h
ETS,6,G_BLOCK,142,0.41436157495946857,0.8208056070471719,0.9742957746478873,healthy,6 h
ETS,6,I&H_BLOCK,142,0.6557652100154213,1.7300552166192351,0.43302816901408453,degraded,6 h
ETS,6,INFORMATION_CENTRE,142,0.037827142253087344,4.4590049894161305,0.014084507042253521,dead,6 h
ETS,6,IT_BLOCK,142,0.07814079476788847,1.3341062837398157,0.09190140845070423,degraded,6 h
ETS,6,ME_WORKSHOP_BLOCK,142,0.03511206693374186,0.21203820543830265,0.03492957746478873,degraded,6 h
ETS,6,MM_BLOCK,142,0.26549653478265156,0.6002788119740358,1.0646478873239438,healthy,6 h
ETS,6,MRD_BLOCK,142,0.8139594762510535,0.6758820670414963,1.3928873239436619,healthy,6 h
ETS,6,NBX,142,0.4458774119491938,1.0513265601331112,0.7847887323943662,healthy,6 h
ETS,6,NEW_BLOCK,142,0.03630402375209119,0.5253913353549033,0.17204225352112676,healthy,6 h
ETS,6,NEW_BLOCK_RO,142,0.0011846698265291355,0.5891939081533849,0.00028169014084507044,dead,6 h
ETS,6,TECH_PARK,142,0.267092736029582,0.7792175043061317,0.39492957746478874,healthy,6 h
Theta,6,BE_BLOCK_OHT,142,0.8276799814841969,0.872582947171967,1.7737323943661971,healthy,6 h
Theta,6,BE_BLOCK_RO,142,0.009753865314579103,0.7389840260358812,0.009788732394366197,dead,6 h
Theta,6,CRICKET_GROUND_OHT,142,0.016454465204642724,0.29225309690509343,0.013380281690140846,degraded,6 h
Theta,6,F_BLOCK,142,0.43346369537652396,0.7435633785712822,0.687112676056338,healthy,6 h
Theta,6,GJBC_BLOCK_1_A1_BOYS,142,0.07280944956762003,0.5480010412674524,0.15492957746478872,degraded,6 h
Theta,6,GJBC_BLOCK_1_A2_GIRLS,142,0.06537806369977009,0.4801877912834649,0.15971830985915492,healthy,6 h
Theta,6,GJBC_BLOCK_1_A3,142,0.09740786680243176,0.5780814356393333,0.18105633802816903,healthy,6 h
Theta,6,GJBC_BLOCK_1_A4_RO,142,0.007451478418127137,0.12491281473771455,0.006056338028169014,degraded,6 h
Theta,6,GJBC_BLOCK_2_A1,142,0.18892538304931794,0.9066060793605627,0.42133802816901406,healthy,6 h
Theta,6,GJBC_LAW_BLOCK_3_A4_BOYS,142,0.6340861238796401,0.7660759811996555,1.1424647887323942,healthy,6 h
Theta,6,GJBC_LAW_BLOCK_3__A1,139,0.4379440475436993,1.7841762818637579,0.5150359712230216,healthy,6 h
Theta,6,GJBC_LAW_BLOCK_3__A2,142,0.27160120327328985,0.6367984173844767,0.3630985915492958,healthy,6 h
Theta,6,GJBC_LAW_BLOCK_3__A3_GIRLS,142,0.164545594584149,0.6451804269876147,0.3047887323943662,healthy,6 h
Theta,6,G_BLOCK,142,0.4369990610513123,0.8657105192683751,0.9742957746478873,healthy,6 h
Theta,6,I&H_BLOCK,142,0.6727173208576781,1.777815807398675,0.43302816901408453,degraded,6 h
Theta,6,INFORMATION_CENTRE,142,0.03486170259461751,4.112244260197457,0.014084507042253521,dead,6 h
Theta,6,IT_BLOCK,142,0.07859887464224657,1.3422782917845624,0.09190140845070423,degraded,6 h
Theta,6,ME_WORKSHOP_BLOCK,142,0.03894544130596715,0.23501118252497377,0.03492957746478873,degraded,6 h
Theta,6,MM_BLOCK,142,0.2808565956663808,0.6349881433814945,1.0646478873239438,healthy,6 h
Theta,6,MRD_BLOCK,142,0.6867966181663291,0.5703384588821141,1.3928873239436619,healthy,6 h
Theta,6,NBX,142,0.4519280251614085,1.066022840853571,0.7847887323943662,healthy,6 h
Theta,6,NEW_BLOCK,142,0.03931128691400386,0.5687909807578619,0.17204225352112676,healthy,6 h
Theta,6,NEW_BLOCK_RO,142,0.0008248815324295208,0.4101320769816063,0.00028169014084507044,dead,6 h
Theta,6,TECH_PARK,142,0.2792094436104498,0.8142815627044416,0.39492957746478874,healthy,6 h
DynamicOptimizedTheta,6,BE_BLOCK_OHT,142,0.8276426157731258,0.8725435723836081,1.7737323943661971,healthy,6 h
DynamicOptimizedTheta,6,BE_BLOCK_RO,142,0.00973711439578032,0.7377196937396323,0.009788732394366197,dead,6 h
DynamicOptimizedTheta,6,CRICKET_GROUND_OHT,142,0.016566643016421436,0.29426726879394227,0.013380281690140846,degraded,6 h
DynamicOptimizedTheta,6,F_BLOCK,142,0.4334774341946758,0.7435871987166875,0.687112676056338,healthy,6 h
DynamicOptimizedTheta,6,GJBC_BLOCK_1_A1_BOYS,142,0.07279589950625479,0.5478979338905742,0.15492957746478872,degraded,6 h
DynamicOptimizedTheta,6,GJBC_BLOCK_1_A2_GIRLS,142,0.06544981879860494,0.4807128025412731,0.15971830985915492,healthy,6 h
DynamicOptimizedTheta,6,GJBC_BLOCK_1_A3,142,0.09762668096490046,0.5793656875772761,0.18105633802816903,healthy,6 h
DynamicOptimizedTheta,6,GJBC_BLOCK_1_A4_RO,142,0.007447533576934929,0.12484661750727108,0.006056338028169014,degraded,6 h
DynamicOptimizedTheta,6,GJBC_BLOCK_2_A1,142,0.18893093354169968,0.9066335946964648,0.42133802816901406,healthy,6 h
DynamicOptimizedTheta,6,GJBC_LAW_BLOCK_3_A4_BOYS,142,0.635292901523863,0.767522308043449,1.1424647887323942,healthy,6 h
DynamicOptimizedTheta,6,GJBC_LAW_BLOCK_3__A1,139,0.437640524022499,1.7829510507902597,0.5150359712230216,healthy,6 h
DynamicOptimizedTheta,6,GJBC_LAW_BLOCK_3__A2,142,0.2715555885889482,0.6366912184655106,0.3630985915492958,healthy,6 h
DynamicOptimizedTheta,6,GJBC_LAW_BLOCK_3__A3_GIRLS,142,0.16454590249775627,0.6451810865096418,0.3047887323943662,healthy,6 h
DynamicOptimizedTheta,6,G_BLOCK,142,0.4392762733807228,0.8702438788147688,0.9742957746478873,healthy,6 h
DynamicOptimizedTheta,6,I&H_BLOCK,142,0.6725021809617906,1.7772484772106336,0.43302816901408453,degraded,6 h
DynamicOptimizedTheta,6,INFORMATION_CENTRE,142,0.03478956063537084,4.103899553455564,0.014084507042253521,dead,6 h
DynamicOptimizedTheta,6,IT_BLOCK,142,0.07855424348701258,1.3415123920969134,0.09190140845070423,degraded,6 h
DynamicOptimizedTheta,6,ME_WORKSHOP_BLOCK,142,0.038940478465049486,0.2349819604196388,0.03492957746478873,degraded,6 h
DynamicOptimizedTheta,6,MM_BLOCK,142,0.2808386408165198,0.6349479178530041,1.0646478873239438,healthy,6 h
DynamicOptimizedTheta,6,MRD_BLOCK,142,0.686874252074951,0.5704028677322648,1.3928873239436619,healthy,6 h
DynamicOptimizedTheta,6,NBX,142,0.4517606704299159,1.065628116382831,0.7847887323943662,healthy,6 h
DynamicOptimizedTheta,6,NEW_BLOCK,142,0.03930724744006727,0.5687328593798425,0.17204225352112676,healthy,6 h
DynamicOptimizedTheta,6,NEW_BLOCK_RO,142,0.0008257559219680228,0.41057061578178955,0.00028169014084507044,dead,6 h
DynamicOptimizedTheta,6,TECH_PARK,142,0.2791683810537704,0.8141616079950709,0.39492957746478874,healthy,6 h
SeasonalNaive,12,BE_BLOCK_OHT,286,0.8947202797202798,0.9434513420521606,1.8353846153846152,healthy,12 h
SeasonalNaive,12,BE_BLOCK_RO,286,0.010000000000000002,0.7579000851093326,0.010944055944055944,dead,12 h
SeasonalNaive,12,CRICKET_GROUND_OHT,286,0.021643356643356645,0.38249936148678293,0.010769230769230769,degraded,12 h
SeasonalNaive,12,F_BLOCK,286,0.5467132867132868,0.9382861301003251,0.6956993006993007,healthy,12 h
SeasonalNaive,12,GJBC_BLOCK_1_A1_BOYS,286,0.10279720279720281,0.7740408763703472,0.1651048951048951,degraded,12 h
SeasonalNaive,12,GJBC_BLOCK_1_A2_GIRLS,286,0.10335664335664335,0.7596553246093348,0.1715034965034965,healthy,12 h
SeasonalNaive,12,GJBC_BLOCK_1_A3,286,0.1380769230769231,0.8196025929441104,0.1967132867132867,healthy,12 h
SeasonalNaive,12,GJBC_BLOCK_1_A4_RO,286,0.006888111888111888,0.11559866027331282,0.004825174825174826,degraded,12 h
SeasonalNaive,12,GJBC_BLOCK_2_A1,286,0.20762237762237762,0.9971160477600467,0.40248251748251745,healthy,12 h
SeasonalNaive,12,GJBC_LAW_BLOCK_3_A4_BOYS,286,0.8593006993006993,1.0377550863380118,1.1934965034965035,healthy,12 h
SeasonalNaive,12,GJBC_LAW_BLOCK_3__A1,283,0.47561837455830386,1.9365247965655572,0.6009540636042403,healthy,12 h
SeasonalNaive,12,GJBC_LAW_BLOCK_3__A2,286,0.22979020979020978,0.5392223158606683,0.42363636363636364,healthy,12 h
SeasonalNaive,12,GJBC_LAW_BLOCK_3__A3_GIRLS,286,0.18465034965034965,0.7244380672585878,0.31055944055944057,healthy,12 h
SeasonalNaive,12,G_BLOCK,286,0.59506993006993,1.1788547119343158,0.9605244755244755,healthy,12 h
SeasonalNaive,12,I&H_BLOCK,286,0.5293356643356644,1.4002985621683424,0.3064685314685315,degraded,12 h
SeasonalNaive,12,INFORMATION_CENTRE,286,0.029125874125874127,3.3664014943105687,0.01646853146853147,dead,12 h
SeasonalNaive,12,IT_BLOCK,286,0.09031468531468531,1.5409405335810602,0.08947552447552448,degraded,12 h
SeasonalNaive,12,ME_WORKSHOP_BLOCK,286,0.03625874125874126,0.21906157297457143,0.035419580419580425,degraded,12 h
SeasonalNaive,12,MM_BLOCK,286,0.3281818181818182,0.7418098217691499,1.126888111888112,healthy,12 h
SeasonalNaive,12,MRD_BLOCK,286,1.0793356643356644,0.8966575564967546,1.3086013986013987,healthy,12 h
SeasonalNaive,12,NBX,286,0.46132867132867134,1.0892393723493818,0.786923076923077,healthy,12 h
SeasonalNaive,12,NEW_BLOCK,286,0.05153846153846154,0.7462071209664018,0.1729020979020979,healthy,12 h
SeasonalNaive,12,NEW_BLOCK_RO,286,0.0007342657342657343,0.36640337826101455,0.00045454545454545455,dead,12 h
SeasonalNaive,12,TECH_PARK,286,0.31702797202797206,0.9253400111132126,0.3816083916083916,healthy,12 h
NPTS,12,BE_BLOCK_OHT,286,0.6692307692307693,0.7057610793575329,1.8353846153846152,healthy,12 h
NPTS,12,BE_BLOCK_RO,286,0.010174825174825175,0.7718039538445637,0.010944055944055944,dead,12 h
NPTS,12,CRICKET_GROUND_OHT,286,0.010874125874125876,0.19269723595468344,0.010769230769230769,degraded,12 h
NPTS,12,F_BLOCK,286,0.4111888111888112,0.7056592940136607,0.6956993006993007,healthy,12 h
NPTS,12,GJBC_BLOCK_1_A1_BOYS,286,0.07636363636363637,0.5749409683919154,0.1651048951048951,degraded,12 h
NPTS,12,GJBC_BLOCK_1_A2_GIRLS,286,0.07363636363636364,0.5411250942506866,0.1715034965034965,healthy,12 h
NPTS,12,GJBC_BLOCK_1_A3,286,0.10080419580419579,0.5983591242576561,0.1967132867132867,healthy,12 h
NPTS,12,GJBC_BLOCK_1_A4_RO,286,0.004825174825174826,0.08095205906802842,0.004825174825174826,degraded,12 h
NPTS,12,GJBC_BLOCK_2_A1,286,0.1555944055944056,0.7472606656641736,0.40248251748251745,healthy,12 h
NPTS,12,GJBC_LAW_BLOCK_3_A4_BOYS,286,0.5998601398601399,0.7246053720628556,1.1934965034965035,healthy,12 h
NPTS,12,GJBC_LAW_BLOCK_3__A1,283,0.3809187279151943,1.550089945730066,0.6009540636042403,healthy,12 h
NPTS,12,GJBC_LAW_BLOCK_3__A2,286,0.23804195804195805,0.5588031343522782,0.42363636363636364,healthy,12 h
NPTS,12,GJBC_LAW_BLOCK_3__A3_GIRLS,286,0.19255244755244755,0.7557348132669063,0.31055944055944057,healthy,12 h
NPTS,12,G_BLOCK,286,0.37741258741258743,0.747701582871246,0.9605244755244755,healthy,12 h
NPTS,12,I&H_BLOCK,286,0.3063636363636364,0.8099724102376158,0.3064685314685315,degraded,12 h
NPTS,12,INFORMATION_CENTRE,286,0.01646853146853147,1.8793883068744293,0.01646853146853147,dead,12 h
NPTS,12,IT_BLOCK,286,0.06139860139860139,1.0486011797316868,0.08947552447552448,degraded,12 h
NPTS,12,ME_WORKSHOP_BLOCK,286,0.02653846153846154,0.1603630360656765,0.035419580419580425,degraded,12 h
NPTS,12,MM_BLOCK,286,0.24045454545454545,0.5436284835724752,1.126888111888112,healthy,12 h
NPTS,12,MRD_BLOCK,286,0.8576573426573426,0.7126036515528431,1.3086013986013987,healthy,12 h
NPTS,12,NBX,286,0.34206293706293706,0.8078207639003498,0.786923076923077,healthy,12 h
NPTS,12,NEW_BLOCK,286,0.03573426573426573,0.5171842291189634,0.1729020979020979,healthy,12 h
NPTS,12,NEW_BLOCK_RO,286,0.00045454545454545455,0.22656997653116698,0.00045454545454545455,dead,12 h
NPTS,12,TECH_PARK,286,0.2240909090909091,0.6540538434445008,0.3816083916083916,healthy,12 h
ETS,12,BE_BLOCK_OHT,286,0.7740686535850672,0.8162304450322707,1.8353846153846152,healthy,12 h
ETS,12,BE_BLOCK_RO,286,0.011461219007143376,0.8686024941512591,0.010944055944055944,dead,12 h
ETS,12,CRICKET_GROUND_OHT,286,0.014269218902099421,0.253235668143585,0.010769230769230769,degraded,12 h
ETS,12,F_BLOCK,286,0.46661402469788865,0.8007784379039364,0.6956993006993007,healthy,12 h
ETS,12,GJBC_BLOCK_1_A1_BOYS,286,0.08930773845336994,0.6722382404683717,0.1651048951048951,degraded,12 h
ETS,12,GJBC_BLOCK_1_A2_GIRLS,286,0.07817507953315152,0.5743994571679617,0.1715034965034965,healthy,12 h
ETS,12,GJBC_BLOCK_1_A3,286,0.10165843195893008,0.6033400184496057,0.1967132867132867,healthy,12 h
ETS,12,GJBC_BLOCK_1_A4_RO,286,0.006310286875461746,0.10582615902620558,0.004825174825174826,degraded,12 h
ETS,12,GJBC_BLOCK_2_A1,286,0.19883400082250025,0.9545290426854379,0.40248251748251745,healthy,12 h
ETS,12,GJBC_LAW_BLOCK_3_A4_BOYS,286,0.6403701860421049,0.7734825015185165,1.1934965034965035,healthy,12 h
ETS,12,GJBC_LAW_BLOCK_3__A1,283,0.48523345871723533,1.973177969344943,0.6009540636042403,healthy,12 h
ETS,12,GJBC_LAW_BLOCK_3__A2,286,0.224699338650634,0.5270694803566814,0.42363636363636364,healthy,12 h
ETS,12,GJBC_LAW_BLOCK_3__A3_GIRLS,286,0.18533308384196895,0.7262528183019273,0.31055944055944057,healthy,12 h
ETS,12,G_BLOCK,286,0.43611868690922945,0.8640880592765765,0.9605244755244755,healthy,12 h
ETS,12,I&H_BLOCK,286,0.5625821200966604,1.487179330550415,0.3064685314685315,degraded,12 h
ETS,12,INFORMATION_CENTRE,286,0.042772229586827554,5.025240138942785,0.01646853146853147,dead,12 h
ETS,12,IT_BLOCK,286,0.07111886601768527,1.21612672686054,0.08947552447552448,degraded,12 h
ETS,12,ME_WORKSHOP_BLOCK,286,0.03294369216699029,0.1987889585331424,0.035419580419580425,degraded,12 h
ETS,12,MM_BLOCK,286,0.250324906398348,0.565917032657956,1.126888111888112,healthy,12 h
ETS,12,MRD_BLOCK,286,0.8449351145398961,0.7020090402811356,1.3086013986013987,healthy,12 h
ETS,12,NBX,286,0.4237622167844399,1.0001616444047792,0.786923076923077,healthy,12 h
ETS,12,NEW_BLOCK,286,0.03797218091553234,0.5495498115698101,0.1729020979020979,healthy,12 h
ETS,12,NEW_BLOCK_RO,286,0.001323557695785859,0.6593762206367825,0.00045454545454545455,dead,12 h
ETS,12,TECH_PARK,286,0.2857652650296528,0.8337314403061996,0.3816083916083916,healthy,12 h
Theta,12,BE_BLOCK_OHT,286,0.8265197033883223,0.8714808760081113,1.8353846153846152,healthy,12 h
Theta,12,BE_BLOCK_RO,286,0.010943694420288292,0.829569405092157,0.010944055944055944,dead,12 h
Theta,12,CRICKET_GROUND_OHT,286,0.014619712512494793,0.2603827393402661,0.010769230769230769,degraded,12 h
Theta,12,F_BLOCK,286,0.4954858498830024,0.8503417378487016,0.6956993006993007,healthy,12 h
Theta,12,GJBC_BLOCK_1_A1_BOYS,286,0.08400136018624679,0.6323734373341522,0.1651048951048951,degraded,12 h
Theta,12,GJBC_BLOCK_1_A2_GIRLS,286,0.08220640152426872,0.6040221826233737,0.1715034965034965,healthy,12 h
Theta,12,GJBC_BLOCK_1_A3,286,0.10329660821146944,0.6130587033351202,0.1967132867132867,healthy,12 h
Theta,12,GJBC_BLOCK_1_A4_RO,286,0.005992156815320874,0.10046944661815095,0.004825174825174826,degraded,12 h
Theta,12,GJBC_BLOCK_2_A1,286,0.1988455582572355,0.95431807393869,0.40248251748251745,healthy,12 h
Theta,12,GJBC_LAW_BLOCK_3_A4_BOYS,286,0.6538866997613709,0.7897392585487203,1.1934965034965035,healthy,12 h
Theta,12,GJBC_LAW_BLOCK_3__A1,283,0.5136886669269846,2.0862481550596663,0.6009540636042403,healthy,12 h
Theta,12,GJBC_LAW_BLOCK_3__A2,286,0.24004177924032316,0.562615940322459,0.42363636363636364,healthy,12 h
Theta,12,GJBC_LAW_BLOCK_3__A3_GIRLS,286,0.17029044481953606,0.667741305450797,0.31055944055944057,healthy,12 h
Theta,12,G_BLOCK,286,0.4728608838297089,0.9369540649925725,0.9605244755244755,healthy,12 h
Theta,12,I&H_BLOCK,286,0.5927810845899679,1.5693046349358184,0.3064685314685315,degraded,12 h
Theta,12,INFORMATION_CENTRE,286,0.039649643873473486,4.6590904061305345,0.01646853146853147,dead,12 h
Theta,12,IT_BLOCK,286,0.07340092502968328,1.2555579041782086,0.08947552447552448,degraded,12 h
Theta,12,ME_WORKSHOP_BLOCK,286,0.04062700973455933,0.2452831260923913,0.035419580419580425,degraded,12 h
Theta,12,MM_BLOCK,286,0.2593290474286291,0.5862907684726889,1.126888111888112,healthy,12 h
Theta,12,MRD_BLOCK,286,0.7944515864282788,0.6600226793183218,1.3086013986013987,healthy,12 h
Theta,12,NBX,286,0.41929158588517274,0.9899546287282411,0.786923076923077,healthy,12 h
Theta,12,NEW_BLOCK,286,0.04130073998764822,0.5976737537391996,0.1729020979020979,healthy,12 h
Theta,12,NEW_BLOCK_RO,286,0.0008967742048956168,0.44688528012695294,0.00045454545454545455,dead,12 h
Theta,12,TECH_PARK,286,0.31307468573699476,0.9130992203715986,0.3816083916083916,healthy,12 h
DynamicOptimizedTheta,12,BE_BLOCK_OHT,286,0.8264524850317063,0.8714100158048794,1.8353846153846152,healthy,12 h
DynamicOptimizedTheta,12,BE_BLOCK_RO,286,0.010932901274064055,0.8287553411808407,0.010944055944055944,dead,12 h
DynamicOptimizedTheta,12,CRICKET_GROUND_OHT,286,0.01477299523333406,0.2631408803050322,0.010769230769230769,degraded,12 h
DynamicOptimizedTheta,12,F_BLOCK,286,0.4954745166381302,0.8503224894048896,0.6956993006993007,healthy,12 h
DynamicOptimizedTheta,12,GJBC_BLOCK_1_A1_BOYS,286,0.08398883781829086,0.6322785655084873,0.1651048951048951,degraded,12 h
DynamicOptimizedTheta,12,GJBC_BLOCK_1_A2_GIRLS,286,0.0822713180515942,0.6044973866214072,0.1715034965034965,healthy,12 h
DynamicOptimizedTheta,12,GJBC_BLOCK_1_A3,286,0.10525866660986748,0.6246820238163321,0.1967132867132867,healthy,12 h
DynamicOptimizedTheta,12,GJBC_BLOCK_1_A4_RO,286,0.005987943164273773,0.10039867790108069,0.004825174825174826,degraded,12 h
DynamicOptimizedTheta,12,GJBC_BLOCK_2_A1,286,0.19881504787896861,0.9541725056200034,0.40248251748251745,healthy,12 h
DynamicOptimizedTheta,12,GJBC_LAW_BLOCK_3_A4_BOYS,286,0.656006576317853,0.7922970204598359,1.1934965034965035,healthy,12 h
DynamicOptimizedTheta,12,GJBC_LAW_BLOCK_3__A1,283,0.5134181326333835,2.085161709553183,0.6009540636042403,healthy,12 h
DynamicOptimizedTheta,12,GJBC_LAW_BLOCK_3__A2,286,0.23997235101805622,0.5624527762418872,0.42363636363636364,healthy,12 h
DynamicOptimizedTheta,12,GJBC_LAW_BLOCK_3__A3_GIRLS,286,0.17029190467744088,0.6677472000214336,0.31055944055944057,healthy,12 h
DynamicOptimizedTheta,12,G_BLOCK,286,0.4818100279088582,0.954700939091434,0.9605244755244755,healthy,12 h
DynamicOptimizedTheta,12,I&H_BLOCK,286,0.5924879476590672,1.5685311670642066,0.3064685314685315,degraded,12 h
DynamicOptimizedTheta,12,INFORMATION_CENTRE,286,0.03955914493852907,4.64861347124009,0.01646853146853147,dead,12 h
DynamicOptimizedTheta,12,IT_BLOCK,286,0.07337027211091592,1.2550273703438033,0.08947552447552448,degraded,12 h
DynamicOptimizedTheta,12,ME_WORKSHOP_BLOCK,286,0.040619040734553795,0.2452354009446821,0.035419580419580425,degraded,12 h
DynamicOptimizedTheta,12,MM_BLOCK,286,0.25931993750473953,0.5862703226187395,1.126888111888112,healthy,12 h
DynamicOptimizedTheta,12,MRD_BLOCK,286,0.794444083022805,0.6600163988101302,1.3086013986013987,healthy,12 h
DynamicOptimizedTheta,12,NBX,286,0.4189576167881353,0.9891683849442852,0.786923076923077,healthy,12 h
DynamicOptimizedTheta,12,NEW_BLOCK,286,0.04128519127721697,0.5974505978146392,0.1729020979020979,healthy,12 h
DynamicOptimizedTheta,12,NEW_BLOCK_RO,286,0.0008975452966369376,0.4472725907855852,0.00045454545454545455,dead,12 h
DynamicOptimizedTheta,12,TECH_PARK,286,0.31306895564321385,0.9130824443061772,0.3816083916083916,healthy,12 h
SeasonalNaive,24,BE_BLOCK_OHT,564,1.0221631205673758,1.0780492012710174,1.9401241134751774,healthy,1 d
SeasonalNaive,24,BE_BLOCK_RO,564,0.011631205673758867,0.8799110961510015,0.01148936170212766,dead,1 d
SeasonalNaive,24,CRICKET_GROUND_OHT,564,0.01620567375886525,0.28675606168817447,0.008421985815602837,degraded,1 d
SeasonalNaive,24,F_BLOCK,564,0.6092021276595744,1.04509321965638,0.7098226950354609,healthy,1 d
SeasonalNaive,24,GJBC_BLOCK_1_A1_BOYS,564,0.10400709219858156,0.782781158331702,0.15852836879432625,degraded,1 d
SeasonalNaive,24,GJBC_BLOCK_1_A2_GIRLS,564,0.1023936170212766,0.7521239301422273,0.1647340425531915,healthy,1 d
SeasonalNaive,24,GJBC_BLOCK_1_A3,564,0.13134751773049644,0.7792538623599268,0.1895390070921986,healthy,1 d
SeasonalNaive,24,GJBC_BLOCK_1_A4_RO,564,0.005602836879432625,0.09398185266630019,0.00400709219858156,degraded,1 d
SeasonalNaive,24,GJBC_BLOCK_2_A1,564,0.20960992907801418,1.0060889454825601,0.4049468085106383,healthy,1 d
SeasonalNaive,24,GJBC_LAW_BLOCK_3_A4_BOYS,564,0.9025886524822695,1.0900377063634095,1.280709219858156,healthy,1 d
SeasonalNaive,24,GJBC_LAW_BLOCK_3__A1,561,0.5237433155080213,2.11920287659418,0.6260071301247772,healthy,1 d
SeasonalNaive,24,GJBC_LAW_BLOCK_3__A2,564,0.2426595744680851,0.56800544207258,0.4324468085106383,healthy,1 d
SeasonalNaive,24,GJBC_LAW_BLOCK_3__A3_GIRLS,564,0.18388297872340426,0.7208717466070182,0.3408333333333333,healthy,1 d
SeasonalNaive,24,G_BLOCK,564,0.5320390070921985,1.0544906368927374,1.0315248226950353,healthy,1 d
SeasonalNaive,24,I&H_BLOCK,564,0.5689007092198581,1.508923407527328,0.314113475177305,degraded,1 d
SeasonalNaive,24,INFORMATION_CENTRE,564,0.03664893617021276,4.314420448346914,0.01730496453900709,dead,1 d
SeasonalNaive,24,IT_BLOCK,564,0.09551418439716311,1.6351263629004276,0.09443262411347518,degraded,1 d
SeasonalNaive,24,ME_WORKSHOP_BLOCK,564,0.0376241134751773,0.227085646193492,0.037429078014184394,degraded,1 d
SeasonalNaive,24,MM_BLOCK,564,0.32232269503546096,0.7285097425242072,1.1443617021276595,healthy,1 d
SeasonalNaive,24,MRD_BLOCK,564,1.0859397163120568,0.9019903169764774,1.388758865248227,healthy,1 d
SeasonalNaive,24,NBX,561,0.4968805704099822,1.1736281999768001,0.8031729055258466,healthy,1 d
SeasonalNaive,24,NEW_BLOCK,564,0.05079787234042553,0.7346717951739155,0.1748936170212766,healthy,1 d
SeasonalNaive,24,NEW_BLOCK_RO,564,0.0006205673758865249,0.3096151664818052,0.0003900709219858156,dead,1 d
SeasonalNaive,24,TECH_PARK,564,0.3348581560283688,0.9766246171042079,0.40037234042553194,healthy,1 d
NPTS,24,BE_BLOCK_OHT,564,0.7413829787234042,0.7819167968415656,1.9401241134751774,healthy,1 d
NPTS,24,BE_BLOCK_RO,564,0.010372340425531914,0.7853527000870624,0.01148936170212766,dead,1 d
NPTS,24,CRICKET_GROUND_OHT,564,0.008634751773049646,0.15302766184608257,0.008421985815602837,degraded,1 d
NPTS,24,F_BLOCK,564,0.4344503546099291,0.7452653695707373,0.7098226950354609,healthy,1 d
NPTS,24,GJBC_BLOCK_1_A1_BOYS,564,0.08143617021276596,0.6128874040561653,0.15852836879432625,degraded,1 d
NPTS,24,GJBC_BLOCK_1_A2_GIRLS,564,0.07804964539007092,0.5733309518363964,0.1647340425531915,healthy,1 d
NPTS,24,GJBC_BLOCK_1_A3,564,0.105,0.6229448850944228,0.1895390070921986,healthy,1 d
NPTS,24,GJBC_BLOCK_1_A4_RO,564,0.00400709219858156,0.06719333310993703,0.00400709219858156,degraded,1 d
NPTS,24,GJBC_BLOCK_2_A1,564,0.15590425531914895,0.7483397736086187,0.4049468085106383,healthy,1 d
NPTS,24,GJBC_LAW_BLOCK_3_A4_BOYS,564,0.632145390070922,0.7634644802054668,1.280709219858156,healthy,1 d
NPTS,24,GJBC_LAW_BLOCK_3__A1,561,0.3953119429590018,1.6020140352259964,0.6260071301247772,healthy,1 d
NPTS,24,GJBC_LAW_BLOCK_3__A2,564,0.23700354609929075,0.5551476653600479,0.4324468085106383,healthy,1 d
NPTS,24,GJBC_LAW_BLOCK_3__A3_GIRLS,564,0.17570921985815605,0.6890797136004944,0.3408333333333333,healthy,1 d
NPTS,24,G_BLOCK,564,0.34569148936170213,0.6851429933045278,1.0315248226950353,healthy,1 d
NPTS,24,I&H_BLOCK,564,0.31398936170212766,0.8323627852709607,0.314113475177305,degraded,1 d
NPTS,24,INFORMATION_CENTRE,564,0.01730496453900709,2.018188827619866,0.01730496453900709,dead,1 d
NPTS,24,IT_BLOCK,564,0.06868794326241136,1.176374086306695,0.09443262411347518,degraded,1 d
NPTS,24,ME_WORKSHOP_BLOCK,564,0.027606382978723403,0.16659036545902495,0.037429078014184394,degraded,1 d
NPTS,24,MM_BLOCK,564,0.23780141843971633,0.5375858564765574,1.1443617021276595,healthy,1 d
NPTS,24,MRD_BLOCK,564,0.8470035460992907,0.7037177903370551,1.388758865248227,healthy,1 d
NPTS,24,NBX,561,0.3468449197860963,0.8191143416018167,0.8031729055258466,healthy,1 d
NPTS,24,NEW_BLOCK,564,0.037960992907801416,0.5490161302206279,0.1748936170212766,healthy,1 d
NPTS,24,NEW_BLOCK_RO,564,0.0003900709219858156,0.19426360350801689,0.0003900709219858156,dead,1 d
NPTS,24,TECH_PARK,564,0.22379432624113474,0.652726489281266,0.40037234042553194,healthy,1 d
ETS,24,BE_BLOCK_OHT,564,0.8056714725253983,0.8497246615900508,1.9401241134751774,healthy,1 d
ETS,24,BE_BLOCK_RO,564,0.01202467428348262,0.9101669704556059,0.01148936170212766,dead,1 d
ETS,24,CRICKET_GROUND_OHT,564,0.01220139276821011,0.2164241851451031,0.008421985815602837,degraded,1 d
ETS,24,F_BLOCK,564,0.49598554400459516,0.8508333764178556,0.7098226950354609,healthy,1 d
ETS,24,GJBC_BLOCK_1_A1_BOYS,564,0.09357271200937478,0.7041753429610896,0.15852836879432625,degraded,1 d
ETS,24,GJBC_BLOCK_1_A2_GIRLS,564,0.08043882523202953,0.590819030535616,0.1647340425531915,healthy,1 d
ETS,24,GJBC_BLOCK_1_A3,564,0.10300717494001865,0.6110842725009701,0.1895390070921986,healthy,1 d
ETS,24,GJBC_BLOCK_1_A4_RO,564,0.00547461874052296,0.09180587689290517,0.00400709219858156,degraded,1 d
ETS,24,GJBC_BLOCK_2_A1,564,0.19488825300384705,0.935240556238252,0.4049468085106383,healthy,1 d
ETS,24,GJBC_LAW_BLOCK_3_A4_BOYS,564,0.6702866223294193,0.8095367773982809,1.280709219858156,healthy,1 d
ETS,24,GJBC_LAW_BLOCK_3__A1,561,0.5181521575589096,2.09966579252595,0.6260071301247772,healthy,1 d
ETS,24,GJBC_LAW_BLOCK_3__A2,564,0.22782328342247796,0.5334706259842996,0.4324468085106383,healthy,1 d
ETS,24,GJBC_LAW_BLOCK_3__A3_GIRLS,564,0.18781083146534303,0.7357366812777938,0.3408333333333333,healthy,1 d
ETS,24,G_BLOCK,564,0.4108199488619947,0.8142946098314209,1.0315248226950353,healthy,1 d
ETS,24,I&H_BLOCK,564,0.5819254878634651,1.541364800182349,0.314113475177305,degraded,1 d
ETS,24,INFORMATION_CENTRE,564,0.04106296474992321,4.846069852693967,0.01730496453900709,dead,1 d
ETS,24,IT_BLOCK,564,0.07863093311054815,1.3471943510697069,0.09443262411347518,degraded,1 d
ETS,24,ME_WORKSHOP_BLOCK,564,0.03535144566436443,0.21323399665920945,0.037429078014184394,degraded,1 d
ETS,24,MM_BLOCK,564,0.24708966297367413,0.5585932350534046,1.1443617021276595,healthy,1 d
ETS,24,MRD_BLOCK,564,0.8844351798133953,0.7347139545573382,1.388758865248227,healthy,1 d
ETS,24,NBX,561,0.43392689598935963,1.024476482809165,0.8031729055258466,healthy,1 d
ETS,24,NEW_BLOCK,564,0.04100698241552932,0.5931033588103315,0.1748936170212766,healthy,1 d
ETS,24,NEW_BLOCK_RO,564,0.0012717762911773982,0.6335367516617848,0.0003900709219858156,dead,1 d
ETS,24,TECH_PARK,564,0.281263555512186,0.8202328658739222,0.40037234042553194,healthy,1 d
Theta,24,BE_BLOCK_OHT,564,0.874306320206089,0.9219716320768223,1.9401241134751774,healthy,1 d
Theta,24,BE_BLOCK_RO,564,0.010793550972243719,0.8169746007055058,0.01148936170212766,dead,1 d
Theta,24,CRICKET_GROUND_OHT,564,0.012104226810069247,0.21514394178174864,0.008421985815602837,degraded,1 d
Theta,24,F_BLOCK,564,0.5398108533353642,0.9260271779630802,0.7098226950354609,healthy,1 d
Theta,24,GJBC_BLOCK_1_A1_BOYS,564,0.09329428482228473,0.7020919764108317,0.15852836879432625,degraded,1 d
Theta,24,GJBC_BLOCK_1_A2_GIRLS,564,0.0886162809618194,0.6508627430674783,0.1647340425531915,healthy,1 d
Theta,24,GJBC_BLOCK_1_A3,564,0.10392183089210405,0.6164967911854614,0.1895390070921986,healthy,1 d
Theta,24,GJBC_BLOCK_1_A4_RO,564,0.005135403927862282,0.08608365636610997,0.00400709219858156,degraded,1 d
Theta,24,GJBC_BLOCK_2_A1,564,0.20848900383172028,1.0002789881252303,0.4049468085106383,healthy,1 d
Theta,24,GJBC_LAW_BLOCK_3_A4_BOYS,564,0.7142079533278192,0.8625424391586348,1.280709219858156,healthy,1 d
Theta,24,GJBC_LAW_BLOCK_3__A1,561,0.5223311054322345,2.1150878543081135,0.6260071301247772,healthy,1 d
Theta,24,GJBC_LAW_BLOCK_3__A2,564,0.24497017389527864,0.573368804510395,0.4324468085106383,healthy,1 d
Theta,24,GJBC_LAW_BLOCK_3__A3_GIRLS,564,0.1769357438217832,0.6934352727651331,0.3408333333333333,healthy,1 d
Theta,24,G_BLOCK,564,0.4538211650241389,0.8996156844548633,1.0315248226950353,healthy,1 d
Theta,24,I&H_BLOCK,564,0.6048482300264103,1.6039025169111498,0.314113475177305,degraded,1 d
Theta,24,INFORMATION_CENTRE,564,0.037532045256200894,4.43631965899479,0.01730496453900709,dead,1 d
Theta,24,IT_BLOCK,564,0.08042939276939948,1.3783243838157526,0.09443262411347518,degraded,1 d
Theta,24,ME_WORKSHOP_BLOCK,564,0.0425069308385199,0.25661003949541256,0.037429078014184394,degraded,1 d
Theta,24,MM_BLOCK,564,0.2618968701086809,0.5920730416814204,1.1443617021276595,healthy,1 d
Theta,24,MRD_BLOCK,564,0.8459037986506778,0.7026773665795212,1.388758865248227,healthy,1 d
Theta,24,NBX,561,0.4394879983458229,1.0379004341894216,0.8031729055258466,healthy,1 d
Theta,24,NEW_BLOCK,564,0.04362266318278432,0.6309254412882851,0.1748936170212766,healthy,1 d
Theta,24,NEW_BLOCK_RO,564,0.0006534711027293496,0.3254516629413585,0.0003900709219858156,dead,1 d
Theta,24,TECH_PARK,564,0.3094297500824087,0.9021387111474182,0.40037234042553194,healthy,1 d
DynamicOptimizedTheta,24,BE_BLOCK_OHT,564,0.8741482485428319,0.9218049323621517,1.9401241134751774,healthy,1 d
DynamicOptimizedTheta,24,BE_BLOCK_RO,564,0.010831467148099789,0.8198290913096843,0.01148936170212766,dead,1 d
DynamicOptimizedTheta,24,CRICKET_GROUND_OHT,564,0.012268884717645593,0.2180862567037074,0.008421985815602837,degraded,1 d
DynamicOptimizedTheta,24,F_BLOCK,564,0.5397107485894376,0.9258554128840555,0.7098226950354609,healthy,1 d
DynamicOptimizedTheta,24,GJBC_BLOCK_1_A1_BOYS,564,0.09327917340511198,0.7019780832318224,0.15852836879432625,degraded,1 d
DynamicOptimizedTheta,24,GJBC_BLOCK_1_A2_GIRLS,564,0.08867037693573242,0.6512594340896167,0.1647340425531915,healthy,1 d
DynamicOptimizedTheta,24,GJBC_BLOCK_1_A3,564,0.1063073096581369,0.630637214443885,0.1895390070921986,healthy,1 d
DynamicOptimizedTheta,24,GJBC_BLOCK_1_A4_RO,564,0.005129362758153271,0.08598200368596477,0.00400709219858156,degraded,1 d
DynamicOptimizedTheta,24,GJBC_BLOCK_2_A1,564,0.20849698778439774,1.0003176211598315,0.4049468085106383,healthy,1 d
DynamicOptimizedTheta,24,GJBC_LAW_BLOCK_3_A4_BOYS,564,0.7190433759644657,0.8683892932335076,1.280709219858156,healthy,1 d
DynamicOptimizedTheta,24,GJBC_LAW_BLOCK_3__A1,561,0.5219941017038756,2.113734616000141,0.6260071301247772,healthy,1 d
DynamicOptimizedTheta,24,GJBC_LAW_BLOCK_3__A2,564,0.24482780119484665,0.5730340624264458,0.4324468085106383,healthy,1 d
DynamicOptimizedTheta,24,GJBC_LAW_BLOCK_3__A3_GIRLS,564,0.17691607854208835,0.6933580960067599,0.3408333333333333,healthy,1 d
DynamicOptimizedTheta,24,G_BLOCK,564,0.4667970243736794,0.9253325285183321,1.0315248226950353,healthy,1 d
DynamicOptimizedTheta,24,I&H_BLOCK,564,0.6044972237110366,1.6029752256446645,0.314113475177305,degraded,1 d
DynamicOptimizedTheta,24,INFORMATION_CENTRE,564,0.03741478379856273,4.422846245351839,0.01730496453900709,dead,1 d
DynamicOptimizedTheta,24,IT_BLOCK,564,0.08038171353056608,1.3775038666185553,0.09443262411347518,degraded,1 d
DynamicOptimizedTheta,24,ME_WORKSHOP_BLOCK,564,0.04250499374614555,0.2565987276052426,0.037429078014184394,degraded,1 d
DynamicOptimizedTheta,24,MM_BLOCK,564,0.2618978198727635,0.5920750579458972,1.1443617021276595,healthy,1 d
DynamicOptimizedTheta,24,MRD_BLOCK,564,0.8457304813527387,0.702533389868827,1.388758865248227,healthy,1 d
DynamicOptimizedTheta,24,NBX,561,0.4392347951154952,1.0373008655023113,0.8031729055258466,healthy,1 d
DynamicOptimizedTheta,24,NEW_BLOCK,564,0.04361903052293686,0.6308733147758028,0.1748936170212766,healthy,1 d
DynamicOptimizedTheta,24,NEW_BLOCK_RO,564,0.0006543444547567058,0.32588957071630414,0.0003900709219858156,dead,1 d
DynamicOptimizedTheta,24,TECH_PARK,564,0.3094111454386841,0.9020843370980008,0.40037234042553194,healthy,1 d
SeasonalNaive,48,BE_BLOCK_OHT,1139,0.9810359964881475,1.03467756802341,1.935873573309921,healthy,2 d
SeasonalNaive,48,BE_BLOCK_RO,1139,0.012309043020193151,0.9311625565516823,0.01141352063213345,dead,2 d
SeasonalNaive,48,CRICKET_GROUND_OHT,1139,0.016637401229148373,0.29457102892108794,0.008674275680421423,degraded,2 d
SeasonalNaive,48,F_BLOCK,1139,0.6494117647058824,1.1139797870800185,0.716865671641791,healthy,2 d
SeasonalNaive,48,GJBC_BLOCK_1_A1_BOYS,1139,0.10732221246707638,0.8075865950007777,0.1584899034240562,degraded,2 d
SeasonalNaive,48,GJBC_BLOCK_1_A2_GIRLS,1139,0.10668129938542582,0.7834565024947718,0.16414398595259,healthy,2 d
SeasonalNaive,48,GJBC_BLOCK_1_A3,1139,0.1341176470588235,0.795551327026072,0.18919227392449517,healthy,2 d
SeasonalNaive,48,GJBC_BLOCK_1_A4_RO,1139,0.0056277436347673395,0.09439521913744667,0.00398595258999122,degraded,2 d
SeasonalNaive,48,GJBC_BLOCK_2_A1,1138,0.2119859402460457,1.0174299573500487,0.40746924428822495,healthy,2 d
SeasonalNaive,48,GJBC_LAW_BLOCK_3_A4_BOYS,1139,0.8771027216856891,1.0593555655159632,1.2830465320456539,healthy,2 d
SeasonalNaive,48,GJBC_LAW_BLOCK_3__A1,1133,0.5399205648720212,2.1867010220010608,0.6342365401588703,healthy,2 d
SeasonalNaive,48,GJBC_LAW_BLOCK_3__A2,1139,0.24055311676909572,0.5629906290538254,0.4311676909569798,healthy,2 d
SeasonalNaive,48,GJBC_LAW_BLOCK_3__A3_GIRLS,1139,0.19030728709394204,0.7459833969149562,0.33749780509218613,healthy,2 d
SeasonalNaive,48,G_BLOCK,1139,0.5185425812115891,1.0277943465290116,1.0233450395083405,healthy,2 d
SeasonalNaive,48,I&H_BLOCK,1139,0.5762247585601405,1.5273996391160025,0.31230904302019313,degraded,2 d
SeasonalNaive,48,INFORMATION_CENTRE,1139,0.038068481123792804,4.482075986426348,0.017383669885864796,dead,2 d
SeasonalNaive,48,IT_BLOCK,1139,0.09661106233538191,1.6544684981422362,0.09395083406496928,degraded,2 d
SeasonalNaive,48,ME_WORKSHOP_BLOCK,1139,0.0374451273046532,0.22590760627597947,0.036523266022827044,degraded,2 d
SeasonalNaive,48,MM_BLOCK,1139,0.3354082528533801,0.7580101770904136,1.1396049165935032,healthy,2 d
SeasonalNaive,48,MRD_BLOCK,1139,1.1419227392449518,0.9484439022781477,1.4137137840210712,healthy,2 d
SeasonalNaive,48,NBX,1133,0.4924536628420124,1.1632194256520494,0.7871138570167696,healthy,2 d
SeasonalNaive,48,NEW_BLOCK,1139,0.05076382791922739,0.7340782768190316,0.17575065847234417,healthy,2 d
SeasonalNaive,48,NEW_BLOCK_RO,1139,0.000649692712906058,0.32390152270148936,0.00038630377524143984,dead,2 d
SeasonalNaive,48,TECH_PARK,1139,0.3194381035996488,0.9315293618453169,0.4035557506584723,healthy,2 d
NPTS,48,BE_BLOCK_OHT,1139,0.7420983318700615,0.7826940673185052,1.935873573309921,healthy,2 d
NPTS,48,BE_BLOCK_RO,1139,0.010272168568920105,0.7779176110519049,0.01141352063213345,dead,2 d
NPTS,48,CRICKET_GROUND_OHT,1139,0.008823529411764706,0.1564506139598446,0.008674275680421423,degraded,2 d
NPTS,48,F_BLOCK,1139,0.43637401229148376,0.7485693633500525,0.716865671641791,healthy,2 d
NPTS,48,GJBC_BLOCK_1_A1_BOYS,1139,0.08101843722563652,0.6096951770851735,0.1584899034240562,degraded,2 d
NPTS,48,GJBC_BLOCK_1_A2_GIRLS,1139,0.07783143107989465,0.5716394606764755,0.16414398595259,healthy,2 d
NPTS,48,GJBC_BLOCK_1_A3,1139,0.10536435469710273,0.625041385847421,0.18919227392449517,healthy,2 d
NPTS,48,GJBC_BLOCK_1_A4_RO,1139,0.00398595258999122,0.06683408011971823,0.00398595258999122,degraded,2 d
NPTS,48,GJBC_BLOCK_2_A1,1138,0.15486818980667838,0.743392618946965,0.40746924428822495,healthy,2 d
NPTS,48,GJBC_LAW_BLOCK_3_A4_BOYS,1139,0.6332923617208077,0.7648295861426245,1.2830465320456539,healthy,2 d
NPTS,48,GJBC_LAW_BLOCK_3__A1,1133,0.4062488967343337,1.6476292361084675,0.6342365401588703,healthy,2 d
NPTS,48,GJBC_LAW_BLOCK_3__A2,1139,0.23726075504828797,0.5556187425699753,0.4311676909569798,healthy,2 d
NPTS,48,GJBC_LAW_BLOCK_3__A3_GIRLS,1139,0.1777875329236172,0.6971530686957003,0.33749780509218613,healthy,2 d
NPTS,48,G_BLOCK,1139,0.3450043898156277,0.6838120056726704,1.0233450395083405,healthy,2 d
NPTS,48,I&H_BLOCK,1139,0.3122124670763828,0.8274195507683383,0.31230904302019313,degraded,2 d
NPTS,48,INFORMATION_CENTRE,1139,0.017383669885864796,2.0266782500449994,0.017383669885864796,dead,2 d
NPTS,48,IT_BLOCK,1139,0.06832309043020192,1.1707615737140493,0.09395083406496928,degraded,2 d
NPTS,48,ME_WORKSHOP_BLOCK,1139,0.026786654960491662,0.16167077105415198,0.036523266022827044,degraded,2 d
NPTS,48,MM_BLOCK,1139,0.24039508340649693,0.5434008596003808,1.1396049165935032,healthy,2 d
NPTS,48,MRD_BLOCK,1139,0.8652502194907814,0.7189359194082592,1.4137137840210712,healthy,2 d
NPTS,48,NBX,1133,0.33402471315092674,0.7889670634430292,0.7871138570167696,healthy,2 d
NPTS,48,NEW_BLOCK,1139,0.03808604038630377,0.5508145356214741,0.17575065847234417,healthy,2 d
NPTS,48,NEW_BLOCK_RO,1139,0.00038630377524143984,0.19236506557935154,0.00038630377524143984,dead,2 d
NPTS,48,TECH_PARK,1139,0.22607550482879718,0.6593664620300096,0.4035557506584723,healthy,2 d
ETS,48,BE_BLOCK_OHT,1139,0.807332442356812,0.851482244386825,1.935873573309921,healthy,2 d
ETS,48,BE_BLOCK_RO,1139,0.012781129233697853,0.9672613626533353,0.01141352063213345,dead,2 d
ETS,48,CRICKET_GROUND_OHT,1139,0.013143781553900275,0.23313374505122808,0.008674275680421423,degraded,2 d
ETS,48,F_BLOCK,1139,0.49331939812905024,0.8462730887230419,0.716865671641791,healthy,2 d
ETS,48,GJBC_BLOCK_1_A1_BOYS,1139,0.09451106407397768,0.7111548167388086,0.1584899034240562,degraded,2 d
ETS,48,GJBC_BLOCK_1_A2_GIRLS,1139,0.08134477534799506,0.5974296704642841,0.16414398595259,healthy,2 d
ETS,48,GJBC_BLOCK_1_A3,1139,0.10399819338817343,0.6169033442779841,0.18919227392449517,healthy,2 d
ETS,48,GJBC_BLOCK_1_A4_RO,1139,0.005444234401721757,0.09128300639484722,0.00398595258999122,degraded,2 d
ETS,48,GJBC_BLOCK_2_A1,1138,0.19923842093224042,0.95609014759142,0.40746924428822495,healthy,2 d
ETS,48,GJBC_LAW_BLOCK_3_A4_BOYS,1139,0.6692523571500284,0.8082680500269762,1.2830465320456539,healthy,2 d
ETS,48,GJBC_LAW_BLOCK_3__A1,1133,0.5296336910979442,2.147598548865294,0.6342365401588703,healthy,2 d
ETS,48,GJBC_LAW_BLOCK_3__A2,1139,0.22830127104173173,0.5345012692150619,0.4311676909569798,healthy,2 d
ETS,48,GJBC_LAW_BLOCK_3__A3_GIRLS,1139,0.18649235491133706,0.7304580319435872,0.33749780509218613,healthy,2 d
ETS,48,G_BLOCK,1139,0.4069573910495126,0.8066772914978514,1.0233450395083405,healthy,2 d
ETS,48,I&H_BLOCK,1139,0.5923047793792959,1.5687722315665686,0.31230904302019313,degraded,2 d
ETS,48,INFORMATION_CENTRE,1139,0.041226416709582554,4.86793155423425,0.017383669885864796,dead,2 d
ETS,48,IT_BLOCK,1139,0.07926400452129698,1.358612899370416,0.09395083406496928,degraded,2 d
ETS,48,ME_WORKSHOP_BLOCK,1139,0.03509568523378345,0.21162561865937818,0.036523266022827044,degraded,2 d
ETS,48,MM_BLOCK,1139,0.25188271578956517,0.5693853582718351,1.1396049165935032,healthy,2 d
ETS,48,MRD_BLOCK,1139,0.9514048608113033,0.790325552742488,1.4137137840210712,healthy,2 d
ETS,48,NBX,1133,0.4266252386514566,1.0074477978281506,0.7871138570167696,healthy,2 d
ETS,48,NEW_BLOCK,1139,0.041671705675008476,0.602688488634141,0.17575065847234417,healthy,2 d
ETS,48,NEW_BLOCK_RO,1139,0.001268471234277158,0.6317979747323199,0.00038630377524143984,dead,2 d
ETS,48,TECH_PARK,1139,0.2796381429948586,0.8154604714990351,0.4035557506584723,healthy,2 d
Theta,48,BE_BLOCK_OHT,1139,0.888050737729975,0.9364966631851053,1.935873573309921,healthy,2 d
Theta,48,BE_BLOCK_RO,1139,0.011760221220722603,0.8899442461718842,0.01141352063213345,dead,2 d
Theta,48,CRICKET_GROUND_OHT,1139,0.013021368448745543,0.23150576356498134,0.008674275680421423,degraded,2 d
Theta,48,F_BLOCK,1139,0.5498715255369364,0.9433146478332024,0.716865671641791,healthy,2 d
Theta,48,GJBC_BLOCK_1_A1_BOYS,1139,0.09605977351420573,0.7228161971640085,0.1584899034240562,degraded,2 d
Theta,48,GJBC_BLOCK_1_A2_GIRLS,1139,0.09099536687721616,0.6682531187288887,0.16414398595259,healthy,2 d
Theta,48,GJBC_BLOCK_1_A3,1139,0.1050374084486566,0.6230506457665363,0.18919227392449517,healthy,2 d
Theta,48,GJBC_BLOCK_1_A4_RO,1139,0.005139397360429736,0.08613925128688579,0.00398595258999122,degraded,2 d
Theta,48,GJBC_BLOCK_2_A1,1138,0.21898413383664567,1.050629127755466,0.40746924428822495,healthy,2 d
Theta,48,GJBC_LAW_BLOCK_3_A4_BOYS,1139,0.7323354480816112,0.8844261206996892,1.2830465320456539,healthy,2 d
Theta,48,GJBC_LAW_BLOCK_3__A1,1133,0.5378688345278763,2.1796207025634184,0.6342365401588703,healthy,2 d
Theta,48,GJBC_LAW_BLOCK_3__A2,1139,0.24349664214051975,0.5699125275404703,0.4311676909569798,healthy,2 d
Theta,48,GJBC_LAW_BLOCK_3__A3_GIRLS,1139,0.18177954783497624,0.7123670796094944,0.33749780509218613,healthy,2 d
Theta,48,G_BLOCK,1139,0.45223177308863444,0.8964691760905619,1.0233450395083405,healthy,2 d
Theta,48,I&H_BLOCK,1139,0.6146309897071611,1.6297805473688984,0.31230904302019313,degraded,2 d
Theta,48,INFORMATION_CENTRE,1139,0.03803133722725336,4.496739950348538,0.017383669885864796,dead,2 d
Theta,48,IT_BLOCK,1139,0.08201417000369902,1.4060351689672002,0.09395083406496928,degraded,2 d
Theta,48,ME_WORKSHOP_BLOCK,1139,0.04318608554482601,0.26063320309813076,0.036523266022827044,degraded,2 d
Theta,48,MM_BLOCK,1139,0.26944016782109786,0.6090707716214401,1.1396049165935032,healthy,2 d
Theta,48,MRD_BLOCK,1139,0.9150436983134854,0.7601803201549012,1.4137137840210712,healthy,2 d
Theta,48,NBX,1133,0.4446559665882246,1.050326987957227,0.7871138570167696,healthy,2 d
Theta,48,NEW_BLOCK,1139,0.04488399693368941,0.6490937047053515,0.17575065847234417,healthy,2 d
Theta,48,NEW_BLOCK_RO,1139,0.0008923046943751459,0.4443389271881803,0.00038630377524143984,dead,2 d
Theta,48,TECH_PARK,1139,0.3181602060053099,0.9275984872320814,0.4035557506584723,healthy,2 d
DynamicOptimizedTheta,48,BE_BLOCK_OHT,1139,0.887686655767179,0.9361124341771978,1.935873573309921,healthy,2 d
DynamicOptimizedTheta,48,BE_BLOCK_RO,1139,0.011789621386984764,0.8921631406041619,0.01141352063213345,dead,2 d
DynamicOptimizedTheta,48,CRICKET_GROUND_OHT,1139,0.013300876911866363,0.2365030023607241,0.008674275680421423,degraded,2 d
DynamicOptimizedTheta,48,F_BLOCK,1139,0.5496672297404257,0.9429640850686825,0.716865671641791,healthy,2 d
DynamicOptimizedTheta,48,GJBC_BLOCK_1_A1_BOYS,1139,0.09607358215745272,0.7229201864378084,0.1584899034240562,degraded,2 d
DynamicOptimizedTheta,48,GJBC_BLOCK_1_A2_GIRLS,1139,0.09106911013626899,0.6687942199327526,0.16414398595259,healthy,2 d
DynamicOptimizedTheta,48,GJBC_BLOCK_1_A3,1139,0.1067159772060401,0.6329964807905357,0.18919227392449517,healthy,2 d
DynamicOptimizedTheta,48,GJBC_BLOCK_1_A4_RO,1139,0.0051299579912595,0.08598050584151203,0.00398595258999122,degraded,2 d
DynamicOptimizedTheta,48,GJBC_BLOCK_2_A1,1138,0.21896697208304547,1.0505471865921368,0.40746924428822495,healthy,2 d
DynamicOptimizedTheta,48,GJBC_LAW_BLOCK_3_A4_BOYS,1139,0.7405363104464945,0.8943374490425149,1.2830465320456539,healthy,2 d
DynamicOptimizedTheta,48,GJBC_LAW_BLOCK_3__A1,1133,0.5372428067492094,2.177098270133652,0.6342365401588703,healthy,2 d
DynamicOptimizedTheta,48,GJBC_LAW_BLOCK_3__A2,1139,0.24327064888297528,0.5693811420908723,0.4311676909569798,healthy,2 d
DynamicOptimizedTheta,48,GJBC_LAW_BLOCK_3__A3_GIRLS,1139,0.18172249533303858,0.7121432489781928,0.33749780509218613,healthy,2 d
DynamicOptimizedTheta,48,G_BLOCK,1139,0.46582298718234944,0.9234081975237314,1.0233450395083405,healthy,2 d
DynamicOptimizedTheta,48,I&H_BLOCK,1139,0.6139954586612314,1.6281009845006365,0.31230904302019313,degraded,2 d
DynamicOptimizedTheta,48,INFORMATION_CENTRE,1139,0.03785564497806405,4.476517589141294,0.017383669885864796,dead,2 d
DynamicOptimizedTheta,48,IT_BLOCK,1139,0.08190371838160072,1.404139768777451,0.09395083406496928,degraded,2 d
DynamicOptimizedTheta,48,ME_WORKSHOP_BLOCK,1139,0.04317399023128938,0.2605617792475762,0.036523266022827044,degraded,2 d
DynamicOptimizedTheta,48,MM_BLOCK,1139,0.2694173578195404,0.6090193566588641,1.1396049165935032,healthy,2 d
DynamicOptimizedTheta,48,MRD_BLOCK,1139,0.9147308205015574,0.7599203052674539,1.4137137840210712,healthy,2 d
DynamicOptimizedTheta,48,NBX,1133,0.4440203121025244,1.0488242142499336,0.7871138570167696,healthy,2 d
DynamicOptimizedTheta,48,NEW_BLOCK,1139,0.04487084063915482,0.648904005941163,0.17575065847234417,healthy,2 d
DynamicOptimizedTheta,48,NEW_BLOCK_RO,1139,0.0008935648946161059,0.44497251411768013,0.00038630377524143984,dead,2 d
DynamicOptimizedTheta,48,TECH_PARK,1139,0.3181163451268671,0.9274704265918571,0.4035557506584723,healthy,2 d
SeasonalNaive,72,BE_BLOCK_OHT,1715,0.9755801749271138,1.0289075587099132,1.9161574344023324,healthy,3 d
SeasonalNaive,72,BE_BLOCK_RO,1715,0.012618075801749272,0.9545777959920253,0.011131195335276968,dead,3 d
SeasonalNaive,72,CRICKET_GROUND_OHT,1715,0.01682798833819242,0.2982109679941204,0.00917201166180758,degraded,3 d
SeasonalNaive,72,F_BLOCK,1715,0.6698134110787172,1.1488927216421039,0.720927113702624,healthy,3 d
SeasonalNaive,72,GJBC_BLOCK_1_A1_BOYS,1715,0.10719533527696794,0.8065804301522298,0.158600583090379,degraded,3 d
SeasonalNaive,72,GJBC_BLOCK_1_A2_GIRLS,1715,0.10608746355685131,0.7790604527495179,0.16416909620991255,healthy,3 d
SeasonalNaive,72,GJBC_BLOCK_1_A3,1715,0.1362274052478134,0.8080001573672416,0.18946938775510205,healthy,3 d
SeasonalNaive,72,GJBC_BLOCK_1_A4_RO,1715,0.005877551020408163,0.09851698432799338,0.004250728862973761,degraded,3 d
SeasonalNaive,72,GJBC_BLOCK_2_A1,1713,0.2223817863397548,1.0672700841304947,0.405563339171045,healthy,3 d
SeasonalNaive,72,GJBC_LAW_BLOCK_3_A4_BOYS,1715,0.8739708454810495,1.0556099428361025,1.2839475218658891,healthy,3 d
SeasonalNaive,72,GJBC_LAW_BLOCK_3__A1,1706,0.5500351699882767,2.227878810164236,0.6290328253223916,healthy,3 d
SeasonalNaive,72,GJBC_LAW_BLOCK_3__A2,1715,0.24343440233236152,0.5696631086827375,0.427399416909621,healthy,3 d
SeasonalNaive,72,GJBC_LAW_BLOCK_3__A3_GIRLS,1715,0.19166180758017493,0.7511933217348129,0.33490379008746357,healthy,3 d
SeasonalNaive,72,G_BLOCK,1715,0.5128513119533528,1.0164848555198431,1.01667638483965,healthy,3 d
SeasonalNaive,72,I&H_BLOCK,1715,0.5977142857142856,1.5845190909029054,0.29879883381924194,degraded,3 d
SeasonalNaive,72,INFORMATION_CENTRE,1715,0.037731778425655976,4.438374772212592,0.017247813411078717,dead,3 d
SeasonalNaive,72,IT_BLOCK,1715,0.09976093294460642,1.708895582633982,0.09289795918367347,degraded,3 d
SeasonalNaive,72,ME_WORKSHOP_BLOCK,1715,0.037807580174927115,0.22811253525317346,0.0361399416909621,degraded,3 d
SeasonalNaive,72,MM_BLOCK,1715,0.33215743440233236,0.7506565930248101,1.136932944606414,healthy,3 d
SeasonalNaive,72,MRD_BLOCK,1715,1.191877551020408,0.9899215018284538,1.4237551020408161,healthy,3 d
SeasonalNaive,72,NBX,1706,0.4897069167643611,1.1567188307778298,0.7730070339976554,healthy,3 d
SeasonalNaive,72,NEW_BLOCK,1715,0.051172011661807584,0.7399677927582158,0.17590087463556853,healthy,3 d
SeasonalNaive,72,NEW_BLOCK_RO,1715,0.0006647230320699709,0.3311550478739138,0.00037900874635568517,dead,3 d
SeasonalNaive,72,TECH_PARK,1715,0.33189504373177847,0.9678293604045506,0.40137609329446067,healthy,3 d
NPTS,72,BE_BLOCK_OHT,1715,0.7293994169096211,0.7692622593620508,1.9161574344023324,healthy,3 d
NPTS,72,BE_BLOCK_RO,1715,0.0101399416909621,0.7678485852308728,0.011131195335276968,dead,3 d
NPTS,72,CRICKET_GROUND_OHT,1715,0.009306122448979593,0.16521522665868646,0.00917201166180758,degraded,3 d
NPTS,72,F_BLOCK,1715,0.4367405247813411,0.7491530443744245,0.720927113702624,healthy,3 d
NPTS,72,GJBC_BLOCK_1_A1_BOYS,1715,0.0811195335276968,0.6104309209425318,0.158600583090379,degraded,3 d
NPTS,72,GJBC_BLOCK_1_A2_GIRLS,1715,0.07761516034985422,0.5700436765524356,0.16416909620991255,healthy,3 d
NPTS,72,GJBC_BLOCK_1_A3,1715,0.10560932944606415,0.626445130814549,0.18946938775510205,healthy,3 d
NPTS,72,GJBC_BLOCK_1_A4_RO,1715,0.004250728862973761,0.07123722083268241,0.004250728862973761,degraded,3 d
NPTS,72,GJBC_BLOCK_2_A1,1713,0.15708114419147692,0.7539612931516013,0.405563339171045,healthy,3 d
NPTS,72,GJBC_LAW_BLOCK_3_A4_BOYS,1715,0.6380816326530612,0.7706099961912534,1.2839475218658891,healthy,3 d
NPTS,72,GJBC_LAW_BLOCK_3__A1,1706,0.40422626025791325,1.6396206368393271,0.6290328253223916,healthy,3 d
NPTS,72,GJBC_LAW_BLOCK_3__A2,1715,0.24037900874635568,0.5628274084431533,0.427399416909621,healthy,3 d
NPTS,72,GJBC_LAW_BLOCK_3__A3_GIRLS,1715,0.17949271137026238,0.7037803126905178,0.33490379008746357,healthy,3 d
NPTS,72,G_BLOCK,1715,0.3520932944606414,0.6978407159656163,1.01667638483965,healthy,3 d
NPTS,72,I&H_BLOCK,1715,0.2988279883381924,0.7923290802728831,0.29879883381924194,degraded,3 d
NPTS,72,INFORMATION_CENTRE,1715,0.017247813411078717,2.0092326103471136,0.017247813411078717,dead,3 d
NPTS,72,IT_BLOCK,1715,0.06766763848396501,1.1597764016277976,0.09289795918367347,degraded,3 d
NPTS,72,ME_WORKSHOP_BLOCK,1715,0.02632069970845481,0.1588456431398175,0.0361399416909621,degraded,3 d
NPTS,72,MM_BLOCK,1715,0.2404548104956268,0.5435088722011369,1.136932944606414,healthy,3 d
NPTS,72,MRD_BLOCK,1715,0.8698483965014577,0.72277125549019,1.4237551020408161,healthy,3 d
NPTS,72,NBX,1706,0.32512309495896835,0.7679777662307773,0.7730070339976554,healthy,3 d
NPTS,72,NEW_BLOCK,1715,0.03807580174927114,0.5506551988913811,0.17590087463556853,healthy,3 d
NPTS,72,NEW_BLOCK_RO,1715,0.00037900874635568517,0.18866675130640548,0.00037900874635568517,dead,3 d
NPTS,72,TECH_PARK,1715,0.2277667638483965,0.6642854198192886,0.40137609329446067,healthy,3 d
ETS,72,BE_BLOCK_OHT,1715,0.7996275352143383,0.843326962238441,1.9161574344023324,healthy,3 d
ETS,72,BE_BLOCK_RO,1715,0.012900568485285084,0.976290595030663,0.011131195335276968,dead,3 d
ETS,72,CRICKET_GROUND_OHT,1715,0.01369509535080098,0.243132907949542,0.00917201166180758,degraded,3 d
ETS,72,F_BLOCK,1715,0.4920564183691182,0.8440473173021181,0.720927113702624,healthy,3 d
ETS,72,GJBC_BLOCK_1_A1_BOYS,1715,0.09466643604422921,0.7122204497432624,0.158600583090379,degraded,3 d
ETS,72,GJBC_BLOCK_1_A2_GIRLS,1715,0.0809289811012626,0.5943706640413374,0.16416909620991255,healthy,3 d
ETS,72,GJBC_BLOCK_1_A3,1715,0.1050094808380106,0.622877254899578,0.18946938775510205,healthy,3 d
ETS,72,GJBC_BLOCK_1_A4_RO,1715,0.005692019755140638,0.09539687895484411,0.004250728862973761,degraded,3 d
ETS,72,GJBC_BLOCK_2_A1,1713,0.20455462550004294,0.9815708889393515,0.405563339171045,healthy,3 d
ETS,72,GJBC_LAW_BLOCK_3_A4_BOYS,1715,0.6689367059257944,0.8078906652572826,1.2839475218658891,healthy,3 d
ETS,72,GJBC_LAW_BLOCK_3__A1,1706,0.5269027266732188,2.1368903630876157,0.6290328253223916,healthy,3 d
ETS,72,GJBC_LAW_BLOCK_3__A2,1715,0.23157714223271209,0.5421161066999997,0.427399416909621,healthy,3 d
ETS,72,GJBC_LAW_BLOCK_3__A3_GIRLS,1715,0.19165525860873722,0.7506526250547971,0.33490379008746357,healthy,3 d
ETS,72,G_BLOCK,1715,0.4089727361467014,0.8106599890738261,1.01667638483965,healthy,3 d
ETS,72,I&H_BLOCK,1715,0.5910736357419659,1.565957138517344,0.29879883381924194,degraded,3 d
ETS,72,INFORMATION_CENTRE,1715,0.041596818202959636,4.912892662789824,0.017247813411078717,dead,3 d
ETS,72,IT_BLOCK,1715,0.07925392667762611,1.358725353874074,0.09289795918367347,degraded,3 d
ETS,72,ME_WORKSHOP_BLOCK,1715,0.03468148020679882,0.20913026510575466,0.0361399416909621,degraded,3 d
ETS,72,MM_BLOCK,1715,0.25290473703681604,0.5716702289359933,1.136932944606414,healthy,3 d
ETS,72,MRD_BLOCK,1715,1.012305062474999,0.8408648421709504,1.4237551020408161,healthy,3 d
ETS,72,NBX,1706,0.4211473819564963,0.99460491286953,0.7730070339976554,healthy,3 d
ETS,72,NEW_BLOCK,1715,0.04162582934524439,0.6019980300958165,0.17590087463556853,healthy,3 d
ETS,72,NEW_BLOCK_RO,1715,0.0012624485201518738,0.6287171928815741,0.00037900874635568517,dead,3 d
ETS,72,TECH_PARK,1715,0.2835824416609996,0.8269320204883231,0.40137609329446067,healthy,3 d
Theta,72,BE_BLOCK_OHT,1715,0.8903486581749974,0.93888162055261,1.9161574344023324,healthy,3 d
Theta,72,BE_BLOCK_RO,1715,0.011959105984620123,0.9049657040362822,0.011131195335276968,dead,3 d
Theta,72,CRICKET_GROUND_OHT,1715,0.013209754082773128,0.2349341736805791,0.00917201166180758,degraded,3 d
Theta,72,F_BLOCK,1715,0.5505797592756282,0.9444721956871599,0.720927113702624,healthy,3 d
Theta,72,GJBC_BLOCK_1_A1_BOYS,1715,0.09689981391600842,0.7290638246457742,0.158600583090379,degraded,3 d
Theta,72,GJBC_BLOCK_1_A2_GIRLS,1715,0.08926077330040595,0.6554351000982911,0.16416909620991255,healthy,3 d
Theta,72,GJBC_BLOCK_1_A3,1715,0.10577275150426124,0.6273736164050401,0.18946938775510205,healthy,3 d
Theta,72,GJBC_BLOCK_1_A4_RO,1715,0.005355135667024883,0.08971407065714701,0.004250728862973761,degraded,3 d
Theta,72,GJBC_BLOCK_2_A1,1713,0.22726375160900766,1.0903212875909902,0.405563339171045,healthy,3 d
Theta,72,GJBC_LAW_BLOCK_3_A4_BOYS,1715,0.7392663779189457,0.8928188468654039,1.2839475218658891,healthy,3 d
Theta,72,GJBC_LAW_BLOCK_3__A1,1706,0.5333487241876583,2.161711678239495,0.6290328253223916,healthy,3 d
Theta,72,GJBC_LAW_BLOCK_3__A2,1715,0.24645579291425537,0.5767935943110408,0.427399416909621,healthy,3 d
Theta,72,GJBC_LAW_BLOCK_3__A3_GIRLS,1715,0.1874477176790492,0.7345498861539841,0.33490379008746357,healthy,3 d
Theta,72,G_BLOCK,1715,0.4548144220156142,0.9015813981519886,1.01667638483965,healthy,3 d
Theta,72,I&H_BLOCK,1715,0.6170961003980324,1.6368852945855135,0.29879883381924194,degraded,3 d
Theta,72,INFORMATION_CENTRE,1715,0.0381371660550435,4.509866304891865,0.017247813411078717,dead,3 d
Theta,72,IT_BLOCK,1715,0.08263240628774007,1.4169145981034905,0.09289795918367347,degraded,3 d
Theta,72,ME_WORKSHOP_BLOCK,1715,0.04235607860386984,0.25558355741110994,0.0361399416909621,degraded,3 d
Theta,72,MM_BLOCK,1715,0.26961323608736537,0.6094210515260844,1.136932944606414,healthy,3 d
Theta,72,MRD_BLOCK,1715,0.9791100056395331,0.8133877421711191,1.4237551020408161,healthy,3 d
Theta,72,NBX,1706,0.4389103434112919,1.036876832926965,0.7730070339976554,healthy,3 d
Theta,72,NEW_BLOCK,1715,0.044752006211099205,0.6471848054701831,0.17590087463556853,healthy,3 d
Theta,72,NEW_BLOCK_RO,1715,0.0008765305306990875,0.4364565856121926,0.00037900874635568517,dead,3 d
Theta,72,TECH_PARK,1715,0.3187374209984524,0.9292425777471051,0.40137609329446067,healthy,3 d
DynamicOptimizedTheta,72,BE_BLOCK_OHT,1715,0.8897990797818348,0.9383015867082637,1.9161574344023324,healthy,3 d
DynamicOptimizedTheta,72,BE_BLOCK_RO,1715,0.0119592788939769,0.9049818001306317,0.011131195335276968,dead,3 d
DynamicOptimizedTheta,72,CRICKET_GROUND_OHT,1715,0.013504856339366579,0.24020457771245815,0.00917201166180758,degraded,3 d
DynamicOptimizedTheta,72,F_BLOCK,1715,0.5503382395734909,0.944057654493417,0.720927113702624,healthy,3 d
DynamicOptimizedTheta,72,GJBC_BLOCK_1_A1_BOYS,1715,0.0969447783910719,0.729402529536244,0.158600583090379,degraded,3 d
DynamicOptimizedTheta,72,GJBC_BLOCK_1_A2_GIRLS,1715,0.0893354600007396,0.6559836865920032,0.16416909620991255,healthy,3 d
DynamicOptimizedTheta,72,GJBC_BLOCK_1_A3,1715,0.10694164580457835,0.6342819781753155,0.18946938775510205,healthy,3 d
DynamicOptimizedTheta,72,GJBC_BLOCK_1_A4_RO,1715,0.005342740435602503,0.08950568286402866,0.004250728862973761,degraded,3 d
DynamicOptimizedTheta,72,GJBC_BLOCK_2_A1,1713,0.22716578625050945,1.0898519157726876,0.405563339171045,healthy,3 d
DynamicOptimizedTheta,72,GJBC_LAW_BLOCK_3_A4_BOYS,1715,0.748388667366863,0.9038460522849566,1.2839475218658891,healthy,3 d
DynamicOptimizedTheta,72,GJBC_LAW_BLOCK_3__A1,1706,0.532430890107347,2.1580095469956544,0.6290328253223916,healthy,3 d
DynamicOptimizedTheta,72,GJBC_LAW_BLOCK_3__A2,1715,0.2461411275307157,0.576053906028487,0.427399416909621,healthy,3 d
DynamicOptimizedTheta,72,GJBC_LAW_BLOCK_3__A3_GIRLS,1715,0.1873464732678298,0.7341526234799227,0.33490379008746357,healthy,3 d
DynamicOptimizedTheta,72,G_BLOCK,1715,0.466059590822908,0.9238687204834011,1.01667638483965,healthy,3 d
DynamicOptimizedTheta,72,I&H_BLOCK,1715,0.6161999907438711,1.6345155902784394,0.29879883381924194,degraded,3 d
DynamicOptimizedTheta,72,INFORMATION_CENTRE,1715,0.03790890394481552,4.4835890330761385,0.017247813411078717,dead,3 d
DynamicOptimizedTheta,72,IT_BLOCK,1715,0.08249354674558385,1.414532009349488,0.09289795918367347,degraded,3 d
DynamicOptimizedTheta,72,ME_WORKSHOP_BLOCK,1715,0.04234089300360165,0.25549395172695605,0.0361399416909621,degraded,3 d
DynamicOptimizedTheta,72,MM_BLOCK,1715,0.26956817208856815,0.6093194118204228,1.136932944606414,healthy,3 d
DynamicOptimizedTheta,72,MRD_BLOCK,1715,0.9786924254530449,0.813040711472273,1.4237551020408161,healthy,3 d
DynamicOptimizedTheta,72,NBX,1706,0.43824771880096286,1.0353079114263928,0.7730070339976554,healthy,3 d
DynamicOptimizedTheta,72,NEW_BLOCK,1715,0.044720658747411476,0.6467326518060078,0.17590087463556853,healthy,3 d
DynamicOptimizedTheta,72,NEW_BLOCK_RO,1715,0.0008797334895567506,0.43806137763232755,0.00037900874635568517,dead,3 d
DynamicOptimizedTheta,72,TECH_PARK,1715,0.3186320925902785,0.9289351919708809,0.40137609329446067,healthy,3 d
SeasonalNaive,168,BE_BLOCK_OHT,4019,0.9610052251803932,1.01351807055271,1.8786290121920877,healthy,7 d
SeasonalNaive,168,BE_BLOCK_RO,4019,0.012448370241353571,0.9418096354502941,0.01094302065190346,dead,7 d
SeasonalNaive,168,CRICKET_GROUND_OHT,4019,0.01601891017666086,0.2840501381506989,0.008621547648668822,degraded,7 d
SeasonalNaive,168,F_BLOCK,4019,0.6547101268972382,1.122873041158467,0.7129634237372481,healthy,7 d
SeasonalNaive,168,GJBC_BLOCK_1_A1_BOYS,4019,0.10990047275441651,0.826825355667559,0.15860413038069174,degraded,7 d
SeasonalNaive,168,GJBC_BLOCK_1_A2_GIRLS,4019,0.1081288877830306,0.7939594495238017,0.16429957700920628,healthy,7 d
SeasonalNaive,168,GJBC_BLOCK_1_A3,4019,0.13916645931823834,0.82527393518752,0.18890768847972134,healthy,7 d
SeasonalNaive,168,GJBC_BLOCK_1_A4_RO,4019,0.005884548395123165,0.09854970422293227,0.0041602388653894,degraded,7 d
SeasonalNaive,168,GJBC_BLOCK_2_A1,4013,0.21793421380513334,1.0458222542750772,0.3998504859207575,healthy,7 d
SeasonalNaive,168,GJBC_LAW_BLOCK_3_A4_BOYS,4019,0.886596168201045,1.070809718675311,1.2819656631002738,healthy,7 d
SeasonalNaive,168,GJBC_LAW_BLOCK_3__A1,3995,0.5746232790988736,2.3278443778054028,0.6534518147684606,healthy,7 d
SeasonalNaive,168,GJBC_LAW_BLOCK_3__A2,4019,0.24657626275192834,0.5767549747103538,0.41123413784523516,healthy,7 d
SeasonalNaive,168,GJBC_LAW_BLOCK_3__A3_GIRLS,4019,0.19845981587459569,0.7776590891671601,0.323018163722319,healthy,7 d
SeasonalNaive,168,G_BLOCK,4019,0.5208459815874596,1.0323175834874923,1.0174222443393879,healthy,7 d
SeasonalNaive,168,I&H_BLOCK,4019,0.6190644438915153,1.6416232268550377,0.30510077133615326,degraded,7 d
SeasonalNaive,168,INFORMATION_CENTRE,4019,0.03791490420502613,4.462833743148178,0.015349589450111967,dead,7 d
SeasonalNaive,168,IT_BLOCK,4019,0.09842746951978104,1.6864563460405833,0.09161731774073152,degraded,7 d
SeasonalNaive,168,ME_WORKSHOP_BLOCK,4019,0.036907190843493407,0.22273122677436927,0.03508584224931575,degraded,7 d
SeasonalNaive,168,MM_BLOCK,4019,0.34459318238367753,0.7787559564880183,1.1247001741726799,healthy,7 d
SeasonalNaive,168,MRD_BLOCK,4019,1.238036825080866,1.0281847341321242,1.4343468524508585,healthy,7 d
SeasonalNaive,168,NBX,3998,0.4680615307653827,1.105444829641413,0.7322611305652826,healthy,7 d
SeasonalNaive,168,NEW_BLOCK,4019,0.051990544911669566,0.7518855817152927,0.17475491415775068,healthy,7 d
SeasonalNaive,168,NEW_BLOCK_RO,4019,0.0006295098283155015,0.31351982874522544,0.0003732271709380443,dead,7 d
SeasonalNaive,168,TECH_PARK,4019,0.31573774570788754,0.9206855754313613,0.3910400597163473,healthy,7 d
NPTS,168,BE_BLOCK_OHT,4019,0.7310251306295098,0.7709758947753615,1.8786290121920877,healthy,7 d
NPTS,168,BE_BLOCK_RO,4019,0.010079621796466782,0.7631324467778756,0.01094302065190346,dead,7 d
NPTS,168,CRICKET_GROUND_OHT,4019,0.008691216720577257,0.15460266758236255,0.008621547648668822,degraded,7 d
NPTS,168,F_BLOCK,4019,0.41773575516297584,0.7164139216041499,0.7129634237372481,healthy,7 d
NPTS,168,GJBC_BLOCK_1_A1_BOYS,4019,0.08277432197063947,0.6227646095604679,0.15860413038069174,degraded,7 d
NPTS,168,GJBC_BLOCK_1_A2_GIRLS,4019,0.0788156257775566,0.5787206979001721,0.16429957700920628,healthy,7 d
NPTS,168,GJBC_BLOCK_1_A3,4019,0.1070614580741478,0.6348996832962238,0.18890768847972134,healthy,7 d
NPTS,168,GJBC_BLOCK_1_A4_RO,4019,0.0041602388653894,0.0696666906437413,0.0041602388653894,degraded,7 d
NPTS,168,GJBC_BLOCK_2_A1,4013,0.15885621729379518,0.7623258546739872,0.3998504859207575,healthy,7 d
NPTS,168,GJBC_LAW_BLOCK_3_A4_BOYS,4019,0.6582383677531725,0.7949503691067616,1.2819656631002738,healthy,7 d
NPTS,168,GJBC_LAW_BLOCK_3__A1,3995,0.43627284105131414,1.7701926151387297,0.6534518147684606,healthy,7 d
NPTS,168,GJBC_LAW_BLOCK_3__A2,4019,0.25143816869868124,0.5883593498957107,0.41123413784523516,healthy,7 d
NPTS,168,GJBC_LAW_BLOCK_3__A3_GIRLS,4019,0.18552625031102263,0.7271410200799071,0.323018163722319,healthy,7 d
NPTS,168,G_BLOCK,4019,0.3608036825080866,0.7151839659788722,1.0174222443393879,healthy,7 d
NPTS,168,I&H_BLOCK,4019,0.3051555113212242,0.809653342761719,0.30510077133615326,degraded,7 d
NPTS,168,INFORMATION_CENTRE,4019,0.015349589450111967,1.7806780756654128,0.015349589450111967,dead,7 d
NPTS,168,IT_BLOCK,4019,0.06636974371734262,1.1384217604875577,0.09161731774073152,degraded,7 d
NPTS,168,ME_WORKSHOP_BLOCK,4019,0.02606120925603384,0.15728163579943033,0.03508584224931575,degraded,7 d
NPTS,168,MM_BLOCK,4019,0.2502861408310525,0.5656999970194401,1.1247001741726799,healthy,7 d
NPTS,168,MRD_BLOCK,4019,0.8667529236128391,0.7200289241076581,1.4343468524508585,healthy,7 d
NPTS,168,NBX,3998,0.2976688344172086,0.7028854915847595,0.7322611305652826,healthy,7 d
NPTS,168,NEW_BLOCK,4019,0.038442398606618564,0.5560203391103824,0.17475491415775068,healthy,7 d
NPTS,168,NEW_BLOCK_RO,4019,0.0003732271709380443,0.18587092208946857,0.0003732271709380443,dead,7 d
NPTS,168,TECH_PARK,4019,0.2235108235879572,0.6518536325339315,0.3910400597163473,healthy,7 d
ETS,168,BE_BLOCK_OHT,4019,0.794090196969354,0.8374871218622105,1.8786290121920877,healthy,7 d
ETS,168,BE_BLOCK_RO,4019,0.012595439417629015,0.9531987179730489,0.01094302065190346,dead,7 d
ETS,168,CRICKET_GROUND_OHT,4019,0.012954898817226843,0.23027198019579842,0.008621547648668822,degraded,7 d
ETS,168,F_BLOCK,4019,0.4665488729017163,0.8001646715793593,0.7129634237372481,healthy,7 d
ETS,168,GJBC_BLOCK_1_A1_BOYS,4019,0.09768555162754515,0.7347301652890881,0.15860413038069174,degraded,7 d
ETS,168,GJBC_BLOCK_1_A2_GIRLS,4019,0.0845495327339594,0.6209072105053339,0.16429957700920628,healthy,7 d
ETS,168,GJBC_BLOCK_1_A3,4019,0.10981161128147506,0.6512815085609909,0.18890768847972134,healthy,7 d
ETS,168,GJBC_BLOCK_1_A4_RO,4019,0.00555880775846555,0.09311031553664165,0.0041602388653894,degraded,7 d
ETS,168,GJBC_BLOCK_2_A1,4013,0.20306517173190333,0.9743485565195681,0.3998504859207575,healthy,7 d
ETS,168,GJBC_LAW_BLOCK_3_A4_BOYS,4019,0.6751726182874848,0.81538123332079,1.2819656631002738,healthy,7 d
ETS,168,GJBC_LAW_BLOCK_3__A1,3995,0.5357415251620649,2.1731787469013466,0.6534518147684606,healthy,7 d
ETS,168,GJBC_LAW_BLOCK_3__A2,4019,0.2404030756962049,0.5626066741149093,0.41123413784523516,healthy,7 d
ETS,168,GJBC_LAW_BLOCK_3__A3_GIRLS,4019,0.20337982665029175,0.7964810748068647,0.323018163722319,healthy,7 d
ETS,168,G_BLOCK,4019,0.41182720284044444,0.8163753462296147,1.0174222443393879,healthy,7 d
ETS,168,I&H_BLOCK,4019,0.5898853516490383,1.5633306073909115,0.30510077133615326,degraded,7 d
ETS,168,INFORMATION_CENTRE,4019,0.0414801854365674,4.902724170217825,0.015349589450111967,dead,7 d
ETS,168,IT_BLOCK,4019,0.07760148240883695,1.3310492985510518,0.09161731774073152,degraded,7 d
ETS,168,ME_WORKSHOP_BLOCK,4019,0.03400709815298846,0.20504677049139142,0.03508584224931575,degraded,7 d
ETS,168,MM_BLOCK,4019,0.26364950616439387,0.5959266935203843,1.1247001741726799,healthy,7 d
ETS,168,MRD_BLOCK,4019,1.061431481204688,0.8815793431097165,1.4343468524508585,healthy,7 d
ETS,168,NBX,3998,0.39779262787580916,0.9393393021033892,0.7322611305652826,healthy,7 d
ETS,168,NEW_BLOCK,4019,0.04196725604956957,0.6069764356625414,0.17475491415775068,healthy,7 d
ETS,168,NEW_BLOCK_RO,4019,0.0012574379926975372,0.626257164528639,0.0003732271709380443,dead,7 d
ETS,168,TECH_PARK,4019,0.2765526597123177,0.8064076747769289,0.3910400597163473,healthy,7 d
Theta,168,BE_BLOCK_OHT,4019,0.8892562684632215,0.9377345977955351,1.8786290121920877,healthy,7 d
Theta,168,BE_BLOCK_RO,4019,0.011807119809203116,0.8933181881703018,0.01094302065190346,dead,7 d
Theta,168,CRICKET_GROUND_OHT,4019,0.012591411478552623,0.22427804429605352,0.008621547648668822,degraded,7 d
Theta,168,F_BLOCK,4019,0.5286942958842564,0.9068271722610043,0.7129634237372481,healthy,7 d
Theta,168,GJBC_BLOCK_1_A1_BOYS,4019,0.10225778254193546,0.7692314108114816,0.15860413038069174,degraded,7 d
Theta,168,GJBC_BLOCK_1_A2_GIRLS,4019,0.09334903788064895,0.6852992047473839,0.16429957700920628,healthy,7 d
Theta,168,GJBC_BLOCK_1_A3,4019,0.11106702855115883,0.6586962519396711,0.18890768847972134,healthy,7 d
Theta,168,GJBC_BLOCK_1_A4_RO,4019,0.0052695347602182245,0.08822354163916003,0.0041602388653894,degraded,7 d
Theta,168,GJBC_BLOCK_2_A1,4013,0.23991043989354016,1.150991303119669,0.3998504859207575,healthy,7 d
Theta,168,GJBC_LAW_BLOCK_3_A4_BOYS,4019,0.7409899760822461,0.8948622381275775,1.2819656631002738,healthy,7 d
Theta,168,GJBC_LAW_BLOCK_3__A1,3995,0.5582600517571187,2.2631960831630655,0.6534518147684606,healthy,7 d
Theta,168,GJBC_LAW_BLOCK_3__A2,4019,0.25580360428159127,0.5985015892134773,0.41123413784523516,healthy,7 d
Theta,168,GJBC_LAW_BLOCK_3__A3_GIRLS,4019,0.1969944651530098,0.771817303729628,0.323018163722319,healthy,7 d
Theta,168,G_BLOCK,4019,0.4601689231826169,0.9122364742362034,1.0174222443393879,healthy,7 d
Theta,168,I&H_BLOCK,4019,0.6434407615355524,1.7072693877776526,0.30510077133615326,degraded,7 d
Theta,168,INFORMATION_CENTRE,4019,0.038751890335464174,4.584489316090837,0.015349589450111967,dead,7 d
Theta,168,IT_BLOCK,4019,0.082539102582837,1.4160487725125783,0.09161731774073152,degraded,7 d
Theta,168,ME_WORKSHOP_BLOCK,4019,0.04265920871168061,0.25731273961920914,0.03508584224931575,degraded,7 d
Theta,168,MM_BLOCK,4019,0.27768965510701876,0.6276671757797411,1.1247001741726799,healthy,7 d
Theta,168,MRD_BLOCK,4019,1.0793374010392374,0.8965375588319292,1.4343468524508585,healthy,7 d
Theta,168,NBX,3998,0.4236010724720252,1.0006066728127472,0.7322611305652826,healthy,7 d
Theta,168,NEW_BLOCK,4019,0.04536404110148273,0.6560368059495617,0.17475491415775068,healthy,7 d
Theta,168,NEW_BLOCK_RO,4019,0.0011023613381954023,0.5488712702811656,0.0003732271709380443,dead,7 d
Theta,168,TECH_PARK,4019,0.32160033151075357,0.937576699038089,0.3910400597163473,healthy,7 d
DynamicOptimizedTheta,168,BE_BLOCK_OHT,4019,0.8878745679865276,0.9362768268632687,1.8786290121920877,healthy,7 d
DynamicOptimizedTheta,168,BE_BLOCK_RO,4019,0.011773412161791414,0.890776507864145,0.01094302065190346,dead,7 d
DynamicOptimizedTheta,168,CRICKET_GROUND_OHT,4019,0.013188332104257893,0.234922604644258,0.008621547648668822,degraded,7 d
DynamicOptimizedTheta,168,F_BLOCK,4019,0.528406540306547,0.9063338999412229,0.7129634237372481,healthy,7 d
DynamicOptimizedTheta,168,GJBC_BLOCK_1_A1_BOYS,4019,0.10230417555182195,0.7695798873599625,0.15860413038069174,degraded,7 d
DynamicOptimizedTheta,168,GJBC_BLOCK_1_A2_GIRLS,4019,0.09342422985076707,0.6858501373733541,0.16429957700920628,healthy,7 d
DynamicOptimizedTheta,168,GJBC_BLOCK_1_A3,4019,0.1123881236223581,0.6664939727913242,0.18890768847972134,healthy,7 d
DynamicOptimizedTheta,168,GJBC_BLOCK_1_A4_RO,4019,0.0052440837418262914,0.08779563084734529,0.0041602388653894,degraded,7 d
DynamicOptimizedTheta,168,GJBC_BLOCK_2_A1,4013,0.23964988475300109,1.1497438993024705,0.3998504859207575,healthy,7 d
DynamicOptimizedTheta,168,GJBC_LAW_BLOCK_3_A4_BOYS,4019,0.7495292484718652,0.905189263563859,1.2819656631002738,healthy,7 d
DynamicOptimizedTheta,168,GJBC_LAW_BLOCK_3__A1,3995,0.5560389840547078,2.254220503585443,0.6534518147684606,healthy,7 d
DynamicOptimizedTheta,168,GJBC_LAW_BLOCK_3__A2,4019,0.2551075640440125,0.596866818081246,0.41123413784523516,healthy,7 d
DynamicOptimizedTheta,168,GJBC_LAW_BLOCK_3__A3_GIRLS,4019,0.1965826586795103,0.7702021453385268,0.323018163722319,healthy,7 d
DynamicOptimizedTheta,168,G_BLOCK,4019,0.47381749269192736,0.9392872700331031,1.0174222443393879,healthy,7 d
DynamicOptimizedTheta,168,I&H_BLOCK,4019,0.6413742714456809,1.7017977691138646,0.30510077133615326,degraded,7 d
DynamicOptimizedTheta,168,INFORMATION_CENTRE,4019,0.03829140757623575,4.531484534689538,0.015349589450111967,dead,7 d
DynamicOptimizedTheta,168,IT_BLOCK,4019,0.08217196775287099,1.4097597495196956,0.09161731774073152,degraded,7 d
DynamicOptimizedTheta,168,ME_WORKSHOP_BLOCK,4019,0.042638701951114105,0.25719589339664073,0.03508584224931575,degraded,7 d
DynamicOptimizedTheta,168,MM_BLOCK,4019,0.2774706520543369,0.6271736416972261,1.1247001741726799,healthy,7 d
DynamicOptimizedTheta,168,MRD_BLOCK,4019,1.078050793595234,0.8954690983287321,1.4343468524508585,healthy,7 d
DynamicOptimizedTheta,168,NBX,3998,0.4213662505319549,0.9953225731653277,0.7322611305652826,healthy,7 d
DynamicOptimizedTheta,168,NEW_BLOCK,4019,0.04526594141614827,0.6546202389665333,0.17475491415775068,healthy,7 d
DynamicOptimizedTheta,168,NEW_BLOCK_RO,4019,0.001109541745579784,0.5524695682503873,0.0003732271709380443,dead,7 d
DynamicOptimizedTheta,168,TECH_PARK,4019,0.3213065788705175,0.9367205079247996,0.3910400597163473,healthy,7 d
