model,item_id,day,actual_kl,pred_raw_kl,pred_kl,n_scored,n_expected,coverage_pct,error_kl
Chronos2-ZS,BE_BLOCK_OHT,2026-03-09,47.06,31.68726408481598,35.709791449847145,24,24,100.0,-11.350208550152857
Chronos2-ZS,BE_BLOCK_OHT,2026-03-10,51.32,38.07847559452057,42.91233280881468,24,24,100.0,-8.407667191185318
Chronos2-ZS,BE_BLOCK_OHT,2026-03-11,46.35,39.37698829174042,44.375684693299995,24,24,100.0,-1.9743153067000065
Chronos2-ZS,BE_BLOCK_OHT,2026-03-12,42.4,38.35615038871765,43.225256921326135,24,24,100.0,0.8252569213261367
Chronos2-ZS,BE_BLOCK_OHT,2026-03-13,39.0,35.095901012420654,39.551136461117395,24,24,100.0,0.5511364611173946
Chronos2-ZS,BE_BLOCK_OHT,2026-03-14,33.69,23.889286279678345,26.921902397430117,24,24,100.0,-6.768097602569881
Chronos2-ZS,BE_BLOCK_OHT,2026-03-15,21.87,20.203095018863678,22.767769026508475,24,24,100.0,0.8977690265084739
Chronos2-ZS,BE_BLOCK_OHT,2026-03-16,19.19,21.238341569900513,23.934434546691822,14,24,58.333333333333336,4.744434546691821
Chronos2-ZS,BE_BLOCK_OHT,2026-03-17,36.19,34.840807378292084,39.26366006522117,24,24,100.0,3.073660065221169
Chronos2-ZS,BE_BLOCK_OHT,2026-03-18,40.11,33.62145584821701,37.889518431330536,24,24,100.0,-2.220481568669463
Chronos2-ZS,BE_BLOCK_OHT,2026-03-19,25.88,35.00786417722702,39.45192382425943,24,24,100.0,13.571923824259432
Chronos2-ZS,BE_BLOCK_OHT,2026-03-20,35.96,29.009924292564392,32.69257780319803,24,24,100.0,-3.2674221968019737
Chronos2-ZS,BE_BLOCK_OHT,2026-03-21,16.07,29.846746921539307,33.63563055401997,24,24,100.0,17.565630554019968
Chronos2-ZS,BE_BLOCK_OHT,2026-03-22,13.57,13.463564038276672,15.172690917449838,24,24,100.0,1.6026909174498378
Chronos2-ZS,BE_BLOCK_OHT,2026-03-23,42.75,23.94685298204422,26.986776882347414,24,24,100.0,-15.763223117652586
Chronos2-ZS,BE_BLOCK_OHT,2026-03-24,38.89,34.92895460128784,39.36299710301768,24,24,100.0,0.4729971030176827
Chronos2-ZS,BE_BLOCK_OHT,2026-03-25,23.46,22.513883471488953,25.371899616864642,13,24,54.166666666666664,1.9118996168646412
Chronos2-ZS,BE_BLOCK_OHT,2026-03-26,69.67,35.87390434741974,40.427903125659306,24,24,100.0,-29.242096874340696
Chronos2-ZS,BE_BLOCK_OHT,2026-03-27,47.07,38.42158752679825,43.29900095134647,24,24,100.0,-3.770999048653529
Chronos2-ZS,BE_BLOCK_OHT,2026-03-28,48.38,27.64390939474106,31.15315467761395,24,24,100.0,-17.22684532238605
Chronos2-ZS,BE_BLOCK_OHT,2026-03-29,35.89,32.10306251049042,36.178373244295095,24,24,100.0,0.28837324429509437
Chronos2-ZS,BE_BLOCK_OHT,2026-03-30,64.01,48.01015841960907,54.104789231705595,24,24,100.0,-9.90521076829441
Chronos2-ZS,BE_BLOCK_OHT,2026-03-31,48.9,48.55622410774231,54.720175015374416,24,24,100.0,5.820175015374417
Chronos2-ZS,BE_BLOCK_OHT,2026-04-01,37.800000000000004,43.18304568529129,48.664900556369034,24,24,100.0,10.86490055636903
Chronos2-ZS,BE_BLOCK_OHT,2026-04-02,42.96,39.79584962129593,44.847718210766104,24,24,100.0,1.8877182107661028
Chronos2-ZS,BE_BLOCK_OHT,2026-04-03,34.88,38.6720986366272,43.58131309618538,24,24,100.0,8.70131309618538
Chronos2-ZS,BE_BLOCK_OHT,2026-04-04,46.78,32.5767143368721,36.71215261681069,24,24,100.0,-10.06784738318931
Chronos2-ZS,BE_BLOCK_OHT,2026-04-05,31.39,28.964871525764465,32.64180583051027,24,24,100.0,1.2518058305102713
Chronos2-ZS,BE_BLOCK_OHT,2026-04-06,44.87,44.941110253334045,50.64614194445895,24,24,100.0,5.776141944458949
Chronos2-ZS,BE_BLOCK_OHT,2026-04-07,44.28,40.904451966285706,46.09705164751952,24,24,100.0,1.81705164751952
Chronos2-ZS,BE_BLOCK_OHT,2026-04-08,43.76,41.111987709999084,46.33093293517367,24,24,100.0,2.5709329351736727
Chronos2-ZS,BE_BLOCK_OHT,2026-04-09,41.69,40.13789999485016,45.23319003541684,24,24,100.0,3.543190035416842
Chronos2-ZS,BE_BLOCK_OHT,2026-04-10,50.27,38.23430639505386,43.08794548946808,24,24,100.0,-7.18205451053192
Chronos2-ZS,BE_BLOCK_OHT,2026-04-11,57.52,37.20882683992386,41.932286832672844,24,24,100.0,-15.58771316732716
Chronos2-ZS,BE_BLOCK_OHT,2026-04-12,33.46,30.349160730838776,34.20182308814299,24,24,100.0,0.7418230881429864
Chronos2-ZS,BE_BLOCK_OHT,2026-04-13,46.93,43.098408222198486,48.56951882357575,24,24,100.0,1.6395188235757487
Chronos2-ZS,BE_BLOCK_OHT,2026-04-14,45.53,47.08081388473511,53.057469417771046,24,24,100.0,7.527469417771044
Chronos2-ZS,BE_BLOCK_OHT,2026-04-15,53.9,45.011839747428894,50.72585016656104,24,24,100.0,-3.1741498334389604
Chronos2-ZS,BE_BLOCK_OHT,2026-04-16,57.38,46.59097158908844,52.50544428319217,24,24,100.0,-4.8745557168078335
Chronos2-ZS,BE_BLOCK_OHT,2026-04-17,38.49,49.41394782066345,55.68678213008204,24,24,100.0,17.196782130082035
Chronos2-ZS,BE_BLOCK_OHT,2026-04-18,35.75,36.73503065109253,41.398344771672804,24,24,100.0,5.648344771672804
Chronos2-ZS,BE_BLOCK_OHT,2026-04-19,45.81,31.412368893623352,35.39999979595809,24,24,100.0,-10.410000204041914
Chronos2-ZS,BE_BLOCK_OHT,2026-04-20,47.88,48.26301634311676,54.389746105569245,24,24,100.0,6.509746105569242
Chronos2-ZS,BE_BLOCK_OHT,2026-04-21,42.81,44.740368247032166,50.419916822558974,24,24,100.0,7.609916822558972
Chronos2-ZS,BE_BLOCK_OHT,2026-04-22,32.72,40.95329701900482,46.15209731638155,24,24,100.0,13.432097316381551
Chronos2-ZS,BE_BLOCK_RO,2026-03-09,0.18,0.011953623965382576,0.023907247930765152,24,24,100.0,-0.15609275206923484
Chronos2-ZS,BE_BLOCK_RO,2026-03-10,0.19,0.06284015905112028,0.12568031810224056,24,24,100.0,-0.06431968189775944
Chronos2-ZS,BE_BLOCK_RO,2026-03-11,0.0,0.06512366142123938,0.13024732284247875,24,24,100.0,0.13024732284247875
Chronos2-ZS,BE_BLOCK_RO,2026-03-12,0.0,0.011573020368814468,0.023146040737628937,24,24,100.0,0.023146040737628937
Chronos2-ZS,BE_BLOCK_RO,2026-03-13,0.0,0.005259234458208084,0.010518468916416168,24,24,100.0,0.010518468916416168
Chronos2-ZS,BE_BLOCK_RO,2026-03-14,0.11,0.001424252986907959,0.002848505973815918,13,24,54.166666666666664,-0.10715149402618408
Chronos2-ZS,BE_BLOCK_RO,2026-03-15,0.44,0.00644354522228241,0.01288709044456482,19,24,79.16666666666667,-0.4271129095554352
Chronos2-ZS,BE_BLOCK_RO,2026-03-16,0.79,0.09038427658379078,0.18076855316758156,16,24,66.66666666666667,-0.6092314468324185
Chronos2-ZS,BE_BLOCK_RO,2026-03-17,0.67,0.14550865441560745,0.2910173088312149,24,24,100.0,-0.37898269116878514
Chronos2-ZS,BE_BLOCK_RO,2026-03-18,0.88,0.17997447960078716,0.3599489592015743,24,24,100.0,-0.5200510407984257
Chronos2-ZS,BE_BLOCK_RO,2026-03-19,0.16,0.5236529931426048,1.0473059862852097,24,24,100.0,0.8873059862852096
Chronos2-ZS,BE_BLOCK_RO,2026-03-20,0.97,0.005702686496078968,0.011405372992157936,24,24,100.0,-0.958594627007842
Chronos2-ZS,BE_BLOCK_RO,2026-03-21,0.18,0.24653624184429646,0.4930724836885929,24,24,100.0,0.3130724836885929
Chronos2-ZS,BE_BLOCK_RO,2026-03-22,0.02,0.03058011084794998,0.06116022169589996,24,24,100.0,0.04116022169589996
Chronos2-ZS,BE_BLOCK_RO,2026-03-23,1.3499999999999999,0.009196674451231956,0.018393348902463913,24,24,100.0,-1.331606651097536
Chronos2-ZS,BE_BLOCK_RO,2026-03-24,0.51,0.46834042575210333,0.9366808515042067,24,24,100.0,0.42668085150420665
Chronos2-ZS,BE_BLOCK_RO,2026-03-25,0.29000000000000004,0.3317232159897685,0.663446431979537,13,24,54.166666666666664,0.373446431979537
Chronos2-ZS,BE_BLOCK_RO,2026-03-26,0.53,0.37992224656045437,0.7598444931209087,24,24,100.0,0.2298444931209087
Chronos2-ZS,BE_BLOCK_RO,2026-03-27,0.29,0.23393911216408014,0.4678782243281603,24,24,100.0,0.1778782243281603
Chronos2-ZS,BE_BLOCK_RO,2026-03-28,0.22,0.08080205228179693,0.16160410456359386,24,24,100.0,-0.05839589543640614
Chronos2-ZS,BE_BLOCK_RO,2026-03-29,0.02,0.024242594838142395,0.04848518967628479,24,24,100.0,0.02848518967628479
Chronos2-ZS,BE_BLOCK_RO,2026-03-30,0.27,0.025533062405884266,0.05106612481176853,24,24,100.0,-0.21893387518823149
Chronos2-ZS,BE_BLOCK_RO,2026-03-31,0.32,0.2923161219805479,0.5846322439610958,24,24,100.0,0.2646322439610958
Chronos2-ZS,BE_BLOCK_RO,2026-04-01,0.25,0.30882269609719515,0.6176453921943903,24,24,100.0,0.3676453921943903
Chronos2-ZS,BE_BLOCK_RO,2026-04-02,0.38,0.26587252877652645,0.5317450575530529,24,24,100.0,0.1517450575530529
Chronos2-ZS,BE_BLOCK_RO,2026-04-03,0.17,0.30975155532360077,0.6195031106472015,24,24,100.0,0.4495031106472015
Chronos2-ZS,BE_BLOCK_RO,2026-04-04,0.05,0.045759870670735836,0.09151974134147167,24,24,100.0,0.04151974134147167
Chronos2-ZS,BE_BLOCK_RO,2026-04-05,0.02,0.007545258849859238,0.015090517699718475,24,24,100.0,-0.004909482300281525
Chronos2-ZS,BE_BLOCK_RO,2026-04-06,0.45,0.09520994313061237,0.19041988626122475,24,24,100.0,-0.25958011373877526
Chronos2-ZS,BE_BLOCK_RO,2026-04-07,0.49,0.35144261736422777,0.7028852347284555,24,24,100.0,0.21288523472845555
Chronos2-ZS,BE_BLOCK_RO,2026-04-08,0.37,0.4273961102589965,0.854792220517993,24,24,100.0,0.484792220517993
Chronos2-ZS,BE_BLOCK_RO,2026-04-09,0.33,0.34443209785968065,0.6888641957193613,24,24,100.0,0.3588641957193613
Chronos2-ZS,BE_BLOCK_RO,2026-04-10,0.39,0.3133499789983034,0.6266999579966068,24,24,100.0,0.2366999579966068
Chronos2-ZS,BE_BLOCK_RO,2026-04-11,0.15,0.10736635513603687,0.21473271027207375,24,24,100.0,0.06473271027207375
Chronos2-ZS,BE_BLOCK_RO,2026-04-12,0.06,0.010595021769404411,0.021190043538808823,24,24,100.0,-0.038809956461191175
Chronos2-ZS,BE_BLOCK_RO,2026-04-13,0.36,0.3324857223778963,0.6649714447557926,24,24,100.0,0.30497144475579263
Chronos2-ZS,BE_BLOCK_RO,2026-04-14,0.07,0.369437986984849,0.738875973969698,24,24,100.0,0.6688759739696979
Chronos2-ZS,BE_BLOCK_RO,2026-04-15,0.36,0.21688474155962467,0.43376948311924934,24,24,100.0,0.07376948311924936
Chronos2-ZS,BE_BLOCK_RO,2026-04-16,0.4,0.3551729777827859,0.7103459555655718,24,24,100.0,0.31034595556557176
Chronos2-ZS,BE_BLOCK_RO,2026-04-17,0.35000000000000003,0.32139618042856455,0.6427923608571291,24,24,100.0,0.29279236085712906
Chronos2-ZS,BE_BLOCK_RO,2026-04-18,0.14,0.0620481763035059,0.1240963526070118,24,24,100.0,-0.01590364739298822
Chronos2-ZS,BE_BLOCK_RO,2026-04-19,0.04,0.005796143785119057,0.011592287570238113,24,24,100.0,-0.028407712429761887
Chronos2-ZS,BE_BLOCK_RO,2026-04-20,0.36000000000000004,0.32811527885496616,0.6562305577099323,24,24,100.0,0.2962305577099323
Chronos2-ZS,BE_BLOCK_RO,2026-04-21,0.4,0.3155914442613721,0.6311828885227442,24,24,100.0,0.23118288852274416
Chronos2-ZS,BE_BLOCK_RO,2026-04-22,0.3,0.3591813687235117,0.7183627374470234,24,24,100.0,0.4183627374470234
Chronos2-ZS,CRICKET_GROUND_OHT,2026-03-09,0.1,0.013718124479055405,0.02743624895811081,24,24,100.0,-0.0725637510418892
Chronos2-ZS,CRICKET_GROUND_OHT,2026-03-10,0.16000000000000003,0.01610175147652626,0.03220350295305252,24,24,100.0,-0.1277964970469475
Chronos2-ZS,CRICKET_GROUND_OHT,2026-03-11,0.25,0.016957152634859085,0.03391430526971817,24,24,100.0,-0.21608569473028183
Chronos2-ZS,CRICKET_GROUND_OHT,2026-03-12,0.16,0.019716914743185043,0.03943382948637009,24,24,100.0,-0.12056617051362992
Chronos2-ZS,CRICKET_GROUND_OHT,2026-03-13,0.1,0.01936030387878418,0.03872060775756836,24,24,100.0,-0.061279392242431646
Chronos2-ZS,CRICKET_GROUND_OHT,2026-03-14,0.0,0.01663602888584137,0.03327205777168274,24,24,100.0,0.03327205777168274
Chronos2-ZS,CRICKET_GROUND_OHT,2026-03-15,0.19,0.01523466408252716,0.03046932816505432,24,24,100.0,-0.15953067183494568
Chronos2-ZS,CRICKET_GROUND_OHT,2026-03-16,0.11000000000000001,0.012631639838218689,0.025263279676437378,15,24,62.5,-0.08473672032356264
Chronos2-ZS,CRICKET_GROUND_OHT,2026-03-17,0.19,0.016478076577186584,0.03295615315437317,24,24,100.0,-0.15704384684562683
Chronos2-ZS,CRICKET_GROUND_OHT,2026-03-18,0.12,0.019671719521284103,0.03934343904256821,24,24,100.0,-0.08065656095743179
Chronos2-ZS,CRICKET_GROUND_OHT,2026-03-19,0.11,0.01729918271303177,0.03459836542606354,24,24,100.0,-0.07540163457393646
Chronos2-ZS,CRICKET_GROUND_OHT,2026-03-20,0.16,0.01640651747584343,0.03281303495168686,24,24,100.0,-0.12718696504831314
Chronos2-ZS,CRICKET_GROUND_OHT,2026-03-21,0.07,0.017496466636657715,0.03499293327331543,24,24,100.0,-0.03500706672668458
Chronos2-ZS,CRICKET_GROUND_OHT,2026-03-22,0.06,0.01580575853586197,0.03161151707172394,24,24,100.0,-0.02838848292827606
Chronos2-ZS,CRICKET_GROUND_OHT,2026-03-23,0.11,0.01626315712928772,0.03252631425857544,24,24,100.0,-0.07747368574142456
Chronos2-ZS,CRICKET_GROUND_OHT,2026-03-24,0.8400000000000001,0.022652357816696167,0.045304715633392334,24,24,100.0,-0.7946952843666077
Chronos2-ZS,CRICKET_GROUND_OHT,2026-03-25,0.03,0.02382027357816696,0.04764054715633392,13,24,54.166666666666664,0.017640547156333924
Chronos2-ZS,CRICKET_GROUND_OHT,2026-03-26,0.02,0.036402005702257156,0.07280401140451431,24,24,100.0,0.05280401140451431
Chronos2-ZS,CRICKET_GROUND_OHT,2026-03-27,0.1,0.02295348048210144,0.04590696096420288,24,24,100.0,-0.054093039035797125
Chronos2-ZS,CRICKET_GROUND_OHT,2026-03-28,1.1600000000000001,0.01832832768559456,0.03665665537118912,24,24,100.0,-1.123343344628811
Chronos2-ZS,CRICKET_GROUND_OHT,2026-03-29,0.65,0.04901513457298279,0.09803026914596558,24,24,100.0,-0.5519697308540344
Chronos2-ZS,CRICKET_GROUND_OHT,2026-03-30,0.04,0.032326407730579376,0.06465281546115875,24,24,100.0,0.02465281546115875
Chronos2-ZS,CRICKET_GROUND_OHT,2026-03-31,0.37,0.02038414776325226,0.04076829552650452,24,24,100.0,-0.3292317044734955
Chronos2-ZS,CRICKET_GROUND_OHT,2026-04-01,0.5700000000000001,0.03640330396592617,0.07280660793185234,24,24,100.0,-0.4971933920681477
Chronos2-ZS,CRICKET_GROUND_OHT,2026-04-02,0.05,0.025682326406240463,0.051364652812480927,24,24,100.0,0.0013646528124809237
Chronos2-ZS,CRICKET_GROUND_OHT,2026-04-03,0.1,0.016737353056669235,0.03347470611333847,24,24,100.0,-0.06652529388666154
Chronos2-ZS,CRICKET_GROUND_OHT,2026-04-04,0.33,0.011799272149801254,0.02359854429960251,24,24,100.0,-0.3064014557003975
Chronos2-ZS,CRICKET_GROUND_OHT,2026-04-05,0.13,0.024711282923817635,0.04942256584763527,24,24,100.0,-0.08057743415236474
Chronos2-ZS,CRICKET_GROUND_OHT,2026-04-06,0.28,0.016780467703938484,0.03356093540787697,24,24,100.0,-0.24643906459212306
Chronos2-ZS,CRICKET_GROUND_OHT,2026-04-07,0.05,0.010477738454937935,0.02095547690987587,24,24,100.0,-0.029044523090124133
Chronos2-ZS,CRICKET_GROUND_OHT,2026-04-08,0.03,0.013022100552916527,0.026044201105833054,24,24,100.0,-0.003955798894166945
Chronos2-ZS,CRICKET_GROUND_OHT,2026-04-09,0.14,0.009734304621815681,0.019468609243631363,24,24,100.0,-0.12053139075636865
Chronos2-ZS,CRICKET_GROUND_OHT,2026-04-10,0.1,0.01209939830005169,0.02419879660010338,24,24,100.0,-0.07580120339989663
Chronos2-ZS,CRICKET_GROUND_OHT,2026-04-11,0.16,0.007969090715050697,0.015938181430101395,24,24,100.0,-0.1440618185698986
Chronos2-ZS,CRICKET_GROUND_OHT,2026-04-12,0.04,0.011649031192064285,0.02329806238412857,24,24,100.0,-0.01670193761587143
Chronos2-ZS,CRICKET_GROUND_OHT,2026-04-13,0.04,0.00896785594522953,0.01793571189045906,24,24,100.0,-0.02206428810954094
Chronos2-ZS,CRICKET_GROUND_OHT,2026-04-14,0.02,0.008932936936616898,0.017865873873233795,24,24,100.0,-0.0021341261267662053
Chronos2-ZS,CRICKET_GROUND_OHT,2026-04-15,0.05,0.00461842305958271,0.00923684611916542,24,24,100.0,-0.04076315388083458
Chronos2-ZS,CRICKET_GROUND_OHT,2026-04-16,0.05,0.005228327587246895,0.01045665517449379,24,24,100.0,-0.03954334482550621
Chronos2-ZS,CRICKET_GROUND_OHT,2026-04-17,0.42,0.004022298380732536,0.008044596761465073,24,24,100.0,-0.4119554032385349
Chronos2-ZS,CRICKET_GROUND_OHT,2026-04-18,0.66,0.006009969860315323,0.012019939720630646,24,24,100.0,-0.6479800602793694
Chronos2-ZS,CRICKET_GROUND_OHT,2026-04-19,0.08,0.006782215088605881,0.013564430177211761,24,24,100.0,-0.06643556982278824
Chronos2-ZS,CRICKET_GROUND_OHT,2026-04-20,0.08,0.006382976658642292,0.012765953317284584,24,24,100.0,-0.06723404668271542
Chronos2-ZS,CRICKET_GROUND_OHT,2026-04-21,0.05,0.006151449866592884,0.012302899733185768,24,24,100.0,-0.037697100266814235
Chronos2-ZS,CRICKET_GROUND_OHT,2026-04-22,0.07,0.006361055187880993,0.012722110375761986,24,24,100.0,-0.05727788962423802
Chronos2-ZS,F_BLOCK,2026-03-09,21.21,14.907054990530014,20.984505164847196,24,24,100.0,-0.225494835152805
Chronos2-ZS,F_BLOCK,2026-03-10,26.98,19.300477296113968,27.169079725110723,24,24,100.0,0.18907972511072302
Chronos2-ZS,F_BLOCK,2026-03-11,19.37,20.7028666138649,29.1432084782525,24,24,100.0,9.7732084782525
Chronos2-ZS,F_BLOCK,2026-03-12,23.529999999999998,17.952509462833405,25.271559525615025,24,24,100.0,1.7415595256150276
Chronos2-ZS,F_BLOCK,2026-03-13,21.44,19.191511929035187,27.015690319241706,24,24,100.0,5.575690319241705
Chronos2-ZS,F_BLOCK,2026-03-14,13.27,13.851020693778992,19.49793674683939,24,24,100.0,6.22793674683939
Chronos2-ZS,F_BLOCK,2026-03-15,8.290000000000001,6.305735617876053,8.876517979275011,24,24,100.0,0.5865179792750101
Chronos2-ZS,F_BLOCK,2026-03-16,15.61,14.384070336818695,20.24830514586875,15,24,62.5,4.638305145868749
Chronos2-ZS,F_BLOCK,2026-03-17,22.28,18.280326277017593,25.733023821194664,24,24,100.0,3.4530238211946624
Chronos2-ZS,F_BLOCK,2026-03-18,26.59,19.172740310430527,26.989265708356974,24,24,100.0,0.3992657083569746
Chronos2-ZS,F_BLOCK,2026-03-19,31.88,22.618280291557312,31.839516249162948,24,24,100.0,-0.04048375083705125
Chronos2-ZS,F_BLOCK,2026-03-20,30.42,23.535274505615234,33.13035939915184,24,24,100.0,2.710359399151841
Chronos2-ZS,F_BLOCK,2026-03-21,8.86,13.201907366514206,18.584186715246144,24,24,100.0,9.724186715246145
Chronos2-ZS,F_BLOCK,2026-03-22,10.67,5.059718906879425,7.122513306721979,24,24,100.0,-3.547486693278021
Chronos2-ZS,F_BLOCK,2026-03-23,14.21,17.319572269916534,24.38058046890493,24,24,100.0,10.17058046890493
Chronos2-ZS,F_BLOCK,2026-03-24,13.549999999999999,14.497274518013,20.407661485968337,24,24,100.0,6.857661485968338
Chronos2-ZS,F_BLOCK,2026-03-25,8.0,8.006753832101822,11.27102350196851,13,24,54.166666666666664,3.2710235019685108
Chronos2-ZS,F_BLOCK,2026-03-26,14.12,13.575067400932312,19.109480186997327,24,24,100.0,4.989480186997328
Chronos2-ZS,F_BLOCK,2026-03-27,18.64,12.028944492340088,16.933019163579008,24,24,100.0,-1.7069808364209926
Chronos2-ZS,F_BLOCK,2026-03-28,24.51,7.050483614206314,9.924891932777568,24,24,100.0,-14.585108067222434
Chronos2-ZS,F_BLOCK,2026-03-29,1.39,3.642100214958191,5.126946323082148,24,24,100.0,3.7369463230821482
Chronos2-ZS,F_BLOCK,2026-03-30,16.69,7.985997319221497,11.241804776202885,24,24,100.0,-5.448195223797116
Chronos2-ZS,F_BLOCK,2026-03-31,17.23,14.258385002613068,20.071379217410104,24,24,100.0,2.841379217410104
Chronos2-ZS,F_BLOCK,2026-04-01,18.34,14.20992460846901,20.003162028176384,24,24,100.0,1.6631620281763837
Chronos2-ZS,F_BLOCK,2026-04-02,23.98,16.200239807367325,22.804907885925488,24,24,100.0,-1.1750921140745128
Chronos2-ZS,F_BLOCK,2026-04-03,21.96,21.045563280582428,29.625618986382936,24,24,100.0,7.665618986382935
Chronos2-ZS,F_BLOCK,2026-04-04,17.08,10.570263981819153,14.879649888002183,24,24,100.0,-2.2003501119978157
Chronos2-ZS,F_BLOCK,2026-04-05,4.34,3.141738772392273,4.422592761464168,24,24,100.0,0.08259276146416816
Chronos2-ZS,F_BLOCK,2026-04-06,18.23,12.689153462648392,17.862388415662277,24,24,100.0,-0.36761158433772323
Chronos2-ZS,F_BLOCK,2026-04-07,22.28,15.63463705778122,22.008714819791273,24,24,100.0,-0.2712851802087286
Chronos2-ZS,F_BLOCK,2026-04-08,18.39,16.70692539215088,23.51816387630042,24,24,100.0,5.12816387630042
Chronos2-ZS,F_BLOCK,2026-04-09,20.9,16.037477046251297,22.575788451976003,24,24,100.0,1.675788451976004
Chronos2-ZS,F_BLOCK,2026-04-10,19.97,15.51623648405075,21.84204357234862,24,24,100.0,1.8720435723486197
Chronos2-ZS,F_BLOCK,2026-04-11,11.95,10.669277995824814,15.019030878386534,24,24,100.0,3.0690308783865348
Chronos2-ZS,F_BLOCK,2026-04-12,8.959999999999999,5.936020255088806,8.35607353569706,24,24,100.0,-0.6039264643029387
Chronos2-ZS,F_BLOCK,2026-04-13,28.22,17.909930616617203,25.211621729792526,24,24,100.0,-3.008378270207473
Chronos2-ZS,F_BLOCK,2026-04-14,17.03,21.824570953845978,30.722219928248336,24,24,100.0,13.692219928248335
Chronos2-ZS,F_BLOCK,2026-04-15,16.83,12.52260547876358,17.627940563269842,24,24,100.0,0.7979405632698438
Chronos2-ZS,F_BLOCK,2026-04-16,17.76,15.035553634166718,21.165391359523696,24,24,100.0,3.405391359523694
Chronos2-ZS,F_BLOCK,2026-04-17,19.49,15.482976108789444,21.795223290482145,24,24,100.0,2.3052232904821466
Chronos2-ZS,F_BLOCK,2026-04-18,13.9,8.256176054477692,11.622132551810958,24,24,100.0,-2.277867448189042
Chronos2-ZS,F_BLOCK,2026-04-19,7.109999999999999,5.049942672252655,7.108751403639945,24,24,100.0,-0.0012485963600541439
Chronos2-ZS,F_BLOCK,2026-04-20,20.21,16.68373739719391,23.485522378684287,24,24,100.0,3.275522378684286
Chronos2-ZS,F_BLOCK,2026-04-21,17.93,17.003414690494537,23.9355287559743,24,24,100.0,6.0055287559743
Chronos2-ZS,F_BLOCK,2026-04-22,19.18,16.188722521066666,22.788695122638924,24,24,100.0,3.608695122638924
Chronos2-ZS,GJBC_BLOCK_1_A1_BOYS,2026-03-09,4.14,3.129810281097889,3.1987835143927508,24,24,100.0,-0.9412164856072489
Chronos2-ZS,GJBC_BLOCK_1_A1_BOYS,2026-03-10,3.2600000000000002,3.6740526631474495,3.7550196447575885,24,24,100.0,0.4950196447575883
Chronos2-ZS,GJBC_BLOCK_1_A1_BOYS,2026-03-11,3.7600000000000002,3.8396740034222603,3.924290867394398,24,24,100.0,0.1642908673943979
Chronos2-ZS,GJBC_BLOCK_1_A1_BOYS,2026-03-12,3.79,3.7327471747994423,3.8150076374457162,24,24,100.0,0.025007637445716213
Chronos2-ZS,GJBC_BLOCK_1_A1_BOYS,2026-03-13,3.2800000000000002,3.715980716049671,3.797871687651117,24,24,100.0,0.5178716876511169
Chronos2-ZS,GJBC_BLOCK_1_A1_BOYS,2026-03-14,4.1000000000000005,3.5770205706357956,3.655849206291129,24,24,100.0,-0.44415079370887156
Chronos2-ZS,GJBC_BLOCK_1_A1_BOYS,2026-03-15,2.1999999999999997,3.6715867817401886,3.7524994214579106,24,24,100.0,1.5524994214579109
Chronos2-ZS,GJBC_BLOCK_1_A1_BOYS,2026-03-16,4.12,3.0401366278529167,3.107133676890534,24,24,100.0,-1.0128663231094661
Chronos2-ZS,GJBC_BLOCK_1_A1_BOYS,2026-03-17,2.83,3.706962414085865,3.7886546447447595,24,24,100.0,0.9586546447447595
Chronos2-ZS,GJBC_BLOCK_1_A1_BOYS,2026-03-18,2.84,3.6380013525485992,3.718173852949594,24,24,100.0,0.8781738529495939
Chronos2-ZS,GJBC_BLOCK_1_A1_BOYS,2026-03-19,2.14,3.059325471520424,3.126745394940853,24,24,100.0,0.9867453949408529
Chronos2-ZS,GJBC_BLOCK_1_A1_BOYS,2026-03-20,3.8000000000000003,2.6581876054406166,2.7167674481099464,24,24,100.0,-1.0832325518900539
Chronos2-ZS,GJBC_BLOCK_1_A1_BOYS,2026-03-21,2.03,3.2830445021390915,3.3553946365005967,24,24,100.0,1.3253946365005969
Chronos2-ZS,GJBC_BLOCK_1_A1_BOYS,2026-03-22,1.25,2.6297966688871384,2.687750845936354,24,24,100.0,1.4377508459363542
Chronos2-ZS,GJBC_BLOCK_1_A1_BOYS,2026-03-23,3.45,2.3291087821125984,2.3804365460885704,24,24,100.0,-1.0695634539114298
Chronos2-ZS,GJBC_BLOCK_1_A1_BOYS,2026-03-24,3.34,3.364131949841976,3.438269049848483,24,24,100.0,0.09826904984848328
Chronos2-ZS,GJBC_BLOCK_1_A1_BOYS,2026-03-25,1.24,1.2353483512997627,1.262572356073858,13,24,54.166666666666664,0.02257235607385799
Chronos2-ZS,GJBC_BLOCK_1_A1_BOYS,2026-03-26,2.6,3.260013446211815,3.33185603338968,24,24,100.0,0.73185603338968
Chronos2-ZS,GJBC_BLOCK_1_A1_BOYS,2026-03-27,3.67,3.190591737627983,3.2609044430328864,24,24,100.0,-0.4090955569671135
Chronos2-ZS,GJBC_BLOCK_1_A1_BOYS,2026-03-28,3.79,3.181015580892563,3.2511172516233935,24,24,100.0,-0.5388827483766065
Chronos2-ZS,GJBC_BLOCK_1_A1_BOYS,2026-03-29,4.09,2.8444304540753365,2.9071146258555913,24,24,100.0,-1.1828853741444085
Chronos2-ZS,GJBC_BLOCK_1_A1_BOYS,2026-03-30,2.87,4.318934224545956,4.414112791647561,24,24,100.0,1.544112791647561
Chronos2-ZS,GJBC_BLOCK_1_A1_BOYS,2026-03-31,3.3000000000000003,3.2108812257647514,3.281641061018752,24,24,100.0,-0.018358938981248407
Chronos2-ZS,GJBC_BLOCK_1_A1_BOYS,2026-04-01,3.44,2.7542120665311813,2.814908049465246,24,24,100.0,-0.6250919505347539
Chronos2-ZS,GJBC_BLOCK_1_A1_BOYS,2026-04-02,3.75,3.1388790234923363,3.208052109311372,24,24,100.0,-0.5419478906886281
Chronos2-ZS,GJBC_BLOCK_1_A1_BOYS,2026-04-03,3.66,3.900631219148636,3.986591428526306,24,24,100.0,0.32659142852630607
Chronos2-ZS,GJBC_BLOCK_1_A1_BOYS,2026-04-04,3.48,2.9347278401255608,2.999401941682573,24,24,100.0,-0.48059805831742697
Chronos2-ZS,GJBC_BLOCK_1_A1_BOYS,2026-04-05,2.84,2.8749737292528152,2.938330998842585,24,24,100.0,0.09833099884258534
Chronos2-ZS,GJBC_BLOCK_1_A1_BOYS,2026-04-06,4.3,3.4243774861097336,3.4998422478767846,24,24,100.0,-0.8001577521232153
Chronos2-ZS,GJBC_BLOCK_1_A1_BOYS,2026-04-07,4.9,4.903274297714233,5.01133026650168,24,24,100.0,0.11133026650167999
Chronos2-ZS,GJBC_BLOCK_1_A1_BOYS,2026-04-08,5.49,4.652941703796387,4.75548096490801,24,24,100.0,-0.7345190350919903
Chronos2-ZS,GJBC_BLOCK_1_A1_BOYS,2026-04-09,4.17,4.581739500164986,4.682709641821721,24,24,100.0,0.5127096418217212
Chronos2-ZS,GJBC_BLOCK_1_A1_BOYS,2026-04-10,5.24,4.315003216266632,4.410095153724016,24,24,100.0,-0.8299048462759844
Chronos2-ZS,GJBC_BLOCK_1_A1_BOYS,2026-04-11,4.64,4.982381165027618,5.092180452394912,24,24,100.0,0.452180452394912
Chronos2-ZS,GJBC_BLOCK_1_A1_BOYS,2026-04-12,5.86,3.0578600987792015,3.1252477290294807,24,24,100.0,-2.7347522709705196
Chronos2-ZS,GJBC_BLOCK_1_A1_BOYS,2026-04-13,3.92,4.465882241725922,4.564299177597795,24,24,100.0,0.6442991775977953
Chronos2-ZS,GJBC_BLOCK_1_A1_BOYS,2026-04-14,4.45,4.276710100471973,4.370958152910114,24,24,100.0,-0.07904184708988637
Chronos2-ZS,GJBC_BLOCK_1_A1_BOYS,2026-04-15,2.38,3.9135623648762703,3.9998075445399763,24,24,100.0,1.6198075445399764
Chronos2-ZS,GJBC_BLOCK_1_A1_BOYS,2026-04-16,2.31,3.4482117369771004,3.5242017463463498,24,24,100.0,1.2142017463463497
Chronos2-ZS,GJBC_BLOCK_1_A1_BOYS,2026-04-17,2.71,3.2147077172994614,3.2855518789086147,24,24,100.0,0.5755518789086147
Chronos2-ZS,GJBC_BLOCK_1_A1_BOYS,2026-04-18,2.45,2.892379842698574,2.9561206997315517,24,24,100.0,0.5061206997315515
Chronos2-ZS,GJBC_BLOCK_1_A1_BOYS,2026-04-19,3.98,2.3341905772686005,2.385630331369012,24,24,100.0,-1.5943696686309878
Chronos2-ZS,GJBC_BLOCK_1_A1_BOYS,2026-04-20,2.85,2.880038268864155,2.9435071483090827,24,24,100.0,0.09350714830908258
Chronos2-ZS,GJBC_BLOCK_1_A1_BOYS,2026-04-21,4.0600000000000005,3.500352419912815,3.577491480235727,24,24,100.0,-0.48250851976427356
Chronos2-ZS,GJBC_BLOCK_1_A1_BOYS,2026-04-22,2.83,3.3705318942666054,3.4448100331285794,24,24,100.0,0.6148100331285793
Chronos2-ZS,GJBC_BLOCK_1_A2_GIRLS,2026-03-09,3.98,2.6845548376441,2.8418160849060405,24,24,100.0,-1.1381839150939594
Chronos2-ZS,GJBC_BLOCK_1_A2_GIRLS,2026-03-10,2.73,3.518023706972599,3.7241095683220005,24,24,100.0,0.9941095683220005
Chronos2-ZS,GJBC_BLOCK_1_A2_GIRLS,2026-03-11,3.27,3.39851576089859,3.5976008456597195,24,24,100.0,0.3276008456597195
Chronos2-ZS,GJBC_BLOCK_1_A2_GIRLS,2026-03-12,3.73,3.5541282072663307,3.7623290705774517,24,24,100.0,0.03232907057745171
Chronos2-ZS,GJBC_BLOCK_1_A2_GIRLS,2026-03-13,3.0,3.6341027915477753,3.8469885667470782,24,24,100.0,0.8469885667470782
Chronos2-ZS,GJBC_BLOCK_1_A2_GIRLS,2026-03-14,4.08,3.521603010594845,3.7278985475836,24,24,100.0,-0.3521014524164001
Chronos2-ZS,GJBC_BLOCK_1_A2_GIRLS,2026-03-15,2.08,3.6485657319426537,3.8622987463242895,24,24,100.0,1.7822987463242894
Chronos2-ZS,GJBC_BLOCK_1_A2_GIRLS,2026-03-16,4.0600000000000005,2.649566650390625,2.8047782893190867,24,24,100.0,-1.2552217106809138
Chronos2-ZS,GJBC_BLOCK_1_A2_GIRLS,2026-03-17,2.9,3.718702770769596,3.936544413535543,24,24,100.0,1.0365444135355433
Chronos2-ZS,GJBC_BLOCK_1_A2_GIRLS,2026-03-18,2.8,3.53857808560133,3.745868022641241,24,24,100.0,0.9458680226412413
Chronos2-ZS,GJBC_BLOCK_1_A2_GIRLS,2026-03-19,2.04,2.943938232958317,3.116394161920985,24,24,100.0,1.0763941619209851
Chronos2-ZS,GJBC_BLOCK_1_A2_GIRLS,2026-03-20,3.96,2.8163517117500305,2.9813336211182118,24,24,100.0,-0.9786663788817882
Chronos2-ZS,GJBC_BLOCK_1_A2_GIRLS,2026-03-21,1.96,3.2412115707993507,3.431081774647023,24,24,100.0,1.4710817746470228
Chronos2-ZS,GJBC_BLOCK_1_A2_GIRLS,2026-03-22,0.97,2.6215191781520844,2.775087795896949,24,24,100.0,1.805087795896949
Chronos2-ZS,GJBC_BLOCK_1_A2_GIRLS,2026-03-23,3.81,1.8135242760181427,1.9197605449098234,24,24,100.0,-1.8902394550901767
Chronos2-ZS,GJBC_BLOCK_1_A2_GIRLS,2026-03-24,3.1,3.491823248565197,3.696374286818342,24,24,100.0,0.5963742868183419
Chronos2-ZS,GJBC_BLOCK_1_A2_GIRLS,2026-03-25,1.56,1.3079644814133644,1.3845850528530201,13,24,54.166666666666664,-0.17541494714697992
Chronos2-ZS,GJBC_BLOCK_1_A2_GIRLS,2026-03-26,2.43,3.248214766383171,3.438495217493029,24,24,100.0,1.0084952174930288
Chronos2-ZS,GJBC_BLOCK_1_A2_GIRLS,2026-03-27,3.59,3.0936328321695328,3.274857872140934,24,24,100.0,-0.3151421278590658
Chronos2-ZS,GJBC_BLOCK_1_A2_GIRLS,2026-03-28,4.33,3.0217239037156105,3.1987365179919354,24,24,100.0,-1.1312634820080647
Chronos2-ZS,GJBC_BLOCK_1_A2_GIRLS,2026-03-29,3.96,2.8887431249022484,3.057965723923602,24,24,100.0,-0.9020342760763977
Chronos2-ZS,GJBC_BLOCK_1_A2_GIRLS,2026-03-30,3.1,4.213958919048309,4.460812671569036,24,24,100.0,1.3608126715690356
Chronos2-ZS,GJBC_BLOCK_1_A2_GIRLS,2026-03-31,3.25,3.0236520022153854,3.200777564519691,24,24,100.0,-0.049222435480309024
Chronos2-ZS,GJBC_BLOCK_1_A2_GIRLS,2026-04-01,3.58,2.609124779701233,2.761967333470011,24,24,100.0,-0.8180326665299891
Chronos2-ZS,GJBC_BLOCK_1_A2_GIRLS,2026-04-02,3.81,3.438729867339134,3.6401706948281394,24,24,100.0,-0.16982930517186068
Chronos2-ZS,GJBC_BLOCK_1_A2_GIRLS,2026-04-03,3.64,3.8586877584457397,4.084729723086734,24,24,100.0,0.44472972308673375
Chronos2-ZS,GJBC_BLOCK_1_A2_GIRLS,2026-04-04,4.0,2.9812915846705437,3.1559356733225976,24,24,100.0,-0.8440643266774024
Chronos2-ZS,GJBC_BLOCK_1_A2_GIRLS,2026-04-05,2.7600000000000002,2.7606286481022835,2.922346299885698,24,24,100.0,0.16234629988569793
Chronos2-ZS,GJBC_BLOCK_1_A2_GIRLS,2026-04-06,4.6,3.354060098528862,3.550540970176485,24,24,100.0,-1.0494590298235145
Chronos2-ZS,GJBC_BLOCK_1_A2_GIRLS,2026-04-07,5.36,4.89689539372921,5.183755571264239,24,24,100.0,-0.17624442873576118
Chronos2-ZS,GJBC_BLOCK_1_A2_GIRLS,2026-04-08,5.35,4.770029604434967,5.049457982857711,24,24,100.0,-0.30054201714228856
Chronos2-ZS,GJBC_BLOCK_1_A2_GIRLS,2026-04-09,4.54,4.570002317428589,4.8377130955252206,24,24,100.0,0.2977130955252205
Chronos2-ZS,GJBC_BLOCK_1_A2_GIRLS,2026-04-10,5.19,4.434386193752289,4.694152578067462,24,24,100.0,-0.49584742193253817
Chronos2-ZS,GJBC_BLOCK_1_A2_GIRLS,2026-04-11,4.71,4.846945837140083,5.1308799691873315,24,24,100.0,0.4208799691873315
Chronos2-ZS,GJBC_BLOCK_1_A2_GIRLS,2026-04-12,6.49,3.166919954121113,3.3524381543754522,24,24,100.0,-3.137561845624548
Chronos2-ZS,GJBC_BLOCK_1_A2_GIRLS,2026-04-13,3.83,4.490637816488743,4.7536994213849955,24,24,100.0,0.9236994213849954
Chronos2-ZS,GJBC_BLOCK_1_A2_GIRLS,2026-04-14,4.22,4.270944610238075,4.521136585076678,24,24,100.0,0.3011365850766783
Chronos2-ZS,GJBC_BLOCK_1_A2_GIRLS,2026-04-15,2.59,3.7954967468976974,4.0178369814967345,24,24,100.0,1.4278369814967347
Chronos2-ZS,GJBC_BLOCK_1_A2_GIRLS,2026-04-16,2.62,3.6286426559090614,3.84120857631206,24,24,100.0,1.2212085763120597
Chronos2-ZS,GJBC_BLOCK_1_A2_GIRLS,2026-04-17,2.74,3.4926723018288612,3.6972730776300584,24,24,100.0,0.9572730776300582
Chronos2-ZS,GJBC_BLOCK_1_A2_GIRLS,2026-04-18,2.55,3.1154880598187447,3.2979933792283282,24,24,100.0,0.7479933792283284
Chronos2-ZS,GJBC_BLOCK_1_A2_GIRLS,2026-04-19,3.98,2.522607207298279,2.6703815608740955,24,24,100.0,-1.3096184391259045
Chronos2-ZS,GJBC_BLOCK_1_A2_GIRLS,2026-04-20,3.25,2.97426625341177,3.1484987980935943,24,24,100.0,-0.10150120190640566
Chronos2-ZS,GJBC_BLOCK_1_A2_GIRLS,2026-04-21,4.06,3.537546783685684,3.744776307049822,24,24,100.0,-0.3152236929501777
Chronos2-ZS,GJBC_BLOCK_1_A2_GIRLS,2026-04-22,3.87,3.43133357912302,3.632341131979798,24,24,100.0,-0.23765886802020209
Chronos2-ZS,GJBC_BLOCK_1_A3,2026-03-09,4.98,3.6095572784543037,3.861808973096546,24,24,100.0,-1.1181910269034545
Chronos2-ZS,GJBC_BLOCK_1_A3,2026-03-10,4.01,4.349444724619389,4.65340299924963,24,24,100.0,0.6434029992496306
Chronos2-ZS,GJBC_BLOCK_1_A3,2026-03-11,4.43,4.405708283185959,4.713598502068682,24,24,100.0,0.2835985020686822
Chronos2-ZS,GJBC_BLOCK_1_A3,2026-03-12,4.44,4.432807847857475,4.742591903181931,24,24,100.0,0.30259190318193063
Chronos2-ZS,GJBC_BLOCK_1_A3,2026-03-13,4.08,4.233273938298225,4.5291136888390024,24,24,100.0,0.4491136888390024
Chronos2-ZS,GJBC_BLOCK_1_A3,2026-03-14,4.93,4.184251852333546,4.476665724489375,24,24,100.0,-0.4533342755106249
Chronos2-ZS,GJBC_BLOCK_1_A3,2026-03-15,2.95,4.5262303575873375,4.84254318765593,24,24,100.0,1.8925431876559298
Chronos2-ZS,GJBC_BLOCK_1_A3,2026-03-16,2.4,1.8643755540251732,1.994666295152797,15,24,62.5,-0.405333704847203
Chronos2-ZS,GJBC_BLOCK_1_A3,2026-03-17,3.54,4.33573380112648,4.638733896285006,24,24,100.0,1.0987338962850064
Chronos2-ZS,GJBC_BLOCK_1_A3,2026-03-18,3.5100000000000002,4.354877322912216,4.6592152513392975,24,24,100.0,1.1492152513392973
Chronos2-ZS,GJBC_BLOCK_1_A3,2026-03-19,2.5700000000000003,3.675981044769287,3.9328747235455643,24,24,100.0,1.362874723545564
Chronos2-ZS,GJBC_BLOCK_1_A3,2026-03-20,4.6,3.4454648569226265,3.686249053415888,24,24,100.0,-0.9137509465841118
Chronos2-ZS,GJBC_BLOCK_1_A3,2026-03-21,2.43,3.9914873242378235,4.2704299656781,24,24,100.0,1.8404299656781
Chronos2-ZS,GJBC_BLOCK_1_A3,2026-03-22,1.23,3.135097861289978,3.3541922508153106,24,24,100.0,2.1241922508153106
Chronos2-ZS,GJBC_BLOCK_1_A3,2026-03-23,4.4,2.36337798088789,2.5285412002992254,24,24,100.0,-1.871458799700775
Chronos2-ZS,GJBC_BLOCK_1_A3,2026-03-24,3.7,4.219684489071369,4.514574549294945,24,24,100.0,0.814574549294945
Chronos2-ZS,GJBC_BLOCK_1_A3,2026-03-25,1.44,1.4203103110194206,1.519567825233441,13,24,54.166666666666664,0.07956782523344108
Chronos2-ZS,GJBC_BLOCK_1_A3,2026-03-26,2.94,3.8367079868912697,4.104833969353914,24,24,100.0,1.1648339693539138
Chronos2-ZS,GJBC_BLOCK_1_A3,2026-03-27,4.37,3.6640294566750526,3.9200879060539653,24,24,100.0,-0.4499120939460348
Chronos2-ZS,GJBC_BLOCK_1_A3,2026-03-28,4.54,3.572906866669655,3.8225972697825457,24,24,100.0,-0.7174027302174544
Chronos2-ZS,GJBC_BLOCK_1_A3,2026-03-29,4.9,3.374976232647896,3.6108343749038587,24,24,100.0,-1.2891656250961416
Chronos2-ZS,GJBC_BLOCK_1_A3,2026-03-30,3.54,5.008240714669228,5.358238542655649,24,24,100.0,1.8182385426556493
Chronos2-ZS,GJBC_BLOCK_1_A3,2026-03-31,3.91,3.575811617076397,3.825705016888353,24,24,100.0,-0.08429498311164707
Chronos2-ZS,GJBC_BLOCK_1_A3,2026-04-01,4.37,3.078298047184944,3.2934230165686755,24,24,100.0,-1.0765769834313246
Chronos2-ZS,GJBC_BLOCK_1_A3,2026-04-02,4.49,3.8044635355472565,4.070336134321301,24,24,100.0,-0.4196638656786993
Chronos2-ZS,GJBC_BLOCK_1_A3,2026-04-03,4.14,4.402844250202179,4.710534317897946,24,24,100.0,0.5705343178979465
Chronos2-ZS,GJBC_BLOCK_1_A3,2026-04-04,3.73,3.442832797765732,3.6834330544205294,24,24,100.0,-0.04656694557947061
Chronos2-ZS,GJBC_BLOCK_1_A3,2026-04-05,3.36,3.239533670246601,3.46592649217191,24,24,100.0,0.10592649217191008
Chronos2-ZS,GJBC_BLOCK_1_A3,2026-04-06,5.7299999999999995,3.8773904517292976,4.148359503273813,24,24,100.0,-1.5816404967261866
Chronos2-ZS,GJBC_BLOCK_1_A3,2026-04-07,5.4,6.141988635063171,6.5712177405039185,24,24,100.0,1.1712177405039181
Chronos2-ZS,GJBC_BLOCK_1_A3,2026-04-08,6.63,5.495626248419285,5.879684715245386,24,24,100.0,-0.7503152847546142
Chronos2-ZS,GJBC_BLOCK_1_A3,2026-04-09,4.92,5.477394744753838,5.860179114137868,24,24,100.0,0.9401791141378677
Chronos2-ZS,GJBC_BLOCK_1_A3,2026-04-10,6.55,5.00386044383049,5.35355215927822,24,24,100.0,-1.1964478407217802
Chronos2-ZS,GJBC_BLOCK_1_A3,2026-04-11,5.4,5.893054410815239,6.304886900805162,24,24,100.0,0.9048869008051614
Chronos2-ZS,GJBC_BLOCK_1_A3,2026-04-12,7.41,3.7387846186757088,4.00006728666184,24,24,100.0,-3.4099327133381605
Chronos2-ZS,GJBC_BLOCK_1_A3,2026-04-13,4.68,5.525410413742065,5.911550328678444,24,24,100.0,1.231550328678444
Chronos2-ZS,GJBC_BLOCK_1_A3,2026-04-14,5.3100000000000005,5.047204457223415,5.399925242439957,24,24,100.0,0.08992524243995614
Chronos2-ZS,GJBC_BLOCK_1_A3,2026-04-15,2.71,4.545141696929932,4.862776134339568,24,24,100.0,2.152776134339568
Chronos2-ZS,GJBC_BLOCK_1_A3,2026-04-16,2.67,3.8985616341233253,4.171010220753307,24,24,100.0,1.5010102207533071
Chronos2-ZS,GJBC_BLOCK_1_A3,2026-04-17,3.2600000000000002,3.7077190428972244,3.9668307121899877,24,24,100.0,0.7068307121899875
Chronos2-ZS,GJBC_BLOCK_1_A3,2026-04-18,2.6700000000000004,3.3863565772771835,3.623010027931627,24,24,100.0,0.9530100279316267
Chronos2-ZS,GJBC_BLOCK_1_A3,2026-04-19,4.66,2.524312436580658,2.700722461636871,24,24,100.0,-1.9592775383631293
Chronos2-ZS,GJBC_BLOCK_1_A3,2026-04-20,3.2,3.4783773943781853,3.7214616633478412,24,24,100.0,0.521461663347841
Chronos2-ZS,GJBC_BLOCK_1_A3,2026-04-21,4.93,3.8628290966153145,4.1327805367963215,24,24,100.0,-0.7972194632036782
Chronos2-ZS,GJBC_BLOCK_1_A3,2026-04-22,3.59,3.8616702035069466,4.131540655154473,24,24,100.0,0.5415406551544732
Chronos2-ZS,GJBC_BLOCK_1_A4_RO,2026-03-09,0.02,0.00012506276834756136,0.00012506276834756136,24,24,100.0,-0.01987493723165244
Chronos2-ZS,GJBC_BLOCK_1_A4_RO,2026-03-10,0.01,0.0002467649755999446,0.0002467649755999446,24,24,100.0,-0.009753235024400056
Chronos2-ZS,GJBC_BLOCK_1_A4_RO,2026-03-11,0.01,0.000125702383229509,0.000125702383229509,24,24,100.0,-0.009874297616770491
Chronos2-ZS,GJBC_BLOCK_1_A4_RO,2026-03-12,0.01,0.0002537249238230288,0.0002537249238230288,24,24,100.0,-0.009746275076176971
Chronos2-ZS,GJBC_BLOCK_1_A4_RO,2026-03-13,0.01,0.00013387086801230907,0.00013387086801230907,24,24,100.0,-0.009866129131987691
Chronos2-ZS,GJBC_BLOCK_1_A4_RO,2026-03-14,0.0,0.00022614639601670206,0.00022614639601670206,24,24,100.0,0.00022614639601670206
Chronos2-ZS,GJBC_BLOCK_1_A4_RO,2026-03-15,0.03,5.550100468099117e-05,5.550100468099117e-05,24,24,100.0,-0.029944498995319008
Chronos2-ZS,GJBC_BLOCK_1_A4_RO,2026-03-16,0.0,9.433992090635002e-05,9.433992090635002e-05,15,24,62.5,9.433992090635002e-05
Chronos2-ZS,GJBC_BLOCK_1_A4_RO,2026-03-17,0.03,0.00020354692242108285,0.00020354692242108285,24,24,100.0,-0.029796453077578916
Chronos2-ZS,GJBC_BLOCK_1_A4_RO,2026-03-18,0.02,0.0003795067314058542,0.0003795067314058542,24,24,100.0,-0.019620493268594146
Chronos2-ZS,GJBC_BLOCK_1_A4_RO,2026-03-19,0.08,0.0002672213886398822,0.0002672213886398822,24,24,100.0,-0.07973277861136012
Chronos2-ZS,GJBC_BLOCK_1_A4_RO,2026-03-20,0.09,0.0005348504346329719,0.0005348504346329719,24,24,100.0,-0.08946514956536702
Chronos2-ZS,GJBC_BLOCK_1_A4_RO,2026-03-21,0.08,0.0003838892444036901,0.0003838892444036901,24,24,100.0,-0.07961611075559631
Chronos2-ZS,GJBC_BLOCK_1_A4_RO,2026-03-22,0.07,0.00041336246067658067,0.00041336246067658067,24,24,100.0,-0.06958663753932343
Chronos2-ZS,GJBC_BLOCK_1_A4_RO,2026-03-23,0.07,0.00039857946103438735,0.00039857946103438735,24,24,100.0,-0.06960142053896562
Chronos2-ZS,GJBC_BLOCK_1_A4_RO,2026-03-24,0.11,0.00042931706411764026,0.00042931706411764026,24,24,100.0,-0.10957068293588236
Chronos2-ZS,GJBC_BLOCK_1_A4_RO,2026-03-25,0.060000000000000005,0.00012003519805148244,0.00012003519805148244,13,24,54.166666666666664,-0.05987996480194852
Chronos2-ZS,GJBC_BLOCK_1_A4_RO,2026-03-26,0.09,0.003966985881561413,0.003966985881561413,24,24,100.0,-0.08603301411843858
Chronos2-ZS,GJBC_BLOCK_1_A4_RO,2026-03-27,0.07,0.0011866620916407555,0.0011866620916407555,24,24,100.0,-0.06881333790835925
Chronos2-ZS,GJBC_BLOCK_1_A4_RO,2026-03-28,0.06,0.001528764347312972,0.001528764347312972,24,24,100.0,-0.058471235652687026
Chronos2-ZS,GJBC_BLOCK_1_A4_RO,2026-03-29,0.05,0.0003107179654762149,0.0003107179654762149,24,24,100.0,-0.04968928203452379
Chronos2-ZS,GJBC_BLOCK_1_A4_RO,2026-03-30,0.08,0.0022403678158298135,0.0022403678158298135,24,24,100.0,-0.07775963218417019
Chronos2-ZS,GJBC_BLOCK_1_A4_RO,2026-03-31,0.08,0.0022816806740593165,0.0022816806740593165,24,24,100.0,-0.07771831932594069
Chronos2-ZS,GJBC_BLOCK_1_A4_RO,2026-04-01,0.1,0.003225160588044673,0.003225160588044673,24,24,100.0,-0.09677483941195533
Chronos2-ZS,GJBC_BLOCK_1_A4_RO,2026-04-02,0.08,0.0031572015141136944,0.0031572015141136944,24,24,100.0,-0.07684279848588631
Chronos2-ZS,GJBC_BLOCK_1_A4_RO,2026-04-03,0.04,0.0015915638068690896,0.0015915638068690896,24,24,100.0,-0.03840843619313091
Chronos2-ZS,GJBC_BLOCK_1_A4_RO,2026-04-04,0.48,0.0004838014137931168,0.0004838014137931168,24,24,100.0,-0.47951619858620687
Chronos2-ZS,GJBC_BLOCK_1_A4_RO,2026-04-05,0.06,0.0008325600065290928,0.0008325600065290928,24,24,100.0,-0.059167439993470905
Chronos2-ZS,GJBC_BLOCK_1_A4_RO,2026-04-06,0.06,0.001495951320976019,0.001495951320976019,24,24,100.0,-0.05850404867902398
Chronos2-ZS,GJBC_BLOCK_1_A4_RO,2026-04-07,0.06,0.0015904688043519855,0.0015904688043519855,24,24,100.0,-0.05840953119564801
Chronos2-ZS,GJBC_BLOCK_1_A4_RO,2026-04-08,0.13,0.0014548328472301364,0.0014548328472301364,24,24,100.0,-0.12854516715276987
Chronos2-ZS,GJBC_BLOCK_1_A4_RO,2026-04-09,0.05,0.0034208978759124875,0.0034208978759124875,24,24,100.0,-0.046579102124087515
Chronos2-ZS,GJBC_BLOCK_1_A4_RO,2026-04-10,0.07,0.001640011090785265,0.001640011090785265,24,24,100.0,-0.06835998890921474
Chronos2-ZS,GJBC_BLOCK_1_A4_RO,2026-04-11,0.13,0.002344058477319777,0.002344058477319777,24,24,100.0,-0.12765594152268023
Chronos2-ZS,GJBC_BLOCK_1_A4_RO,2026-04-12,0.09,0.004359274927992374,0.004359274927992374,24,24,100.0,-0.08564072507200762
Chronos2-ZS,GJBC_BLOCK_1_A4_RO,2026-04-13,0.09,0.005562776001170278,0.005562776001170278,24,24,100.0,-0.08443722399882972
Chronos2-ZS,GJBC_BLOCK_1_A4_RO,2026-04-14,0.1,0.00920805602800101,0.00920805602800101,24,24,100.0,-0.090791943971999
Chronos2-ZS,GJBC_BLOCK_1_A4_RO,2026-04-15,0.08,0.012139057682361454,0.012139057682361454,24,24,100.0,-0.06786094231763855
Chronos2-ZS,GJBC_BLOCK_1_A4_RO,2026-04-16,0.08,0.011611093068495393,0.011611093068495393,24,24,100.0,-0.06838890693150461
Chronos2-ZS,GJBC_BLOCK_1_A4_RO,2026-04-17,0.11,0.009329640888608992,0.009329640888608992,24,24,100.0,-0.10067035911139101
Chronos2-ZS,GJBC_BLOCK_1_A4_RO,2026-04-18,0.08,0.010552953579463065,0.010552953579463065,24,24,100.0,-0.06944704642053694
Chronos2-ZS,GJBC_BLOCK_1_A4_RO,2026-04-19,0.07,0.009510689997114241,0.009510689997114241,24,24,100.0,-0.060489310002885766
Chronos2-ZS,GJBC_BLOCK_1_A4_RO,2026-04-20,0.08,0.012495649978518486,0.012495649978518486,24,24,100.0,-0.06750435002148152
Chronos2-ZS,GJBC_BLOCK_1_A4_RO,2026-04-21,0.12,0.011492074059788138,0.011492074059788138,24,24,100.0,-0.10850792594021186
Chronos2-ZS,GJBC_BLOCK_1_A4_RO,2026-04-22,0.05,0.017441506031900644,0.017441506031900644,24,24,100.0,-0.03255849396809936
Chronos2-ZS,GJBC_BLOCK_2_A1,2026-03-09,11.52,9.760448336601257,10.220526736028079,24,24,100.0,-1.2994732639719206
Chronos2-ZS,GJBC_BLOCK_2_A1,2026-03-10,12.47,11.141030386090279,11.666185302261155,24,24,100.0,-0.8038146977388454
Chronos2-ZS,GJBC_BLOCK_2_A1,2026-03-11,11.86,11.501817405223846,12.04397874451921,24,24,100.0,0.18397874451921048
Chronos2-ZS,GJBC_BLOCK_2_A1,2026-03-12,10.77,11.53875295817852,12.0826553291867,24,24,100.0,1.3126553291867005
Chronos2-ZS,GJBC_BLOCK_2_A1,2026-03-13,14.18,10.969605281949043,11.48667973041854,24,24,100.0,-2.6933202695814593
Chronos2-ZS,GJBC_BLOCK_2_A1,2026-03-14,9.25,8.592794179916382,8.997832847871328,24,24,100.0,-0.25216715212867236
Chronos2-ZS,GJBC_BLOCK_2_A1,2026-03-15,2.31,1.8577812910079956,1.9453515555466512,24,24,100.0,-0.3646484444533489
Chronos2-ZS,GJBC_BLOCK_2_A1,2026-03-16,9.459999999999999,7.653685510158539,8.014457398681865,15,24,62.5,-1.4455426013181345
Chronos2-ZS,GJBC_BLOCK_2_A1,2026-03-17,12.91,12.296176061034203,12.87578109618579,24,24,100.0,-0.03421890381421022
Chronos2-ZS,GJBC_BLOCK_2_A1,2026-03-18,12.03,12.42131532728672,13.006819053905891,24,24,100.0,0.9768190539058921
Chronos2-ZS,GJBC_BLOCK_2_A1,2026-03-19,2.07,11.97927850484848,12.543945935147894,24,24,100.0,10.473945935147894
Chronos2-ZS,GJBC_BLOCK_2_A1,2026-03-20,9.69,7.346585348248482,7.692881451840345,24,24,100.0,-1.997118548159654
Chronos2-ZS,GJBC_BLOCK_2_A1,2026-03-21,1.12,7.8171952068805695,8.185674454427204,24,24,100.0,7.065674454427204
Chronos2-ZS,GJBC_BLOCK_2_A1,2026-03-22,0.47000000000000003,0.8353252112865448,0.8746999482818137,24,24,100.0,0.4046999482818137
Chronos2-ZS,GJBC_BLOCK_2_A1,2026-03-23,11.59,7.9756195694208145,8.351566468517266,24,24,100.0,-3.238433531482734
Chronos2-ZS,GJBC_BLOCK_2_A1,2026-03-24,12.49,11.60830008983612,12.155480705030868,24,24,100.0,-0.334519294969132
Chronos2-ZS,GJBC_BLOCK_2_A1,2026-03-25,5.81,5.9411987364292145,6.221249110250959,13,24,54.166666666666664,0.4112491102509592
Chronos2-ZS,GJBC_BLOCK_2_A1,2026-03-26,12.39,11.627361565828323,12.175440682102405,24,24,100.0,-0.21455931789759575
Chronos2-ZS,GJBC_BLOCK_2_A1,2026-03-27,13.45,11.851386591792107,12.410025579070316,24,24,100.0,-1.039974420929683
Chronos2-ZS,GJBC_BLOCK_2_A1,2026-03-28,7.69,8.501812607049942,8.90256267524203,24,24,100.0,1.2125626752420304
Chronos2-ZS,GJBC_BLOCK_2_A1,2026-03-29,3.92,1.6085567325353622,1.6843792953286005,24,24,100.0,-2.2356207046713994
Chronos2-ZS,GJBC_BLOCK_2_A1,2026-03-30,11.7,12.039925456047058,12.607451602593443,24,24,100.0,0.9074516025934436
Chronos2-ZS,GJBC_BLOCK_2_A1,2026-03-31,11.93,11.74888390302658,12.302691219529244,24,24,100.0,0.3726912195292442
Chronos2-ZS,GJBC_BLOCK_2_A1,2026-04-01,11.89,11.94632762670517,12.50944185096803,24,24,100.0,0.6194418509680286
Chronos2-ZS,GJBC_BLOCK_2_A1,2026-04-02,11.97,11.749193251132965,12.303015149381952,24,24,100.0,0.33301514938195176
Chronos2-ZS,GJBC_BLOCK_2_A1,2026-04-03,6.15,11.75060485303402,12.304493289982958,24,24,100.0,6.154493289982957
Chronos2-ZS,GJBC_BLOCK_2_A1,2026-04-04,8.47,5.567132413387299,5.82955041733734,24,24,100.0,-2.6404495826626606
Chronos2-ZS,GJBC_BLOCK_2_A1,2026-04-05,3.87,1.9708545506000519,2.063754751069622,24,24,100.0,-1.8062452489303782
Chronos2-ZS,GJBC_BLOCK_2_A1,2026-04-06,12.55,11.08903968334198,11.611743912978733,24,24,100.0,-0.9382560870212675
Chronos2-ZS,GJBC_BLOCK_2_A1,2026-04-07,10.74,11.98851914703846,12.553622153627181,24,24,100.0,1.8136221536271808
Chronos2-ZS,GJBC_BLOCK_2_A1,2026-04-08,11.77,11.260154381394386,11.790924447116058,24,24,100.0,0.020924447116058786
Chronos2-ZS,GJBC_BLOCK_2_A1,2026-04-09,11.7,11.432021111249924,11.970892461590884,24,24,100.0,0.27089246159088454
Chronos2-ZS,GJBC_BLOCK_2_A1,2026-04-10,10.07,11.374247431755066,11.910395503300387,24,24,100.0,1.8403955033003871
Chronos2-ZS,GJBC_BLOCK_2_A1,2026-04-11,6.6,7.279111295938492,7.622226874116045,24,24,100.0,1.0222268741160452
Chronos2-ZS,GJBC_BLOCK_2_A1,2026-04-12,4.05,2.802104040980339,2.934186861127777,24,24,100.0,-1.1158131388722228
Chronos2-ZS,GJBC_BLOCK_2_A1,2026-04-13,12.27,11.290816813707352,11.823032214960199,24,24,100.0,-0.44696778503980106
Chronos2-ZS,GJBC_BLOCK_2_A1,2026-04-14,4.42,11.58515977859497,12.131249628592167,24,24,100.0,7.711249628592167
Chronos2-ZS,GJBC_BLOCK_2_A1,2026-04-15,11.33,10.017939552664757,10.490155319399667,24,24,100.0,-0.8398446806003328
Chronos2-ZS,GJBC_BLOCK_2_A1,2026-04-16,13.11,11.199007660150528,11.726895451957121,24,24,100.0,-1.383104548042878
Chronos2-ZS,GJBC_BLOCK_2_A1,2026-04-17,11.83,11.716184541583061,12.268450507795615,23,24,95.83333333333333,0.4384505077956149
Chronos2-ZS,GJBC_BLOCK_2_A1,2026-04-18,9.0,7.45005165040493,7.801224846631181,24,24,100.0,-1.1987751533688193
Chronos2-ZS,GJBC_BLOCK_2_A1,2026-04-19,5.51,3.613714188337326,3.7840538881563996,24,24,100.0,-1.7259461118436001
Chronos2-ZS,GJBC_BLOCK_2_A1,2026-04-20,11.42,11.480426400899887,12.021579432104055,24,24,100.0,0.6015794321040548
Chronos2-ZS,GJBC_BLOCK_2_A1,2026-04-21,10.31,11.501614958047867,12.043766754587665,24,24,100.0,1.7337667545876645
Chronos2-ZS,GJBC_BLOCK_2_A1,2026-04-22,11.44,11.31852938234806,11.852051071363983,24,24,100.0,0.4120510713639831
Chronos2-ZS,GJBC_LAW_BLOCK_3_A4_BOYS,2026-03-09,33.6,24.670082449913025,28.276338033776995,24,24,100.0,-5.323661966223007
Chronos2-ZS,GJBC_LAW_BLOCK_3_A4_BOYS,2026-03-10,33.63,30.043631553649902,34.43538882766273,24,24,100.0,0.8053888276627248
Chronos2-ZS,GJBC_LAW_BLOCK_3_A4_BOYS,2026-03-11,32.6,29.755939543247223,34.10564219822689,24,24,100.0,1.5056421982268873
Chronos2-ZS,GJBC_LAW_BLOCK_3_A4_BOYS,2026-03-12,32.36,27.60433930158615,31.63952252188267,24,24,100.0,-0.7204774781173278
Chronos2-ZS,GJBC_LAW_BLOCK_3_A4_BOYS,2026-03-13,30.94,29.199545800685883,33.46791520333401,24,24,100.0,2.5279152033340075
Chronos2-ZS,GJBC_LAW_BLOCK_3_A4_BOYS,2026-03-14,22.31,24.924404740333557,28.56783698065144,24,24,100.0,6.25783698065144
Chronos2-ZS,GJBC_LAW_BLOCK_3_A4_BOYS,2026-03-15,27.04,19.661342442035675,22.535423876980484,24,24,100.0,-4.504576123019515
Chronos2-ZS,GJBC_LAW_BLOCK_3_A4_BOYS,2026-03-16,23.05,20.43428325653076,23.42135264495844,15,24,62.5,0.37135264495843856
Chronos2-ZS,GJBC_LAW_BLOCK_3_A4_BOYS,2026-03-17,33.01,29.173721373081207,33.43831577876941,24,24,100.0,0.4283157787694094
Chronos2-ZS,GJBC_LAW_BLOCK_3_A4_BOYS,2026-03-18,30.13,29.348052144050598,33.638130101223645,24,24,100.0,3.508130101223646
Chronos2-ZS,GJBC_LAW_BLOCK_3_A4_BOYS,2026-03-19,7.86,26.234720826148987,30.069694165313717,24,24,100.0,22.209694165313717
Chronos2-ZS,GJBC_LAW_BLOCK_3_A4_BOYS,2026-03-20,34.68,19.142096638679504,21.940275081343973,24,24,100.0,-12.739724918656027
Chronos2-ZS,GJBC_LAW_BLOCK_3_A4_BOYS,2026-03-21,17.42,23.940681099891663,27.440313299065576,24,24,100.0,10.020313299065574
Chronos2-ZS,GJBC_LAW_BLOCK_3_A4_BOYS,2026-03-22,16.9,19.54285091161728,22.399611336627103,24,24,100.0,5.499611336627105
Chronos2-ZS,GJBC_LAW_BLOCK_3_A4_BOYS,2026-03-23,27.02,26.18587350845337,30.013706380513693,24,24,100.0,2.993706380513693
Chronos2-ZS,GJBC_LAW_BLOCK_3_A4_BOYS,2026-03-24,29.12,27.43000102043152,31.439699591409514,24,24,100.0,2.3196995914095133
Chronos2-ZS,GJBC_LAW_BLOCK_3_A4_BOYS,2026-03-25,13.19,15.196104288101196,17.417460299099748,13,24,54.166666666666664,4.227460299099748
Chronos2-ZS,GJBC_LAW_BLOCK_3_A4_BOYS,2026-03-26,34.69,23.351605474948883,26.76512700683658,24,24,100.0,-7.924872993163419
Chronos2-ZS,GJBC_LAW_BLOCK_3_A4_BOYS,2026-03-27,29.12,27.88018000125885,31.95568542418567,24,24,100.0,2.8356854241856695
Chronos2-ZS,GJBC_LAW_BLOCK_3_A4_BOYS,2026-03-28,28.25,22.145681858062744,25.38292230998492,24,24,100.0,-2.86707769001508
Chronos2-ZS,GJBC_LAW_BLOCK_3_A4_BOYS,2026-03-29,11.03,18.235658943653107,20.901334951202074,24,24,100.0,9.871334951202074
Chronos2-ZS,GJBC_LAW_BLOCK_3_A4_BOYS,2026-03-30,37.95,24.54643726348877,28.13461847954851,24,24,100.0,-9.815381520451492
Chronos2-ZS,GJBC_LAW_BLOCK_3_A4_BOYS,2026-03-31,34.72,29.677108466625214,34.01528764936569,24,24,100.0,-0.7047123506343098
Chronos2-ZS,GJBC_LAW_BLOCK_3_A4_BOYS,2026-04-01,32.82,29.90772980451584,34.279621054867555,24,24,100.0,1.4596210548675543
Chronos2-ZS,GJBC_LAW_BLOCK_3_A4_BOYS,2026-04-02,25.56,28.235962450504303,32.36347590570411,24,24,100.0,6.803475905704108
Chronos2-ZS,GJBC_LAW_BLOCK_3_A4_BOYS,2026-04-03,38.97,29.69866168498993,34.03999150227878,24,24,100.0,-4.930008497721218
Chronos2-ZS,GJBC_LAW_BLOCK_3_A4_BOYS,2026-04-04,23.27,23.13024652004242,26.51140995305507,24,24,100.0,3.241409953055072
Chronos2-ZS,GJBC_LAW_BLOCK_3_A4_BOYS,2026-04-05,9.09,16.01106083393097,18.351546628949173,24,24,100.0,9.261546628949173
Chronos2-ZS,GJBC_LAW_BLOCK_3_A4_BOYS,2026-04-06,30.77,28.61401718854904,32.79679442378882,24,24,100.0,2.026794423788818
Chronos2-ZS,GJBC_LAW_BLOCK_3_A4_BOYS,2026-04-07,37.1,29.016960322856903,33.25863950668269,24,24,100.0,-3.8413604933173104
Chronos2-ZS,GJBC_LAW_BLOCK_3_A4_BOYS,2026-04-08,33.65,29.69195419549942,34.03230351661531,24,24,100.0,0.38230351661530904
Chronos2-ZS,GJBC_LAW_BLOCK_3_A4_BOYS,2026-04-09,25.78,28.53887939453125,32.710673039027625,24,24,100.0,6.930673039027624
Chronos2-ZS,GJBC_LAW_BLOCK_3_A4_BOYS,2026-04-10,34.8,27.79439800977707,31.857363880539676,24,24,100.0,-2.942636119460321
Chronos2-ZS,GJBC_LAW_BLOCK_3_A4_BOYS,2026-04-11,39.64,24.353909373283386,27.913946995558536,24,24,100.0,-11.726053004441464
Chronos2-ZS,GJBC_LAW_BLOCK_3_A4_BOYS,2026-04-12,26.74,19.81018739938736,22.706026887215426,24,24,100.0,-4.033973112784572
Chronos2-ZS,GJBC_LAW_BLOCK_3_A4_BOYS,2026-04-13,37.57,31.93674075603485,36.60523142345347,24,24,100.0,-0.9647685765465326
Chronos2-ZS,GJBC_LAW_BLOCK_3_A4_BOYS,2026-04-14,19.95,32.15646821260452,36.857078487600106,24,24,100.0,16.907078487600106
Chronos2-ZS,GJBC_LAW_BLOCK_3_A4_BOYS,2026-04-15,39.96,27.24681305885315,31.229733340351167,24,24,100.0,-8.730266659648834
Chronos2-ZS,GJBC_LAW_BLOCK_3_A4_BOYS,2026-04-16,41.94,29.436717808246613,33.73975685086609,24,24,100.0,-8.200243149133911
Chronos2-ZS,GJBC_LAW_BLOCK_3_A4_BOYS,2026-04-17,35.74,34.0247368812561,38.998449377622926,24,24,100.0,3.2584493776229237
Chronos2-ZS,GJBC_LAW_BLOCK_3_A4_BOYS,2026-04-18,39.37,26.614436268806458,30.504916148662453,24,24,100.0,-8.865083851337545
Chronos2-ZS,GJBC_LAW_BLOCK_3_A4_BOYS,2026-04-19,14.27,20.69290781021118,23.717782756959465,24,24,100.0,9.447782756959466
Chronos2-ZS,GJBC_LAW_BLOCK_3_A4_BOYS,2026-04-20,38.21,31.289343059062958,35.86319757905784,24,24,100.0,-2.3468024209421614
Chronos2-ZS,GJBC_LAW_BLOCK_3_A4_BOYS,2026-04-21,31.84,33.3505836725235,38.22574891926893,24,24,100.0,6.385748919268931
Chronos2-ZS,GJBC_LAW_BLOCK_3_A4_BOYS,2026-04-22,24.56,33.164893448352814,38.01291462660379,24,24,100.0,13.45291462660379
Chronos2-ZS,GJBC_LAW_BLOCK_3__A1,2026-03-09,11.96,11.181458950042725,11.776056554329363,24,24,100.0,-0.18394344567063747
Chronos2-ZS,GJBC_LAW_BLOCK_3__A1,2026-03-10,13.31,11.37577697634697,11.980707850507105,24,24,100.0,-1.329292149492895
Chronos2-ZS,GJBC_LAW_BLOCK_3__A1,2026-03-11,11.79,13.104423880577087,13.801279190761631,24,24,100.0,2.0112791907616323
Chronos2-ZS,GJBC_LAW_BLOCK_3__A1,2026-03-12,10.79,11.820436000823975,12.449012554126673,24,24,100.0,1.659012554126674
Chronos2-ZS,GJBC_LAW_BLOCK_3__A1,2026-03-13,10.69,10.721288561820984,11.291415637563649,24,24,100.0,0.6014156375636492
Chronos2-ZS,GJBC_LAW_BLOCK_3__A1,2026-03-14,14.18,10.816186875104904,11.391360368312549,24,24,100.0,-2.7886396316874507
Chronos2-ZS,GJBC_LAW_BLOCK_3__A1,2026-03-15,14.09,8.627900928258896,9.086707712318645,24,24,100.0,-5.003292287681354
Chronos2-ZS,GJBC_LAW_BLOCK_3__A1,2026-03-16,14.719999999999999,5.720448672771454,6.024645566170736,16,24,66.66666666666667,-8.695354433829262
Chronos2-ZS,GJBC_LAW_BLOCK_3__A1,2026-03-17,17.04,10.564959853887558,11.12677382168664,24,24,100.0,-5.913226178313359
Chronos2-ZS,GJBC_LAW_BLOCK_3__A1,2026-03-18,8.79,10.668019741773605,11.235314135938234,24,24,100.0,2.4453141359382347
Chronos2-ZS,GJBC_LAW_BLOCK_3__A1,2026-03-19,6.2700000000000005,10.193887501955032,10.735968916742753,24,24,100.0,4.465968916742752
Chronos2-ZS,GJBC_LAW_BLOCK_3__A1,2026-03-20,7.76,7.288432776927948,7.676010523940024,24,24,100.0,-0.0839894760599762
Chronos2-ZS,GJBC_LAW_BLOCK_3__A1,2026-03-21,15.79,8.136673986911774,8.569358744875373,24,24,100.0,-7.220641255124626
Chronos2-ZS,GJBC_LAW_BLOCK_3__A1,2026-03-22,35.14,6.089670121669769,6.413501142417463,24,24,100.0,-28.726498857582538
Chronos2-ZS,GJBC_LAW_BLOCK_3__A1,2026-03-23,13.879999999999999,8.50165405869484,8.953747399855335,24,24,100.0,-4.9262526001446645
Chronos2-ZS,GJBC_LAW_BLOCK_3__A1,2026-03-24,19.71,9.261788249015808,9.754303324989316,24,24,100.0,-9.955696675010685
Chronos2-ZS,GJBC_LAW_BLOCK_3__A1,2026-03-25,5.6899999999999995,4.9627063274383545,5.226608677414045,13,24,54.166666666666664,-0.46339132258595495
Chronos2-ZS,GJBC_LAW_BLOCK_3__A1,2026-03-26,21.08,9.079165518283844,9.561969246331588,24,24,100.0,-11.51803075366841
Chronos2-ZS,GJBC_LAW_BLOCK_3__A1,2026-03-27,14.61,10.046732515096664,10.580988653859515,24,24,100.0,-4.029011346140484
Chronos2-ZS,GJBC_LAW_BLOCK_3__A1,2026-03-28,9.65,11.0508414208889,11.63849316325719,24,24,100.0,1.9884931632571892
Chronos2-ZS,GJBC_LAW_BLOCK_3__A1,2026-03-29,8.15,9.000675529241562,9.479305386987269,24,24,100.0,1.3293053869872686
Chronos2-ZS,GJBC_LAW_BLOCK_3__A1,2026-03-30,10.5,9.889268696308136,10.41515136521953,24,24,100.0,-0.08484863478046911
Chronos2-ZS,GJBC_LAW_BLOCK_3__A1,2026-03-31,9.99,10.736812680959702,11.307765284398688,24,24,100.0,1.3177652843986873
Chronos2-ZS,GJBC_LAW_BLOCK_3__A1,2026-04-01,16.46,11.346564173698425,11.949941595617048,24,24,100.0,-4.510058404382953
Chronos2-ZS,GJBC_LAW_BLOCK_3__A1,2026-04-02,12.09,9.625700324773788,10.137567191008605,24,24,100.0,-1.9524328089913947
Chronos2-ZS,GJBC_LAW_BLOCK_3__A1,2026-04-03,22.259999999999998,9.971481055021286,10.501735539073442,24,24,100.0,-11.758264460926556
Chronos2-ZS,GJBC_LAW_BLOCK_3__A1,2026-04-04,6.55,8.57063715159893,9.026398813857801,24,24,100.0,2.4763988138578013
Chronos2-ZS,GJBC_LAW_BLOCK_3__A1,2026-04-05,5.75,6.526723071932793,6.873795302824338,24,24,100.0,1.1237953028243384
Chronos2-ZS,GJBC_LAW_BLOCK_3__A1,2026-04-06,6.95,6.42052686214447,6.761951886154823,21,24,87.5,-0.18804811384517706
Chronos2-ZS,GJBC_LAW_BLOCK_3__A1,2026-04-07,15.29,9.50677940249443,10.012322398489882,24,24,100.0,-5.277677601510117
Chronos2-ZS,GJBC_LAW_BLOCK_3__A1,2026-04-08,17.07,11.053449362516403,11.641239787667569,24,24,100.0,-5.428760212332431
Chronos2-ZS,GJBC_LAW_BLOCK_3__A1,2026-04-09,17.1,8.516676247119904,8.969568424755012,24,24,100.0,-8.13043157524499
Chronos2-ZS,GJBC_LAW_BLOCK_3__A1,2026-04-10,17.68,9.633618235588074,10.145906153388895,24,24,100.0,-7.534093846611105
Chronos2-ZS,GJBC_LAW_BLOCK_3__A1,2026-04-11,15.08,8.365219444036484,8.810057587518386,24,24,100.0,-6.269942412481614
Chronos2-ZS,GJBC_LAW_BLOCK_3__A1,2026-04-12,36.5,6.890467703342438,7.2568828202897855,24,24,100.0,-29.243117179710215
Chronos2-ZS,GJBC_LAW_BLOCK_3__A1,2026-04-13,17.27,10.64037510752678,11.20619944010392,24,24,100.0,-6.06380055989608
Chronos2-ZS,GJBC_LAW_BLOCK_3__A1,2026-04-14,9.14,9.450948342680931,9.9535224046081,24,24,100.0,0.8135224046080989
Chronos2-ZS,GJBC_LAW_BLOCK_3__A1,2026-04-15,28.3,10.309330105781555,10.857550423906893,24,24,100.0,-17.442449576093107
Chronos2-ZS,GJBC_LAW_BLOCK_3__A1,2026-04-16,15.799999999999999,10.92299571633339,11.50384899438797,24,24,100.0,-4.296151005612028
Chronos2-ZS,GJBC_LAW_BLOCK_3__A1,2026-04-17,14.56,10.593708395957947,11.157051127965541,24,24,100.0,-3.402948872034459
Chronos2-ZS,GJBC_LAW_BLOCK_3__A1,2026-04-18,18.82,9.824969202280045,10.347432610317098,24,24,100.0,-8.472567389682903
Chronos2-ZS,GJBC_LAW_BLOCK_3__A1,2026-04-19,29.32,9.278801888227463,9.772221700260964,24,24,100.0,-19.547778299739036
Chronos2-ZS,GJBC_LAW_BLOCK_3__A1,2026-04-20,19.5,11.283220559358597,11.883229551316372,24,24,100.0,-7.616770448683628
Chronos2-ZS,GJBC_LAW_BLOCK_3__A1,2026-04-21,15.719999999999999,11.304044485092163,11.905160833112179,24,24,100.0,-3.81483916688782
Chronos2-ZS,GJBC_LAW_BLOCK_3__A1,2026-04-22,14.469999999999999,10.298988610506058,10.846658997862699,24,24,100.0,-3.6233410021373
Chronos2-ZS,GJBC_LAW_BLOCK_3__A2,2026-03-09,17.18,15.40968769788742,16.192684658842687,24,24,100.0,-0.9873153411573128
Chronos2-ZS,GJBC_LAW_BLOCK_3__A2,2026-03-10,17.27,15.65486067533493,16.450315364182764,24,24,100.0,-0.8196846358172358
Chronos2-ZS,GJBC_LAW_BLOCK_3__A2,2026-03-11,15.62,17.257134467363358,18.134003882737318,24,24,100.0,2.5140038827373186
Chronos2-ZS,GJBC_LAW_BLOCK_3__A2,2026-03-12,15.22,15.592134833335876,16.384402297067826,24,24,100.0,1.1644022970678254
Chronos2-ZS,GJBC_LAW_BLOCK_3__A2,2026-03-13,15.28,15.204243302345276,15.97680122387881,24,24,100.0,0.6968012238788113
Chronos2-ZS,GJBC_LAW_BLOCK_3__A2,2026-03-14,13.1,14.66311764717102,15.408179895086558,24,24,100.0,2.3081798950865586
Chronos2-ZS,GJBC_LAW_BLOCK_3__A2,2026-03-15,12.15,8.944983720779419,9.399496181153603,24,24,100.0,-2.750503818846397
Chronos2-ZS,GJBC_LAW_BLOCK_3__A2,2026-03-16,9.43,11.442680984735489,12.024106423841356,16,24,66.66666666666667,2.5941064238413567
Chronos2-ZS,GJBC_LAW_BLOCK_3__A2,2026-03-17,15.16,14.219805210828781,14.942341869828118,24,24,100.0,-0.2176581301718823
Chronos2-ZS,GJBC_LAW_BLOCK_3__A2,2026-03-18,14.07,14.741594135761261,15.490643930554924,24,24,100.0,1.4206439305549239
Chronos2-ZS,GJBC_LAW_BLOCK_3__A2,2026-03-19,5.97,14.832129746675491,15.585779836400102,24,24,100.0,9.615779836400101
Chronos2-ZS,GJBC_LAW_BLOCK_3__A2,2026-03-20,13.36,7.451415002346039,7.830036257756249,24,24,100.0,-5.52996374224375
Chronos2-ZS,GJBC_LAW_BLOCK_3__A2,2026-03-21,5.18,13.035835295915604,13.698212082540202,24,24,100.0,8.518212082540202
Chronos2-ZS,GJBC_LAW_BLOCK_3__A2,2026-03-22,7.78,5.448321640491486,5.725161727743642,24,24,100.0,-2.054838272256358
Chronos2-ZS,GJBC_LAW_BLOCK_3__A2,2026-03-23,14.14,12.709646850824356,13.355449352089481,24,24,100.0,-0.7845506479105193
Chronos2-ZS,GJBC_LAW_BLOCK_3__A2,2026-03-24,15.22,13.890153646469116,14.595940052113017,24,24,100.0,-0.6240599478869839
Chronos2-ZS,GJBC_LAW_BLOCK_3__A2,2026-03-25,10.7,10.310078501701355,10.833954150079945,13,24,54.166666666666664,0.13395415007994593
Chronos2-ZS,GJBC_LAW_BLOCK_3__A2,2026-03-26,14.45,14.304100543260574,15.030920416197198,24,24,100.0,0.5809204161971984
Chronos2-ZS,GJBC_LAW_BLOCK_3__A2,2026-03-27,15.43,14.977683782577515,15.738729763120968,24,24,100.0,0.30872976312096867
Chronos2-ZS,GJBC_LAW_BLOCK_3__A2,2026-03-28,13.799999999999999,14.198082089424133,14.919514953306024,24,24,100.0,1.119514953306025
Chronos2-ZS,GJBC_LAW_BLOCK_3__A2,2026-03-29,8.01,8.191103488206863,8.607309790623706,24,24,100.0,0.5973097906237061
Chronos2-ZS,GJBC_LAW_BLOCK_3__A2,2026-03-30,15.6,14.611948102712631,15.354410324035166,24,24,100.0,-0.24558967596483328
Chronos2-ZS,GJBC_LAW_BLOCK_3__A2,2026-03-31,13.44,15.680171608924866,16.47691239678187,24,24,100.0,3.0369123967818705
Chronos2-ZS,GJBC_LAW_BLOCK_3__A2,2026-04-01,13.0,15.35301786661148,16.133135320432217,24,24,100.0,3.133135320432217
Chronos2-ZS,GJBC_LAW_BLOCK_3__A2,2026-04-02,11.46,13.621051520109177,14.313164310086272,24,24,100.0,2.853164310086271
Chronos2-ZS,GJBC_LAW_BLOCK_3__A2,2026-04-03,10.97,13.620619684457779,14.312710532004287,24,24,100.0,3.3427105320042863
Chronos2-ZS,GJBC_LAW_BLOCK_3__A2,2026-04-04,6.17,11.405836343765259,11.985389633190174,24,24,100.0,5.815389633190174
Chronos2-ZS,GJBC_LAW_BLOCK_3__A2,2026-04-05,5.65,4.739980638027191,4.980828506415263,24,24,100.0,-0.669171493584737
Chronos2-ZS,GJBC_LAW_BLOCK_3__A2,2026-04-06,11.18,12.453092873096466,13.085859355149504,24,24,100.0,1.905859355149504
Chronos2-ZS,GJBC_LAW_BLOCK_3__A2,2026-04-07,6.33,13.012920677661896,13.67413312683814,24,24,100.0,7.344133126838139
Chronos2-ZS,GJBC_LAW_BLOCK_3__A2,2026-04-08,6.890000000000001,12.467424392700195,13.100919087843309,24,24,100.0,6.210919087843308
Chronos2-ZS,GJBC_LAW_BLOCK_3__A2,2026-04-09,7.1000000000000005,7.106452196836472,7.4675452041957096,24,24,100.0,0.367545204195709
Chronos2-ZS,GJBC_LAW_BLOCK_3__A2,2026-04-10,11.72,8.000901281833649,8.407443030855447,24,24,100.0,-3.3125569691445538
Chronos2-ZS,GJBC_LAW_BLOCK_3__A2,2026-04-11,5.97,11.32287335395813,11.898211128431392,24,24,100.0,5.928211128431392
Chronos2-ZS,GJBC_LAW_BLOCK_3__A2,2026-04-12,8.0,5.883206069469452,6.1821435017770305,24,24,100.0,-1.8178564982229695
Chronos2-ZS,GJBC_LAW_BLOCK_3__A2,2026-04-13,8.89,13.679850995540619,14.374951504118584,24,24,100.0,5.484951504118584
Chronos2-ZS,GJBC_LAW_BLOCK_3__A2,2026-04-14,6.79,8.716191619634628,9.159078697106892,24,24,100.0,2.3690786971068922
Chronos2-ZS,GJBC_LAW_BLOCK_3__A2,2026-04-15,12.5,11.319413810968399,11.894575799163551,24,24,100.0,-0.605424200836449
Chronos2-ZS,GJBC_LAW_BLOCK_3__A2,2026-04-16,12.32,12.89801898598671,13.553393051079244,24,24,100.0,1.2333930510792435
Chronos2-ZS,GJBC_LAW_BLOCK_3__A2,2026-04-17,11.82,12.754173278808594,13.402238256671387,24,24,100.0,1.5822382566713866
Chronos2-ZS,GJBC_LAW_BLOCK_3__A2,2026-04-18,7.83,11.502308070659637,12.086763280905878,24,24,100.0,4.2567632809058775
Chronos2-ZS,GJBC_LAW_BLOCK_3__A2,2026-04-19,9.35,7.354149013757706,7.727827990326054,24,24,100.0,-1.622172009673946
Chronos2-ZS,GJBC_LAW_BLOCK_3__A2,2026-04-20,11.61,13.620345622301102,14.31242254420291,24,24,100.0,2.7024225442029106
Chronos2-ZS,GJBC_LAW_BLOCK_3__A2,2026-04-21,9.39,11.897002518177032,12.501512940376363,24,24,100.0,3.111512940376363
Chronos2-ZS,GJBC_LAW_BLOCK_3__A2,2026-04-22,5.91,10.158024847507477,10.674174346500687,24,24,100.0,4.7641743465006865
Chronos2-ZS,GJBC_LAW_BLOCK_3__A3_GIRLS,2026-03-09,15.33,12.175431817770004,12.912748694529318,24,24,100.0,-2.417251305470682
Chronos2-ZS,GJBC_LAW_BLOCK_3__A3_GIRLS,2026-03-10,12.75,12.982301980257034,13.768481106590686,24,24,100.0,1.018481106590686
Chronos2-ZS,GJBC_LAW_BLOCK_3__A3_GIRLS,2026-03-11,10.780000000000001,12.831199139356613,13.608227816130064,24,24,100.0,2.828227816130063
Chronos2-ZS,GJBC_LAW_BLOCK_3__A3_GIRLS,2026-03-12,12.16,11.655026465654373,12.36082876004703,24,24,100.0,0.20082876004702932
Chronos2-ZS,GJBC_LAW_BLOCK_3__A3_GIRLS,2026-03-13,11.64,12.061502248048782,12.791919805278846,24,24,100.0,1.1519198052788457
Chronos2-ZS,GJBC_LAW_BLOCK_3__A3_GIRLS,2026-03-14,9.4,11.205123901367188,11.88368110429113,24,24,100.0,2.4836811042911293
Chronos2-ZS,GJBC_LAW_BLOCK_3__A3_GIRLS,2026-03-15,10.1,9.704909563064575,10.29261714628366,24,24,100.0,0.192617146283661
Chronos2-ZS,GJBC_LAW_BLOCK_3__A3_GIRLS,2026-03-16,5.92,6.571282505989075,6.969224654254202,14,24,58.333333333333336,1.0492246542542016
Chronos2-ZS,GJBC_LAW_BLOCK_3__A3_GIRLS,2026-03-17,11.75,10.910295605659485,11.570998667438781,24,24,100.0,-0.17900133256121897
Chronos2-ZS,GJBC_LAW_BLOCK_3__A3_GIRLS,2026-03-18,9.7,10.337580099701881,10.96360079337757,24,24,100.0,1.2636007933775701
Chronos2-ZS,GJBC_LAW_BLOCK_3__A3_GIRLS,2026-03-19,6.0200000000000005,11.142914086580276,11.817704002476624,24,24,100.0,5.797704002476624
Chronos2-ZS,GJBC_LAW_BLOCK_3__A3_GIRLS,2026-03-20,11.540000000000001,6.6255470514297485,7.026775339009022,24,24,100.0,-4.5132246609909785
Chronos2-ZS,GJBC_LAW_BLOCK_3__A3_GIRLS,2026-03-21,5.41,9.566424578428268,10.14574582119731,24,24,100.0,4.735745821197311
Chronos2-ZS,GJBC_LAW_BLOCK_3__A3_GIRLS,2026-03-22,7.56,5.4782042652368546,5.80995204384121,24,24,100.0,-1.7500479561587898
Chronos2-ZS,GJBC_LAW_BLOCK_3__A3_GIRLS,2026-03-23,10.55,7.231609523296356,7.669539596534314,24,24,100.0,-2.880460403465687
Chronos2-ZS,GJBC_LAW_BLOCK_3__A3_GIRLS,2026-03-24,11.24,10.853436022996902,11.510695795821025,24,24,100.0,0.270695795821025
Chronos2-ZS,GJBC_LAW_BLOCK_3__A3_GIRLS,2026-03-25,6.0600000000000005,5.800723016262054,6.1520018079558305,13,24,54.166666666666664,0.09200180795583002
Chronos2-ZS,GJBC_LAW_BLOCK_3__A3_GIRLS,2026-03-26,11.33,10.65547502040863,11.300746718367474,24,24,100.0,-0.02925328163252594
Chronos2-ZS,GJBC_LAW_BLOCK_3__A3_GIRLS,2026-03-27,12.07,11.191350042819977,11.869073131725052,24,24,100.0,-0.20092686827494788
Chronos2-ZS,GJBC_LAW_BLOCK_3__A3_GIRLS,2026-03-28,10.14,11.429561197757721,12.121709820590192,24,24,100.0,1.9817098205901917
Chronos2-ZS,GJBC_LAW_BLOCK_3__A3_GIRLS,2026-03-29,8.21,8.898878410458565,9.437774552662244,24,24,100.0,1.2277745526622432
Chronos2-ZS,GJBC_LAW_BLOCK_3__A3_GIRLS,2026-03-30,12.46,10.550333023071289,11.189237557199453,24,24,100.0,-1.2707624428005477
Chronos2-ZS,GJBC_LAW_BLOCK_3__A3_GIRLS,2026-03-31,15.08,12.550431311130524,13.310457317173233,24,24,100.0,-1.769542682826767
Chronos2-ZS,GJBC_LAW_BLOCK_3__A3_GIRLS,2026-04-01,10.74,13.156632244586945,13.95336842121205,24,24,100.0,3.2133684212120492
Chronos2-ZS,GJBC_LAW_BLOCK_3__A3_GIRLS,2026-04-02,7.93,10.102218970656395,10.713986721588395,24,24,100.0,2.783986721588395
Chronos2-ZS,GJBC_LAW_BLOCK_3__A3_GIRLS,2026-04-03,6.43,11.433402508497238,12.125783752503192,24,24,100.0,5.695783752503193
Chronos2-ZS,GJBC_LAW_BLOCK_3__A3_GIRLS,2026-04-04,3.72,7.621317028999329,8.082846915800793,24,24,100.0,4.362846915800793
Chronos2-ZS,GJBC_LAW_BLOCK_3__A3_GIRLS,2026-04-05,5.84,4.46951898932457,4.740183047170595,24,24,100.0,-1.0998169528294053
Chronos2-ZS,GJBC_LAW_BLOCK_3__A3_GIRLS,2026-04-06,6.14,8.225462660193443,8.723578253076372,24,24,100.0,2.5835782530763725
Chronos2-ZS,GJBC_LAW_BLOCK_3__A3_GIRLS,2026-04-07,7.3,8.612336486577988,9.133880291752613,24,24,100.0,1.833880291752613
Chronos2-ZS,GJBC_LAW_BLOCK_3__A3_GIRLS,2026-04-08,6.19,8.438743531703949,8.949774936396125,24,24,100.0,2.7597749363961244
Chronos2-ZS,GJBC_LAW_BLOCK_3__A3_GIRLS,2026-04-09,4.74,5.894133001565933,6.251068492722464,24,24,100.0,1.5110684927224636
Chronos2-ZS,GJBC_LAW_BLOCK_3__A3_GIRLS,2026-04-10,5.62,6.129761248826981,6.500965858807965,24,24,100.0,0.880965858807965
Chronos2-ZS,GJBC_LAW_BLOCK_3__A3_GIRLS,2026-04-11,6.5,5.231385692954063,5.5481866917180405,24,24,100.0,-0.9518133082819595
Chronos2-ZS,GJBC_LAW_BLOCK_3__A3_GIRLS,2026-04-12,8.32,5.756139621138573,6.104718542294714,24,24,100.0,-2.215281457705286
Chronos2-ZS,GJBC_LAW_BLOCK_3__A3_GIRLS,2026-04-13,6.3500000000000005,9.099820613861084,9.650885365773181,24,24,100.0,3.3008853657731807
Chronos2-ZS,GJBC_LAW_BLOCK_3__A3_GIRLS,2026-04-14,7.15,5.176567032933235,5.490048336445361,24,24,100.0,-1.6599516635546392
Chronos2-ZS,GJBC_LAW_BLOCK_3__A3_GIRLS,2026-04-15,8.44,7.898687094449997,8.377013891079837,24,24,100.0,-0.06298610892016221
Chronos2-ZS,GJBC_LAW_BLOCK_3__A3_GIRLS,2026-04-16,7.67,8.124549806118011,8.61655434261252,24,24,100.0,0.9465543426125205
Chronos2-ZS,GJBC_LAW_BLOCK_3__A3_GIRLS,2026-04-17,6.26,7.975452125072479,8.45842763999585,24,24,100.0,2.1984276399958507
Chronos2-ZS,GJBC_LAW_BLOCK_3__A3_GIRLS,2026-04-18,8.74,7.379938796162605,7.82685135789367,24,24,100.0,-0.9131486421063304
Chronos2-ZS,GJBC_LAW_BLOCK_3__A3_GIRLS,2026-04-19,9.08,8.105386286973953,8.596230323677203,24,24,100.0,-0.48376967632279744
Chronos2-ZS,GJBC_LAW_BLOCK_3__A3_GIRLS,2026-04-20,8.03,8.111605942249298,8.602826627343402,24,24,100.0,0.5728266273434031
Chronos2-ZS,GJBC_LAW_BLOCK_3__A3_GIRLS,2026-04-21,5.33,7.5239966213703156,7.979633002292734,24,24,100.0,2.6496330022927337
Chronos2-ZS,GJBC_LAW_BLOCK_3__A3_GIRLS,2026-04-22,3.98,5.370242655277252,5.695452520626724,24,24,100.0,1.7154525206267244
Chronos2-ZS,G_BLOCK,2026-03-09,9.08,24.996814846992493,22.489653553558707,24,24,100.0,13.409653553558707
Chronos2-ZS,G_BLOCK,2026-03-10,12.18,24.18251472711563,21.757027109079708,24,24,100.0,9.577027109079708
Chronos2-ZS,G_BLOCK,2026-03-11,14.71,23.51328420639038,21.154919894592364,24,24,100.0,6.444919894592363
Chronos2-ZS,G_BLOCK,2026-03-12,21.11,20.782088816165924,18.697661300279304,24,24,100.0,-2.4123386997206957
Chronos2-ZS,G_BLOCK,2026-03-13,17.42,23.145580112934113,20.824096238751594,24,24,100.0,3.404096238751592
Chronos2-ZS,G_BLOCK,2026-03-14,7.95,23.2352694272995,20.904789783904466,24,24,100.0,12.954789783904467
Chronos2-ZS,G_BLOCK,2026-03-15,13.84,14.214284121990204,12.788602362827515,24,24,100.0,-1.0513976371724851
Chronos2-ZS,G_BLOCK,2026-03-16,21.04,7.451980769634247,6.704552832939033,15,24,62.5,-14.335447167060966
Chronos2-ZS,G_BLOCK,2026-03-17,23.07,24.1837238073349,21.758114919483404,24,24,100.0,-1.3118850805165962
Chronos2-ZS,G_BLOCK,2026-03-18,19.02,24.86126011610031,22.36769485786201,24,24,100.0,3.3476948578620096
Chronos2-ZS,G_BLOCK,2026-03-19,27.169999999999998,24.630700886249542,22.16026054134376,24,24,100.0,-5.009739458656238
Chronos2-ZS,G_BLOCK,2026-03-20,22.45,26.105476021766663,23.48711686564754,24,24,100.0,1.0371168656475405
Chronos2-ZS,G_BLOCK,2026-03-21,17.59,25.380507946014404,22.834862530010852,24,24,100.0,5.2448625300108525
Chronos2-ZS,G_BLOCK,2026-03-22,22.7,20.086804449558258,18.072113420602413,24,24,100.0,-4.627886579397586
Chronos2-ZS,G_BLOCK,2026-03-23,22.38,25.924393475055695,23.324196759023806,24,24,100.0,0.9441967590238072
Chronos2-ZS,G_BLOCK,2026-03-24,21.330000000000002,26.303526639938354,23.665303159221875,24,24,100.0,2.3353031592218727
Chronos2-ZS,G_BLOCK,2026-03-25,14.47,14.255917966365814,12.826060364650612,13,24,54.166666666666664,-1.6439396353493887
Chronos2-ZS,G_BLOCK,2026-03-26,25.83,26.88428032398224,24.187807695661697,24,24,100.0,-1.6421923043383018
Chronos2-ZS,G_BLOCK,2026-03-27,20.02,27.0355087518692,24.32386802860593,24,24,100.0,4.30386802860593
Chronos2-ZS,G_BLOCK,2026-03-28,20.94,21.196491479873657,19.070499695711117,24,24,100.0,-1.8695003042888843
Chronos2-ZS,G_BLOCK,2026-03-29,26.05,26.917966604232788,24.21811526792561,24,24,100.0,-1.8318847320743892
Chronos2-ZS,G_BLOCK,2026-03-30,23.65,26.729921102523804,24.04893058533198,24,24,100.0,0.398930585331982
Chronos2-ZS,G_BLOCK,2026-03-31,25.28,26.691668391227722,24.014514591542408,24,24,100.0,-1.265485408457593
Chronos2-ZS,G_BLOCK,2026-04-01,19.79,22.380956888198853,20.1361641350592,24,24,100.0,0.3461641350592011
Chronos2-ZS,G_BLOCK,2026-04-02,19.35,27.141711115837097,24.419418377193413,24,24,100.0,5.069418377193411
Chronos2-ZS,G_BLOCK,2026-04-03,40.67,20.217074394226074,18.189317390066265,24,24,100.0,-22.480682609933737
Chronos2-ZS,G_BLOCK,2026-04-04,20.419999999999998,26.915635228157043,24.21601772707621,24,24,100.0,3.7960177270762117
Chronos2-ZS,G_BLOCK,2026-04-05,25.61,26.0635803937912,23.449423336918205,24,24,100.0,-2.1605766630817946
Chronos2-ZS,G_BLOCK,2026-04-06,17.77,26.853617668151855,24.160220480615365,24,24,100.0,6.3902204806153655
Chronos2-ZS,G_BLOCK,2026-04-07,28.22,26.77094131708145,24.085836503935653,24,24,100.0,-4.134163496064346
Chronos2-ZS,G_BLOCK,2026-04-08,23.58,27.247800707817078,24.514867264736587,24,24,100.0,0.9348672647365888
Chronos2-ZS,G_BLOCK,2026-04-09,17.53,28.43652844429016,25.584366523999304,24,24,100.0,8.054366523999303
Chronos2-ZS,G_BLOCK,2026-04-10,29.89,26.26667618751526,23.632148778819406,24,24,100.0,-6.257851221180594
Chronos2-ZS,G_BLOCK,2026-04-11,26.060000000000002,27.331212520599365,24.58991293688444,24,24,100.0,-1.4700870631155638
Chronos2-ZS,G_BLOCK,2026-04-12,22.84,26.96428370475769,24.259786798910117,24,24,100.0,1.419786798910117
Chronos2-ZS,G_BLOCK,2026-04-13,35.82,27.03550285100937,24.3238627195978,24,24,100.0,-11.496137280402202
Chronos2-ZS,G_BLOCK,2026-04-14,22.13,26.85952591896057,24.165536138414524,24,24,100.0,2.0355361384145247
Chronos2-ZS,G_BLOCK,2026-04-15,23.81,27.105542302131653,24.386877267669753,24,24,100.0,0.5768772676697544
Chronos2-ZS,G_BLOCK,2026-04-16,26.36,26.36654132604599,23.721997520804408,24,24,100.0,-2.638002479195592
Chronos2-ZS,G_BLOCK,2026-04-17,19.66,27.231042087078094,24.499789520761517,24,24,100.0,4.839789520761517
Chronos2-ZS,G_BLOCK,2026-04-18,22.53,22.53398597240448,20.27384451987899,24,24,100.0,-2.256155480121013
Chronos2-ZS,G_BLOCK,2026-04-19,25.349999999999998,26.77493280172348,24.08942764573964,24,24,100.0,-1.2605723542603577
Chronos2-ZS,G_BLOCK,2026-04-20,19.65,23.188866794109344,20.863041299115213,24,24,100.0,1.2130412991152149
Chronos2-ZS,G_BLOCK,2026-04-21,27.69,26.53540474176407,23.87392406587089,24,24,100.0,-3.8160759341291097
Chronos2-ZS,G_BLOCK,2026-04-22,26.419999999999998,26.699568152427673,24.021622012773083,24,24,100.0,-2.3983779872269153
Chronos2-ZS,I&H_BLOCK,2026-03-09,2.91,0.6197565943002701,1.2395131886005402,24,24,100.0,-1.67048681139946
Chronos2-ZS,I&H_BLOCK,2026-03-10,0.3,0.2178603708744049,0.4357207417488098,24,24,100.0,0.13572074174880983
Chronos2-ZS,I&H_BLOCK,2026-03-11,0.27,0.16708418726921082,0.33416837453842163,24,24,100.0,0.06416837453842161
Chronos2-ZS,I&H_BLOCK,2026-03-12,0.19,0.1779813915491104,0.3559627830982208,24,24,100.0,0.16596278309822082
Chronos2-ZS,I&H_BLOCK,2026-03-13,0.18,0.14857088029384613,0.29714176058769226,24,24,100.0,0.11714176058769227
Chronos2-ZS,I&H_BLOCK,2026-03-14,0.06,0.14272648096084595,0.2854529619216919,24,24,100.0,0.2254529619216919
Chronos2-ZS,I&H_BLOCK,2026-03-15,9.23,0.1331900656223297,0.2663801312446594,24,24,100.0,-8.963619868755341
Chronos2-ZS,I&H_BLOCK,2026-03-16,9.79,1.2995301187038422,2.5990602374076843,15,24,62.5,-7.190939762592315
Chronos2-ZS,I&H_BLOCK,2026-03-17,5.9,0.42995910346508026,0.8599182069301605,24,24,100.0,-5.04008179306984
Chronos2-ZS,I&H_BLOCK,2026-03-18,0.03,0.2148744761943817,0.4297489523887634,24,24,100.0,0.3997489523887634
Chronos2-ZS,I&H_BLOCK,2026-03-19,0.15,0.1827523410320282,0.3655046820640564,24,24,100.0,0.2155046820640564
Chronos2-ZS,I&H_BLOCK,2026-03-20,15.02,0.11971849203109741,0.23943698406219482,24,24,100.0,-14.780563015937805
Chronos2-ZS,I&H_BLOCK,2026-03-21,6.01,1.335839420557022,2.671678841114044,24,24,100.0,-3.3383211588859556
Chronos2-ZS,I&H_BLOCK,2026-03-22,23.46,0.19747306406497955,0.3949461281299591,24,24,100.0,-23.06505387187004
Chronos2-ZS,I&H_BLOCK,2026-03-23,9.59,0.21430063247680664,0.4286012649536133,24,24,100.0,-9.161398735046387
Chronos2-ZS,I&H_BLOCK,2026-03-24,22.31,0.2113117128610611,0.4226234257221222,24,24,100.0,-21.887376574277877
Chronos2-ZS,I&H_BLOCK,2026-03-25,16.75,0.1793012171983719,0.3586024343967438,13,24,54.166666666666664,-16.391397565603256
Chronos2-ZS,I&H_BLOCK,2026-03-26,4.93,0.5723286420106888,1.1446572840213776,24,24,100.0,-3.785342715978622
Chronos2-ZS,I&H_BLOCK,2026-03-27,6.319999999999999,0.2315831184387207,0.4631662368774414,24,24,100.0,-5.856833763122558
Chronos2-ZS,I&H_BLOCK,2026-03-28,0.16999999999999998,0.2611396312713623,0.5222792625427246,24,24,100.0,0.3522792625427246
Chronos2-ZS,I&H_BLOCK,2026-03-29,11.709999999999999,0.23424488306045532,0.46848976612091064,24,24,100.0,-11.241510233879088
Chronos2-ZS,I&H_BLOCK,2026-03-30,0.18,0.36964383721351624,0.7392876744270325,24,24,100.0,0.5592876744270325
Chronos2-ZS,I&H_BLOCK,2026-03-31,30.439999999999998,0.2104218304157257,0.4208436608314514,24,24,100.0,-30.019156339168546
Chronos2-ZS,I&H_BLOCK,2026-04-01,14.64,0.3229205310344696,0.6458410620689392,24,24,100.0,-13.994158937931061
Chronos2-ZS,I&H_BLOCK,2026-04-02,41.46,0.7060341238975525,1.412068247795105,24,24,100.0,-40.047931752204896
Chronos2-ZS,I&H_BLOCK,2026-04-03,5.630000000000001,2.4108226597309113,4.8216453194618225,24,24,100.0,-0.8083546805381783
Chronos2-ZS,I&H_BLOCK,2026-04-04,0.47,0.3594442903995514,0.7188885807991028,24,24,100.0,0.2488885807991028
Chronos2-ZS,I&H_BLOCK,2026-04-05,0.22999999999999998,0.25485387444496155,0.5097077488899231,24,24,100.0,0.2797077488899231
Chronos2-ZS,I&H_BLOCK,2026-04-06,0.18,0.26190805435180664,0.5238161087036133,24,24,100.0,0.3438161087036133
Chronos2-ZS,I&H_BLOCK,2026-04-07,0.21,0.31346967816352844,0.6269393563270569,24,24,100.0,0.4169393563270569
Chronos2-ZS,I&H_BLOCK,2026-04-08,13.030000000000001,0.26688581705093384,0.5337716341018677,24,24,100.0,-12.496228365898133
Chronos2-ZS,I&H_BLOCK,2026-04-09,8.719999999999999,0.34361639618873596,0.6872327923774719,24,24,100.0,-8.032767207622527
Chronos2-ZS,I&H_BLOCK,2026-04-10,0.24,0.5138477236032486,1.0276954472064972,24,24,100.0,0.7876954472064972
Chronos2-ZS,I&H_BLOCK,2026-04-11,0.38,0.29867225885391235,0.5973445177078247,24,24,100.0,0.2173445177078247
Chronos2-ZS,I&H_BLOCK,2026-04-12,5.79,0.2700343728065491,0.5400687456130981,24,24,100.0,-5.249931254386902
Chronos2-ZS,I&H_BLOCK,2026-04-13,3.05,0.2699911892414093,0.5399823784828186,24,24,100.0,-2.510017621517181
Chronos2-ZS,I&H_BLOCK,2026-04-14,5.4799999999999995,0.34470894932746887,0.6894178986549377,24,24,100.0,-4.790582101345062
Chronos2-ZS,I&H_BLOCK,2026-04-15,0.32999999999999996,0.3675628900527954,0.7351257801055908,24,24,100.0,0.40512578010559086
Chronos2-ZS,I&H_BLOCK,2026-04-16,0.32999999999999996,0.2372061014175415,0.474412202835083,24,24,100.0,0.14441220283508305
Chronos2-ZS,I&H_BLOCK,2026-04-17,0.24,0.25802746415138245,0.5160549283027649,24,24,100.0,0.2760549283027649
Chronos2-ZS,I&H_BLOCK,2026-04-18,1.4000000000000001,0.2924296259880066,0.5848592519760132,24,24,100.0,-0.815140748023987
Chronos2-ZS,I&H_BLOCK,2026-04-19,11.01,0.2847057580947876,0.5694115161895752,24,24,100.0,-10.440588483810425
Chronos2-ZS,I&H_BLOCK,2026-04-20,14.25,0.32081860303878784,0.6416372060775757,24,24,100.0,-13.608362793922424
Chronos2-ZS,I&H_BLOCK,2026-04-21,22.35,1.350789725780487,2.701579451560974,24,24,100.0,-19.648420548439027
Chronos2-ZS,I&H_BLOCK,2026-04-22,0.18,0.6721846759319305,1.344369351863861,24,24,100.0,1.1643693518638611
Chronos2-ZS,INFORMATION_CENTRE,2026-03-09,0.64,0.044223870849236846,0.044223870849236846,24,24,100.0,-0.5957761291507632
Chronos2-ZS,INFORMATION_CENTRE,2026-03-10,0.5,0.013327032327651978,0.013327032327651978,24,24,100.0,-0.486672967672348
Chronos2-ZS,INFORMATION_CENTRE,2026-03-11,1.12,0.05184680735692382,0.05184680735692382,24,24,100.0,-1.0681531926430763
Chronos2-ZS,INFORMATION_CENTRE,2026-03-12,0.79,0.030957285780459642,0.030957285780459642,24,24,100.0,-0.7590427142195404
Chronos2-ZS,INFORMATION_CENTRE,2026-03-13,0.8300000000000001,0.04738735919818282,0.04738735919818282,24,24,100.0,-0.7826126408018172
Chronos2-ZS,INFORMATION_CENTRE,2026-03-14,0.66,0.04870113683864474,0.04870113683864474,24,24,100.0,-0.6112988631613553
Chronos2-ZS,INFORMATION_CENTRE,2026-03-15,0.5700000000000001,0.038497152738273144,0.038497152738273144,24,24,100.0,-0.5315028472617269
Chronos2-ZS,INFORMATION_CENTRE,2026-03-16,0.44,0.03607357293367386,0.03607357293367386,15,24,62.5,-0.40392642706632614
Chronos2-ZS,INFORMATION_CENTRE,2026-03-17,0.7,0.06680412078276277,0.06680412078276277,24,24,100.0,-0.6331958792172372
Chronos2-ZS,INFORMATION_CENTRE,2026-03-18,1.06,0.047201009932905436,0.047201009932905436,24,24,100.0,-1.0127989900670946
Chronos2-ZS,INFORMATION_CENTRE,2026-03-19,0.0,0.05615609185770154,0.05615609185770154,24,24,100.0,0.05615609185770154
Chronos2-ZS,INFORMATION_CENTRE,2026-03-20,0.8800000000000001,0.00483724195510149,0.00483724195510149,24,24,100.0,-0.8751627580448986
Chronos2-ZS,INFORMATION_CENTRE,2026-03-21,0.58,0.022522791288793087,0.022522791288793087,24,24,100.0,-0.5574772087112069
Chronos2-ZS,INFORMATION_CENTRE,2026-03-22,0.0,0.04250999679788947,0.04250999679788947,24,24,100.0,0.04250999679788947
Chronos2-ZS,INFORMATION_CENTRE,2026-03-23,0.68,0.005588093772530556,0.005588093772530556,24,24,100.0,-0.6744119062274695
Chronos2-ZS,INFORMATION_CENTRE,2026-03-24,0.6900000000000001,0.023866225499659777,0.023866225499659777,24,24,100.0,-0.6661337745003403
Chronos2-ZS,INFORMATION_CENTRE,2026-03-25,0.48,0.008883540518581867,0.008883540518581867,13,24,54.166666666666664,-0.4711164594814181
Chronos2-ZS,INFORMATION_CENTRE,2026-03-26,0.82,0.01609476562589407,0.01609476562589407,24,24,100.0,-0.8039052343741059
Chronos2-ZS,INFORMATION_CENTRE,2026-03-27,0.9500000000000001,0.018612055107951164,0.018612055107951164,24,24,100.0,-0.9313879448920489
Chronos2-ZS,INFORMATION_CENTRE,2026-03-28,1.1099999999999999,0.03906629886478186,0.03906629886478186,24,24,100.0,-1.070933701135218
Chronos2-ZS,INFORMATION_CENTRE,2026-03-29,0.05,0.05234153661876917,0.05234153661876917,24,24,100.0,0.002341536618769166
Chronos2-ZS,INFORMATION_CENTRE,2026-03-30,0.23,0.03427516296505928,0.03427516296505928,24,24,100.0,-0.19572483703494073
Chronos2-ZS,INFORMATION_CENTRE,2026-03-31,0.19999999999999998,0.04380828142166138,0.04380828142166138,24,24,100.0,-0.1561917185783386
Chronos2-ZS,INFORMATION_CENTRE,2026-04-01,0.72,0.019604292698204517,0.019604292698204517,24,24,100.0,-0.7003957073017955
Chronos2-ZS,INFORMATION_CENTRE,2026-04-02,0.01,0.009898840449750423,0.009898840449750423,24,24,100.0,-0.00010115955024957678
Chronos2-ZS,INFORMATION_CENTRE,2026-04-03,0.33999999999999997,0.005557363852858543,0.005557363852858543,24,24,100.0,-0.3344426361471414
Chronos2-ZS,INFORMATION_CENTRE,2026-04-04,0.43,0.009579190984368324,0.009579190984368324,24,24,100.0,-0.42042080901563167
Chronos2-ZS,INFORMATION_CENTRE,2026-04-05,0.12000000000000001,0.021283497102558613,0.021283497102558613,24,24,100.0,-0.0987165028974414
Chronos2-ZS,INFORMATION_CENTRE,2026-04-06,0.51,0.008663024753332138,0.008663024753332138,24,24,100.0,-0.5013369752466679
Chronos2-ZS,INFORMATION_CENTRE,2026-04-07,0.54,0.010492704808712006,0.010492704808712006,24,24,100.0,-0.529507295191288
Chronos2-ZS,INFORMATION_CENTRE,2026-04-08,0.19999999999999998,0.011042683385312557,0.011042683385312557,24,24,100.0,-0.18895731661468743
Chronos2-ZS,INFORMATION_CENTRE,2026-04-09,0.38,0.007838566787540913,0.007838566787540913,24,24,100.0,-0.3721614332124591
Chronos2-ZS,INFORMATION_CENTRE,2026-04-10,0.84,0.00919080339372158,0.00919080339372158,24,24,100.0,-0.8308091966062784
Chronos2-ZS,INFORMATION_CENTRE,2026-04-11,0.01,0.008561409078538418,0.008561409078538418,24,24,100.0,-0.0014385909214615824
Chronos2-ZS,INFORMATION_CENTRE,2026-04-12,0.43999999999999995,0.0087060471996665,0.0087060471996665,24,24,100.0,-0.43129395280033345
Chronos2-ZS,INFORMATION_CENTRE,2026-04-13,0.32,0.006048716604709625,0.006048716604709625,24,24,100.0,-0.3139512833952904
Chronos2-ZS,INFORMATION_CENTRE,2026-04-14,0.22999999999999998,0.008012260310351849,0.008012260310351849,24,24,100.0,-0.22198773968964813
Chronos2-ZS,INFORMATION_CENTRE,2026-04-15,0.34,0.0054901111871004105,0.0054901111871004105,24,24,100.0,-0.3345098888128996
Chronos2-ZS,INFORMATION_CENTRE,2026-04-16,0.38,0.006629889830946922,0.006629889830946922,24,24,100.0,-0.3733701101690531
Chronos2-ZS,INFORMATION_CENTRE,2026-04-17,0.42000000000000004,0.0067143067717552185,0.0067143067717552185,24,24,100.0,-0.4132856932282448
Chronos2-ZS,INFORMATION_CENTRE,2026-04-18,0.19,0.007184995338320732,0.007184995338320732,24,24,100.0,-0.18281500466167927
Chronos2-ZS,INFORMATION_CENTRE,2026-04-19,0.060000000000000005,0.006739236414432526,0.006739236414432526,24,24,100.0,-0.05326076358556748
Chronos2-ZS,INFORMATION_CENTRE,2026-04-20,0.4,0.0088086798787117,0.0088086798787117,24,24,100.0,-0.3911913201212883
Chronos2-ZS,INFORMATION_CENTRE,2026-04-21,0.36,0.007065026089549065,0.007065026089549065,24,24,100.0,-0.3529349739104509
Chronos2-ZS,INFORMATION_CENTRE,2026-04-22,0.75,0.00885913334786892,0.00885913334786892,24,24,100.0,-0.7411408666521311
Chronos2-ZS,IT_BLOCK,2026-03-09,1.56,1.3325546085834503,2.1659378427945226,24,24,100.0,0.6059378427945226
Chronos2-ZS,IT_BLOCK,2026-03-10,1.81,1.4350041933357716,2.332459673242825,24,24,100.0,0.522459673242825
Chronos2-ZS,IT_BLOCK,2026-03-11,1.28,1.4580312669277191,2.369887940557613,24,24,100.0,1.089887940557613
Chronos2-ZS,IT_BLOCK,2026-03-12,1.65,1.3697974402457476,2.2264724414898405,24,24,100.0,0.5764724414898406
Chronos2-ZS,IT_BLOCK,2026-03-13,1.45,1.3593261670321226,2.209452405860876,24,24,100.0,0.7594524058608763
Chronos2-ZS,IT_BLOCK,2026-03-14,0.99,0.7946303281933069,1.2915942714690862,24,24,100.0,0.30159427146908624
Chronos2-ZS,IT_BLOCK,2026-03-15,1.01,0.7655912600457668,1.244394092042963,24,24,100.0,0.23439409204296302
Chronos2-ZS,IT_BLOCK,2026-03-16,1.03,1.1338584907352924,1.8429766387346185,14,24,58.333333333333336,0.8129766387346185
Chronos2-ZS,IT_BLOCK,2026-03-17,1.4100000000000001,1.3837914373725653,2.2492183220366444,24,24,100.0,0.8392183220366443
Chronos2-ZS,IT_BLOCK,2026-03-18,1.6500000000000001,1.3309432864189148,2.163318795416936,24,24,100.0,0.513318795416936
Chronos2-ZS,IT_BLOCK,2026-03-19,1.11,1.341017259284854,2.1796930579928,24,24,100.0,1.0696930579928001
Chronos2-ZS,IT_BLOCK,2026-03-20,4.47,1.2442647144198418,2.022431211491384,24,24,100.0,-2.4475687885086157
Chronos2-ZS,IT_BLOCK,2026-03-21,1.35,0.875338839367032,1.4227781024811632,24,24,100.0,0.07277810248116312
Chronos2-ZS,IT_BLOCK,2026-03-22,1.1400000000000001,0.7557637467980385,1.2284204255930402,24,24,100.0,0.08842042559304009
Chronos2-ZS,IT_BLOCK,2026-03-23,2.97,1.2528578210622072,2.036398470126776,24,24,100.0,-0.9336015298732243
Chronos2-ZS,IT_BLOCK,2026-03-24,2.86,1.4734802022576332,2.3949986815707085,24,24,100.0,-0.4650013184292914
Chronos2-ZS,IT_BLOCK,2026-03-25,1.51,1.38579810410738,2.2524799635414774,13,24,54.166666666666664,0.7424799635414774
Chronos2-ZS,IT_BLOCK,2026-03-26,2.8400000000000003,1.5305702164769173,2.4877929441448123,24,24,100.0,-0.35220705585518797
Chronos2-ZS,IT_BLOCK,2026-03-27,1.69,1.755837420001626,2.8539428622883785,24,24,100.0,1.1639428622883785
Chronos2-ZS,IT_BLOCK,2026-03-28,0.8200000000000001,0.8602459579706192,1.398246092488679,24,24,100.0,0.578246092488679
Chronos2-ZS,IT_BLOCK,2026-03-29,1.49,0.6298586577177048,1.0237739553598977,24,24,100.0,-0.4662260446401023
Chronos2-ZS,IT_BLOCK,2026-03-30,2.36,1.5283011123538017,2.4841047362035846,24,24,100.0,0.12410473620358475
Chronos2-ZS,IT_BLOCK,2026-03-31,4.82,1.6275637615472078,2.6454465130277134,24,24,100.0,-2.174553486972287
Chronos2-ZS,IT_BLOCK,2026-04-01,2.88,1.863376971334219,3.0287379380984523,24,24,100.0,0.14873793809845237
Chronos2-ZS,IT_BLOCK,2026-04-02,3.73,1.9396329522132874,3.1526846144008713,24,24,100.0,-0.5773153855991286
Chronos2-ZS,IT_BLOCK,2026-04-03,3.32,2.2488556019961834,3.655295940570795,24,24,100.0,0.33529594057079537
Chronos2-ZS,IT_BLOCK,2026-04-04,1.97,0.9734785780310631,1.5822946975123813,24,24,100.0,-0.3877053024876187
Chronos2-ZS,IT_BLOCK,2026-04-05,0.98,1.0069625079631805,1.6367195672312658,24,24,100.0,0.6567195672312658
Chronos2-ZS,IT_BLOCK,2026-04-06,2.14,2.0965529084205627,3.407742733032347,24,24,100.0,1.267742733032347
Chronos2-ZS,IT_BLOCK,2026-04-07,2.22,2.1549596041440964,3.5026771332627926,24,24,100.0,1.2826771332627924
Chronos2-ZS,IT_BLOCK,2026-04-08,3.86,2.1471633166074753,3.490005026543785,24,24,100.0,-0.3699949734562149
Chronos2-ZS,IT_BLOCK,2026-04-09,2.48,2.365451969206333,3.8448119892536248,24,24,100.0,1.3648119892536248
Chronos2-ZS,IT_BLOCK,2026-04-10,1.73,2.1479515470564365,3.491286218434347,24,24,100.0,1.7612862184343472
Chronos2-ZS,IT_BLOCK,2026-04-11,1.6,0.9433145076036453,1.5332659363564576,24,24,100.0,-0.06673406364354251
Chronos2-ZS,IT_BLOCK,2026-04-12,1.12,0.9282019883394241,1.5087020069208499,24,24,100.0,0.3887020069208498
Chronos2-ZS,IT_BLOCK,2026-04-13,1.54,2.0271488204598427,3.294933141897794,24,24,100.0,1.7549331418977938
Chronos2-ZS,IT_BLOCK,2026-04-14,1.15,1.925655536353588,3.1299656850902133,24,24,100.0,1.9799656850902134
Chronos2-ZS,IT_BLOCK,2026-04-15,1.6,1.3600401617586613,2.2106129348086614,24,24,100.0,0.6106129348086613
Chronos2-ZS,IT_BLOCK,2026-04-16,2.39,1.4849662892520428,2.413668198246853,24,24,100.0,0.023668198246852956
Chronos2-ZS,IT_BLOCK,2026-04-17,2.23,1.678485307842493,2.7282145312568624,24,24,100.0,0.49821453125686244
Chronos2-ZS,IT_BLOCK,2026-04-18,1.3800000000000001,0.9119602963328362,1.4823027170745011,24,24,100.0,0.102302717074501
Chronos2-ZS,IT_BLOCK,2026-04-19,1.0,0.8015269078314304,1.302803990551396,24,24,100.0,0.30280399055139595
Chronos2-ZS,IT_BLOCK,2026-04-20,2.49,1.6548854038119316,2.6898551838073423,24,24,100.0,0.19985518380734213
Chronos2-ZS,IT_BLOCK,2026-04-21,2.9,1.8327267616987228,2.9789190049669405,24,24,100.0,0.0789190049669406
Chronos2-ZS,IT_BLOCK,2026-04-22,2.21,2.195137694478035,3.5679827092931835,24,24,100.0,1.3579827092931835
Chronos2-ZS,ME_WORKSHOP_BLOCK,2026-03-09,0.51,0.7394791822880507,1.4789583645761013,24,24,100.0,0.9689583645761013
Chronos2-ZS,ME_WORKSHOP_BLOCK,2026-03-10,0.6900000000000001,0.49764715880155563,0.9952943176031113,24,24,100.0,0.3052943176031112
Chronos2-ZS,ME_WORKSHOP_BLOCK,2026-03-11,0.7200000000000001,0.4590244721621275,0.918048944324255,24,24,100.0,0.1980489443242549
Chronos2-ZS,ME_WORKSHOP_BLOCK,2026-03-12,0.65,0.5074436478316784,1.0148872956633568,24,24,100.0,0.36488729566335676
Chronos2-ZS,ME_WORKSHOP_BLOCK,2026-03-13,0.76,0.481846708804369,0.963693417608738,24,24,100.0,0.20369341760873794
Chronos2-ZS,ME_WORKSHOP_BLOCK,2026-03-14,0.77,0.6135657653212547,1.2271315306425095,24,24,100.0,0.45713153064250944
Chronos2-ZS,ME_WORKSHOP_BLOCK,2026-03-15,1.13,0.5817016810178757,1.1634033620357513,24,24,100.0,0.03340336203575145
Chronos2-ZS,ME_WORKSHOP_BLOCK,2026-03-16,0.44,0.20001281797885895,0.4000256359577179,15,24,62.5,-0.03997436404228211
Chronos2-ZS,ME_WORKSHOP_BLOCK,2026-03-17,6.63,0.5006916578859091,1.0013833157718182,24,24,100.0,-5.628616684228182
Chronos2-ZS,ME_WORKSHOP_BLOCK,2026-03-18,14.31,0.6659865900874138,1.3319731801748276,24,24,100.0,-12.978026819825173
Chronos2-ZS,ME_WORKSHOP_BLOCK,2026-03-19,8.8,0.610300462692976,1.220600925385952,24,24,100.0,-7.579399074614049
Chronos2-ZS,ME_WORKSHOP_BLOCK,2026-03-20,0.76,0.823806531727314,1.647613063454628,24,24,100.0,0.887613063454628
Chronos2-ZS,ME_WORKSHOP_BLOCK,2026-03-21,0.93,0.7003575451672077,1.4007150903344154,24,24,100.0,0.4707150903344154
Chronos2-ZS,ME_WORKSHOP_BLOCK,2026-03-22,0.78,0.8669797629117966,1.7339595258235931,24,24,100.0,0.9539595258235931
Chronos2-ZS,ME_WORKSHOP_BLOCK,2026-03-23,0.92,0.5216196626424789,1.0432393252849579,24,24,100.0,0.12323932528495785
Chronos2-ZS,ME_WORKSHOP_BLOCK,2026-03-24,0.96,0.5706300288438797,1.1412600576877594,24,24,100.0,0.18126005768775943
Chronos2-ZS,ME_WORKSHOP_BLOCK,2026-03-25,1.11,0.31521203368902206,0.6304240673780441,13,24,54.166666666666664,-0.47957593262195597
Chronos2-ZS,ME_WORKSHOP_BLOCK,2026-03-26,0.62,0.6403962671756744,1.2807925343513489,24,24,100.0,0.6607925343513489
Chronos2-ZS,ME_WORKSHOP_BLOCK,2026-03-27,0.71,0.48651348426938057,0.9730269685387611,24,24,100.0,0.2630269685387612
Chronos2-ZS,ME_WORKSHOP_BLOCK,2026-03-28,0.96,0.7316755689680576,1.4633511379361153,24,24,100.0,0.5033511379361153
Chronos2-ZS,ME_WORKSHOP_BLOCK,2026-03-29,1.12,0.8372485600411892,1.6744971200823784,24,24,100.0,0.5544971200823783
Chronos2-ZS,ME_WORKSHOP_BLOCK,2026-03-30,0.75,0.5534605011343956,1.1069210022687912,24,24,100.0,0.3569210022687912
Chronos2-ZS,ME_WORKSHOP_BLOCK,2026-03-31,0.98,0.523355133831501,1.046710267663002,24,24,100.0,0.06671026766300203
Chronos2-ZS,ME_WORKSHOP_BLOCK,2026-04-01,0.79,0.6351545490324497,1.2703090980648994,24,24,100.0,0.4803090980648994
Chronos2-ZS,ME_WORKSHOP_BLOCK,2026-04-02,0.68,0.6357985027134418,1.2715970054268837,24,24,100.0,0.5915970054268836
Chronos2-ZS,ME_WORKSHOP_BLOCK,2026-04-03,0.65,0.6016405522823334,1.2032811045646667,24,24,100.0,0.5532811045646667
Chronos2-ZS,ME_WORKSHOP_BLOCK,2026-04-04,0.97,0.713553573936224,1.427107147872448,24,24,100.0,0.457107147872448
Chronos2-ZS,ME_WORKSHOP_BLOCK,2026-04-05,1.76,0.7961077056825161,1.5922154113650322,24,24,100.0,-0.1677845886349678
Chronos2-ZS,ME_WORKSHOP_BLOCK,2026-04-06,0.51,0.6082266010344028,1.2164532020688057,24,24,100.0,0.7064532020688057
Chronos2-ZS,ME_WORKSHOP_BLOCK,2026-04-07,0.74,0.5864805430173874,1.1729610860347748,24,24,100.0,0.4329610860347748
Chronos2-ZS,ME_WORKSHOP_BLOCK,2026-04-08,0.68,0.55864167958498,1.11728335916996,24,24,100.0,0.43728335916996
Chronos2-ZS,ME_WORKSHOP_BLOCK,2026-04-09,1.24,0.5506265722215176,1.1012531444430351,24,24,100.0,-0.13874685555696487
Chronos2-ZS,ME_WORKSHOP_BLOCK,2026-04-10,0.72,0.6607747972011566,1.3215495944023132,24,24,100.0,0.6015495944023133
Chronos2-ZS,ME_WORKSHOP_BLOCK,2026-04-11,0.97,0.7563589960336685,1.512717992067337,24,24,100.0,0.5427179920673371
Chronos2-ZS,ME_WORKSHOP_BLOCK,2026-04-12,0.86,0.9038499817252159,1.8076999634504318,24,24,100.0,0.9476999634504318
Chronos2-ZS,ME_WORKSHOP_BLOCK,2026-04-13,0.9500000000000001,0.4823964983224869,0.9647929966449738,24,24,100.0,0.014792996644973688
Chronos2-ZS,ME_WORKSHOP_BLOCK,2026-04-14,1.05,0.5903823748230934,1.1807647496461868,24,24,100.0,0.13076474964618678
Chronos2-ZS,ME_WORKSHOP_BLOCK,2026-04-15,0.91,0.6509447284042835,1.301889456808567,24,24,100.0,0.391889456808567
Chronos2-ZS,ME_WORKSHOP_BLOCK,2026-04-16,0.5700000000000001,0.5145658403635025,1.029131680727005,24,24,100.0,0.45913168072700494
Chronos2-ZS,ME_WORKSHOP_BLOCK,2026-04-17,0.63,0.5309484153985977,1.0618968307971954,24,24,100.0,0.43189683079719543
Chronos2-ZS,ME_WORKSHOP_BLOCK,2026-04-18,0.63,0.6065728701651096,1.2131457403302193,24,24,100.0,0.5831457403302193
Chronos2-ZS,ME_WORKSHOP_BLOCK,2026-04-19,0.47000000000000003,0.7032251693308353,1.4064503386616707,24,24,100.0,0.9364503386616707
Chronos2-ZS,ME_WORKSHOP_BLOCK,2026-04-20,0.49000000000000005,0.3815547563135624,0.7631095126271248,24,24,100.0,0.27310951262712474
Chronos2-ZS,ME_WORKSHOP_BLOCK,2026-04-21,0.43,0.530846007168293,1.061692014336586,24,24,100.0,0.6316920143365861
Chronos2-ZS,ME_WORKSHOP_BLOCK,2026-04-22,0.8400000000000001,0.34925463795661926,0.6985092759132385,24,24,100.0,-0.14149072408676155
Chronos2-ZS,MM_BLOCK,2026-03-09,27.81,27.618079364299774,26.922508855913705,24,24,100.0,-0.8874911440862938
Chronos2-ZS,MM_BLOCK,2026-03-10,29.3,27.85071039199829,27.149280993858582,24,24,100.0,-2.1507190061414185
Chronos2-ZS,MM_BLOCK,2026-03-11,27.22,28.310802459716797,27.59778548992788,24,24,100.0,0.37778548992788075
Chronos2-ZS,MM_BLOCK,2026-03-12,22.31,27.411063194274902,26.72070645693819,24,24,100.0,4.41070645693819
Chronos2-ZS,MM_BLOCK,2026-03-13,27.34,25.773771822452545,25.12465081251209,24,24,100.0,-2.2153491874879094
Chronos2-ZS,MM_BLOCK,2026-03-14,23.4,26.603733777999878,25.933709900349246,24,24,100.0,2.5337099003492476
Chronos2-ZS,MM_BLOCK,2026-03-15,24.59,25.193744480609894,24.55923165206111,24,24,100.0,-0.030768347938888496
Chronos2-ZS,MM_BLOCK,2026-03-16,16.3,16.322436690330505,15.91135069709274,15,24,62.5,-0.3886493029072611
Chronos2-ZS,MM_BLOCK,2026-03-17,25.31,27.13044798374176,26.447158633752178,24,24,100.0,1.137158633752179
Chronos2-ZS,MM_BLOCK,2026-03-18,28.130000000000003,27.0990629196167,26.41656401289876,24,24,100.0,-1.7134359871012421
Chronos2-ZS,MM_BLOCK,2026-03-19,26.689999999999998,26.99884206056595,26.318867249494243,24,24,100.0,-0.37113275050575467
Chronos2-ZS,MM_BLOCK,2026-03-20,28.25,26.53607165813446,25.867751873461927,24,24,100.0,-2.382248126538073
Chronos2-ZS,MM_BLOCK,2026-03-21,29.22,26.856418013572693,26.180030199462898,24,24,100.0,-3.0399698005371008
Chronos2-ZS,MM_BLOCK,2026-03-22,25.99,28.298930287361145,27.586212322179033,24,24,100.0,1.596212322179035
Chronos2-ZS,MM_BLOCK,2026-03-23,26.99,28.821074545383453,28.095206203514653,24,24,100.0,1.1052062035146548
Chronos2-ZS,MM_BLOCK,2026-03-24,36.42,28.56303495168686,27.843665422751563,24,24,100.0,-8.576334577248439
Chronos2-ZS,MM_BLOCK,2026-03-25,17.919999999999998,16.352713644504547,15.940865116112564,13,24,54.166666666666664,-1.9791348838874345
Chronos2-ZS,MM_BLOCK,2026-03-26,28.509999999999998,29.779567897319794,29.029559581801962,24,24,100.0,0.519559581801964
Chronos2-ZS,MM_BLOCK,2026-03-27,26.57,28.044227063655853,27.337923883820086,24,24,100.0,0.7679238838200853
Chronos2-ZS,MM_BLOCK,2026-03-28,30.64,27.159860014915466,26.47582991314491,24,24,100.0,-4.164170086855091
Chronos2-ZS,MM_BLOCK,2026-03-29,33.63,28.406172275543213,27.690753385244037,24,24,100.0,-5.939246614755966
Chronos2-ZS,MM_BLOCK,2026-03-30,28.87,32.0713232755661,31.263596339121868,24,24,100.0,2.393596339121867
Chronos2-ZS,MM_BLOCK,2026-03-31,26.23,30.210185170173645,29.449331615511998,24,24,100.0,3.2193316155119973
Chronos2-ZS,MM_BLOCK,2026-04-01,26.93,28.83020716905594,28.10410881902448,24,24,100.0,1.1741088190244788
Chronos2-ZS,MM_BLOCK,2026-04-02,26.8,27.79770964384079,27.097615087159625,24,24,100.0,0.2976150871596239
Chronos2-ZS,MM_BLOCK,2026-04-03,26.8,27.14068180322647,26.457134711091687,24,24,100.0,-0.3428652889083139
Chronos2-ZS,MM_BLOCK,2026-04-04,26.45,27.631761729717255,26.935846626410452,24,24,100.0,0.48584662641045284
Chronos2-ZS,MM_BLOCK,2026-04-05,24.51,27.143217265605927,26.459606317008387,24,24,100.0,1.949606317008385
Chronos2-ZS,MM_BLOCK,2026-04-06,26.85,27.32915312051773,26.64085931561356,24,24,100.0,-0.2091406843864405
Chronos2-ZS,MM_BLOCK,2026-04-07,27.31,28.291596233844757,27.579062979238124,24,24,100.0,0.26906297923812517
Chronos2-ZS,MM_BLOCK,2026-04-08,27.11,28.053540587425232,27.34700284339774,24,24,100.0,0.23700284339773958
Chronos2-ZS,MM_BLOCK,2026-04-09,26.54,27.276235938072205,26.589274869996345,24,24,100.0,0.04927486999634567
Chronos2-ZS,MM_BLOCK,2026-04-10,26.19,26.629838407039642,25.95915707563008,24,24,100.0,-0.23084292436992015
Chronos2-ZS,MM_BLOCK,2026-04-11,27.96,27.53343826532364,26.83999947114798,24,24,100.0,-1.120000528852021
Chronos2-ZS,MM_BLOCK,2026-04-12,25.02,27.486848294734955,26.794582884453977,24,24,100.0,1.7745828844539773
Chronos2-ZS,MM_BLOCK,2026-04-13,27.53,27.267289638519287,26.580553885971202,24,24,100.0,-0.9494461140287989
Chronos2-ZS,MM_BLOCK,2026-04-14,26.24,28.121765077114105,27.41350907663759,24,24,100.0,1.1735090766375933
Chronos2-ZS,MM_BLOCK,2026-04-15,27.35,27.566540718078613,26.87226822762785,24,24,100.0,-0.47773177237215236
Chronos2-ZS,MM_BLOCK,2026-04-16,28.04,27.596347093582153,26.9013239196574,24,24,100.0,-1.1386760803425986
Chronos2-ZS,MM_BLOCK,2026-04-17,25.84,27.690868377685547,26.99346465380401,24,24,100.0,1.1534646538040114
Chronos2-ZS,MM_BLOCK,2026-04-18,26.45,27.399681568145752,26.709611480846082,24,24,100.0,0.25961148084608254
Chronos2-ZS,MM_BLOCK,2026-04-19,28.34,26.657183945178986,25.985813907302376,24,24,100.0,-2.354186092697624
Chronos2-ZS,MM_BLOCK,2026-04-20,24.37,28.519135177135468,27.800871278613496,24,24,100.0,3.4308712786134947
Chronos2-ZS,MM_BLOCK,2026-04-21,24.91,27.43934965133667,26.748280510177104,24,24,100.0,1.8382805101771034
Chronos2-ZS,MM_BLOCK,2026-04-22,24.35,27.39569443464279,26.70572476462562,24,24,100.0,2.35572476462562
Chronos2-ZS,MRD_BLOCK,2026-03-09,27.259999999999998,25.723867177963257,26.67118041272913,24,24,100.0,-0.5888195872708692
Chronos2-ZS,MRD_BLOCK,2026-03-10,40.64,28.974713504314423,30.041743177041873,24,24,100.0,-10.598256822958128
Chronos2-ZS,MRD_BLOCK,2026-03-11,26.14,30.359919250011444,31.477960838120598,24,24,100.0,5.337960838120598
Chronos2-ZS,MRD_BLOCK,2026-03-12,33.91,28.134688138961792,29.1707828383187,24,24,100.0,-4.739217161681296
Chronos2-ZS,MRD_BLOCK,2026-03-13,30.76,33.653686463832855,34.89302510468702,24,24,100.0,4.133025104687018
Chronos2-ZS,MRD_BLOCK,2026-03-14,26.5,22.621453940868378,23.45451696982808,24,24,100.0,-3.045483030171919
Chronos2-ZS,MRD_BLOCK,2026-03-15,11.24,13.534526467323303,14.032952149592726,24,24,100.0,2.7929521495927254
Chronos2-ZS,MRD_BLOCK,2026-03-16,23.79,20.144646763801575,20.886498304124437,16,24,66.66666666666667,-2.903501695875562
Chronos2-ZS,MRD_BLOCK,2026-03-17,23.48,28.435604631900787,29.482780953408376,24,24,100.0,6.002780953408376
Chronos2-ZS,MRD_BLOCK,2026-03-18,15.29,25.929472625255585,26.884357534996006,24,24,100.0,11.594357534996007
Chronos2-ZS,MRD_BLOCK,2026-03-19,0.04,17.782101690769196,18.436949585802992,24,24,100.0,18.396949585802993
Chronos2-ZS,MRD_BLOCK,2026-03-20,14.93,1.2602483034133911,1.3066585063838634,24,24,100.0,-13.623341493616136
Chronos2-ZS,MRD_BLOCK,2026-03-21,18.38,7.7023627161979675,7.9860117526955685,24,24,100.0,-10.393988247304431
Chronos2-ZS,MRD_BLOCK,2026-03-22,26.900000000000002,20.984599471092224,21.757383309062597,24,24,100.0,-5.142616690937405
Chronos2-ZS,MRD_BLOCK,2026-03-23,38.92,30.833004593849182,31.968468135053133,24,24,100.0,-6.951531864946869
Chronos2-ZS,MRD_BLOCK,2026-03-24,27.01,24.94620144367218,25.864876175633583,24,24,100.0,-1.1451238243664186
Chronos2-ZS,MRD_BLOCK,2026-03-25,10.08,13.998458862304688,14.513969429003112,13,24,54.166666666666664,4.4339694290031115
Chronos2-ZS,MRD_BLOCK,2026-03-26,41.93,25.502916872501373,26.442093338905725,24,24,100.0,-15.487906661094275
Chronos2-ZS,MRD_BLOCK,2026-03-27,35.980000000000004,35.982905626297,37.30802064455225,24,24,100.0,1.3280206445522467
Chronos2-ZS,MRD_BLOCK,2026-03-28,31.37,22.740113377571106,23.577546187094544,24,24,100.0,-7.792453812905457
Chronos2-ZS,MRD_BLOCK,2026-03-29,13.78,13.960528194904327,14.474641917847368,24,24,100.0,0.6946419178473686
Chronos2-ZS,MRD_BLOCK,2026-03-30,27.18,29.519087314605713,30.606164226404225,24,24,100.0,3.426164226404225
Chronos2-ZS,MRD_BLOCK,2026-03-31,37.0,27.49184775352478,28.504269060356627,24,24,100.0,-8.495730939643373
Chronos2-ZS,MRD_BLOCK,2026-04-01,70.24,35.599294781684875,36.91028285597845,24,24,100.0,-33.329717144021544
Chronos2-ZS,MRD_BLOCK,2026-04-02,82.68,45.058833360672,46.71818064661356,24,24,100.0,-35.961819353386446
Chronos2-ZS,MRD_BLOCK,2026-04-03,53.93,50.50172567367554,52.36151420306788,24,24,100.0,-1.5684857969321229
Chronos2-ZS,MRD_BLOCK,2026-04-04,33.25,49.44856810569763,51.26957280466754,24,24,100.0,18.01957280466754
Chronos2-ZS,MRD_BLOCK,2026-04-05,11.63,18.03054416179657,18.694541258202538,24,24,100.0,7.064541258202537
Chronos2-ZS,MRD_BLOCK,2026-04-06,24.8,25.121250569820404,26.046371702425507,24,24,100.0,1.246371702425506
Chronos2-ZS,MRD_BLOCK,2026-04-07,4.98,23.348295032978058,24.208124884412925,24,24,100.0,19.228124884412924
Chronos2-ZS,MRD_BLOCK,2026-04-08,26.32,23.087215542793274,23.937430818990798,24,24,100.0,-2.3825691810092025
Chronos2-ZS,MRD_BLOCK,2026-04-09,31.880000000000003,31.55412983894348,32.716149709484526,24,24,100.0,0.8361497094845234
Chronos2-ZS,MRD_BLOCK,2026-04-10,22.63,27.872225522994995,28.898654711796414,24,24,100.0,6.268654711796415
Chronos2-ZS,MRD_BLOCK,2026-04-11,29.74,20.404014229774475,21.155417297924938,24,24,100.0,-8.58458270207506
Chronos2-ZS,MRD_BLOCK,2026-04-12,12.76,14.326805472373962,14.854407809223323,24,24,100.0,2.0944078092233234
Chronos2-ZS,MRD_BLOCK,2026-04-13,34.74,26.521429240703583,27.49811368518509,24,24,100.0,-7.241886314814913
Chronos2-ZS,MRD_BLOCK,2026-04-14,14.15,28.25868386030197,29.29934485550652,24,24,100.0,15.149344855506518
Chronos2-ZS,MRD_BLOCK,2026-04-15,39.9,24.054705798625946,24.940550100487325,24,24,100.0,-14.959449899512673
Chronos2-ZS,MRD_BLOCK,2026-04-16,59.43,47.405869007110596,49.15164878451842,24,24,100.0,-10.278351215481578
Chronos2-ZS,MRD_BLOCK,2026-04-17,46.38,48.51211452484131,50.298633162102384,24,24,100.0,3.918633162102381
Chronos2-ZS,MRD_BLOCK,2026-04-18,51.65,42.557632088661194,44.12486954323887,24,24,100.0,-7.525130456761126
Chronos2-ZS,MRD_BLOCK,2026-04-19,24.830000000000002,15.361299991607666,15.926998869019263,24,24,100.0,-8.903001130980739
Chronos2-ZS,MRD_BLOCK,2026-04-20,34.96,34.82007908821106,36.10237158053563,24,24,100.0,1.142371580535631
Chronos2-ZS,MRD_BLOCK,2026-04-21,32.46,30.8799387216568,32.01713067018484,24,24,100.0,-0.44286932981516003
Chronos2-ZS,MRD_BLOCK,2026-04-22,39.17,30.672702491283417,31.802262709232323,24,24,100.0,-7.367737290767678
Chronos2-ZS,NBX,2026-03-09,37.07,16.358075827360153,20.871187705671545,24,24,100.0,-16.198812294328455
Chronos2-ZS,NBX,2026-03-10,32.15,17.558400869369507,22.40267646535155,24,24,100.0,-9.747323534648448
Chronos2-ZS,NBX,2026-03-11,21.8,17.69523674249649,22.57726467627829,24,24,100.0,0.7772646762782891
Chronos2-ZS,NBX,2026-03-12,14.88,17.126049757003784,21.851041828357875,24,24,100.0,6.971041828357874
Chronos2-ZS,NBX,2026-03-13,23.53,15.048304319381714,19.200056743627947,24,24,100.0,-4.329943256372054
Chronos2-ZS,NBX,2026-03-14,20.59,14.734085649251938,18.799146702977808,24,24,100.0,-1.790853297022192
Chronos2-ZS,NBX,2026-03-15,18.44,15.40325003862381,19.652930223969424,24,24,100.0,1.2129302239694226
Chronos2-ZS,NBX,2026-03-16,8.46,10.21044972538948,13.027462094379889,16,24,66.66666666666667,4.567462094379888
Chronos2-ZS,NBX,2026-03-17,19.99,17.025866091251373,21.723217986787,24,24,100.0,1.7332179867870003
Chronos2-ZS,NBX,2026-03-18,15.84,17.107071608304977,21.826827702688128,24,24,100.0,5.986827702688128
Chronos2-ZS,NBX,2026-03-19,17.810000000000002,16.387411266565323,20.908616646858828,24,24,100.0,3.098616646858826
Chronos2-ZS,NBX,2026-03-20,25.84,16.522794127464294,21.08135096670024,24,24,100.0,-4.758649033299761
Chronos2-ZS,NBX,2026-03-21,17.15,17.315694749355316,22.093008932226486,24,24,100.0,4.943008932226487
Chronos2-ZS,NBX,2026-03-22,17.66,15.838412433862686,20.208151762818712,24,24,100.0,2.548151762818712
Chronos2-ZS,NBX,2026-03-23,26.549999999999997,16.589349657297134,21.166268836665623,24,24,100.0,-5.3837311633343745
Chronos2-ZS,NBX,2026-03-24,24.14,16.804185211658478,21.44037645349351,24,24,100.0,-2.6996235465064906
Chronos2-ZS,NBX,2026-03-25,15.58,9.607716232538223,12.258437424329577,13,24,54.166666666666664,-3.3215625756704235
Chronos2-ZS,NBX,2026-03-26,28.51,18.488527238368988,23.58942008008119,24,24,100.0,-4.920579919918811
Chronos2-ZS,NBX,2026-03-27,35.93,19.203790456056595,24.502020867170813,24,24,100.0,-11.427979132829186
Chronos2-ZS,NBX,2026-03-28,26.02,18.42390802502632,23.506972746708893,24,24,100.0,-2.5130272532911064
Chronos2-ZS,NBX,2026-03-29,20.26,17.412858337163925,22.216979471348093,24,24,100.0,1.9569794713480917
Chronos2-ZS,NBX,2026-03-30,21.27,19.309965401887894,24.637488953238623,24,24,100.0,3.367488953238624
Chronos2-ZS,NBX,2026-03-31,16.91,18.208088994026184,23.23161031692201,24,24,100.0,6.321610316922008
Chronos2-ZS,NBX,2026-04-01,19.669999999999998,16.986332267522812,21.67277697743664,24,24,100.0,2.0027769774366426
Chronos2-ZS,NBX,2026-04-02,17.13,17.353599905967712,22.14137193329211,24,24,100.0,5.011371933292111
Chronos2-ZS,NBX,2026-04-03,19.95,17.137336313724518,21.865442290023122,24,24,100.0,1.9154422900231225
Chronos2-ZS,NBX,2026-04-04,15.7,15.746170103549957,20.09046023169465,24,24,100.0,4.39046023169465
Chronos2-ZS,NBX,2026-04-05,15.23,14.928142726421356,19.04674316395292,24,24,100.0,3.8167431639529212
Chronos2-ZS,NBX,2026-04-06,16.73,15.709738343954086,20.043977130564777,24,24,100.0,3.3139771305647763
Chronos2-ZS,NBX,2026-04-07,13.8,16.83982041478157,21.485843232175867,24,24,100.0,7.685843232175866
Chronos2-ZS,NBX,2026-04-08,19.46,15.101029574871063,19.26732863524659,24,24,100.0,-0.19267136475341218
Chronos2-ZS,NBX,2026-04-09,21.01,17.346871078014374,22.132786655125198,24,24,100.0,1.1227866551251964
Chronos2-ZS,NBX,2026-04-10,16.09,18.111050605773926,23.107799519292545,24,24,100.0,7.017799519292545
Chronos2-ZS,NBX,2026-04-11,13.43,15.196939826011658,19.38970004833818,24,24,100.0,5.959700048338181
Chronos2-ZS,NBX,2026-04-12,12.56,13.726295173168182,17.51331183973848,24,24,100.0,4.953311839738481
Chronos2-ZS,NBX,2026-04-13,13.12,14.128178209066391,18.0260724092871,24,24,100.0,4.9060724092871
Chronos2-ZS,NBX,2026-04-14,13.57,12.197279810905457,15.562448732889154,24,24,100.0,1.9924487328891534
Chronos2-ZS,NBX,2026-04-15,18.22,12.728473335504532,16.24019591275008,24,24,100.0,-1.9798040872499172
Chronos2-ZS,NBX,2026-04-16,14.55,12.76885610818863,16.291720091856497,21,24,87.5,1.7417200918564966
Chronos2-ZS,NBX,2026-04-17,14.27,14.58169138431549,18.6047076172122,24,24,100.0,4.334707617212199
Chronos2-ZS,NBX,2026-04-18,16.83,12.049554824829102,15.37396715683114,24,24,100.0,-1.4560328431688578
Chronos2-ZS,NBX,2026-04-19,18.73,12.86913913488388,16.419670707560865,24,24,100.0,-2.3103292924391354
Chronos2-ZS,NBX,2026-04-20,15.51,15.673419177532196,19.99763768650639,24,24,100.0,4.487637686506391
Chronos2-ZS,NBX,2026-04-21,18.36,15.75828167796135,20.105913329333955,24,24,100.0,1.7459133293339555
Chronos2-ZS,NBX,2026-04-22,20.98,16.453758418560028,20.993268648575445,24,24,100.0,0.013268648575444075
Chronos2-ZS,NEW_BLOCK,2026-03-09,3.5,4.100541204214096,4.172875174675883,24,24,100.0,0.672875174675883
Chronos2-ZS,NEW_BLOCK,2026-03-10,3.7,3.9149720668792725,3.984032578587663,24,24,100.0,0.28403257858766295
Chronos2-ZS,NEW_BLOCK,2026-03-11,2.93,3.9744546115398407,4.044564401481077,24,24,100.0,1.114564401481077
Chronos2-ZS,NEW_BLOCK,2026-03-12,3.94,3.8083344772458076,3.8755138908565288,24,24,100.0,-0.06448610914347119
Chronos2-ZS,NEW_BLOCK,2026-03-13,3.66,4.028112970292568,4.09916929922555,24,24,100.0,0.4391692992255498
Chronos2-ZS,NEW_BLOCK,2026-03-14,4.19,3.9751654639840126,4.045287793435802,24,24,100.0,-0.1447122065641988
Chronos2-ZS,NEW_BLOCK,2026-03-15,3.58,4.079499736428261,4.151462533224549,24,24,100.0,0.5714625332245493
Chronos2-ZS,NEW_BLOCK,2026-03-16,2.55,2.401078522205353,2.443433795388108,16,24,66.66666666666667,-0.10656620461189181
Chronos2-ZS,NEW_BLOCK,2026-03-17,3.8,3.821109987795353,3.8885147627319827,24,24,100.0,0.08851476273198289
Chronos2-ZS,NEW_BLOCK,2026-03-18,3.83,3.779787190258503,3.8464630267775997,24,24,100.0,0.016463026777599588
Chronos2-ZS,NEW_BLOCK,2026-03-19,2.69,3.810498096048832,3.8777156761187577,24,24,100.0,1.1877156761187577
Chronos2-ZS,NEW_BLOCK,2026-03-20,2.63,3.6269814744591713,3.690961802365487,24,24,100.0,1.0609618023654872
Chronos2-ZS,NEW_BLOCK,2026-03-21,2.58,3.24058186262846,3.297746061463841,24,24,100.0,0.7177460614638411
Chronos2-ZS,NEW_BLOCK,2026-03-22,3.16,2.995835468173027,3.04868231532591,24,24,100.0,-0.11131768467408998
Chronos2-ZS,NEW_BLOCK,2026-03-23,3.89,3.3881466388702393,3.447913895603174,24,24,100.0,-0.44208610439682605
Chronos2-ZS,NEW_BLOCK,2026-03-24,4.3,3.7731770798563957,3.8397363133451208,24,24,100.0,-0.46026368665487905
Chronos2-ZS,NEW_BLOCK,2026-03-25,1.89,2.0109832286834717,2.046457180588466,13,24,54.166666666666664,0.15645718058846625
Chronos2-ZS,NEW_BLOCK,2026-03-26,3.72,3.8223100751638412,3.88973601976563,24,24,100.0,0.1697360197656299
Chronos2-ZS,NEW_BLOCK,2026-03-27,4.49,3.862730883061886,3.9308698548907963,24,24,100.0,-0.5591301451092039
Chronos2-ZS,NEW_BLOCK,2026-03-28,4.39,4.019536547362804,4.09044158730929,24,24,100.0,-0.2995584126907094
Chronos2-ZS,NEW_BLOCK,2026-03-29,4.42,3.99286887049675,4.06330348986833,24,24,100.0,-0.3566965101316697
Chronos2-ZS,NEW_BLOCK,2026-03-30,4.31,4.102510392665863,4.174879099815373,24,24,100.0,-0.13512090018462697
Chronos2-ZS,NEW_BLOCK,2026-03-31,4.37,4.193819604814053,4.267799015898844,24,24,100.0,-0.10220098410115597
Chronos2-ZS,NEW_BLOCK,2026-04-01,4.72,4.175685167312622,4.249344685046453,24,24,100.0,-0.4706553149535466
Chronos2-ZS,NEW_BLOCK,2026-04-02,4.1,4.209879018366337,4.28414171916526,24,24,100.0,0.18414171916526012
Chronos2-ZS,NEW_BLOCK,2026-04-03,4.54,4.060514062643051,4.132141950192394,24,24,100.0,-0.4078580498076061
Chronos2-ZS,NEW_BLOCK,2026-04-04,4.32,4.23194382339716,4.306595749636301,24,24,100.0,-0.013404250363699077
Chronos2-ZS,NEW_BLOCK,2026-04-05,4.07,4.228251062333584,4.302837847886072,24,24,100.0,0.23283784788607154
Chronos2-ZS,NEW_BLOCK,2026-04-06,4.36,4.048422612249851,4.119837205365112,24,24,100.0,-0.24016279463488832
Chronos2-ZS,NEW_BLOCK,2026-04-07,4.53,4.08586123585701,4.157936250160417,24,24,100.0,-0.3720637498395831
Chronos2-ZS,NEW_BLOCK,2026-04-08,4.15,4.1419284120202065,4.21499245710333,24,24,100.0,0.06499245710332957
Chronos2-ZS,NEW_BLOCK,2026-04-09,4.01,4.11925096064806,4.191914973146213,24,24,100.0,0.1819149731462133
Chronos2-ZS,NEW_BLOCK,2026-04-10,4.2700000000000005,4.1492758467793465,4.2224695013706715,24,24,100.0,-0.04753049862932901
Chronos2-ZS,NEW_BLOCK,2026-04-11,4.26,4.103911317884922,4.176304737500023,24,24,100.0,-0.08369526249997694
Chronos2-ZS,NEW_BLOCK,2026-04-12,4.08,4.122134380042553,4.194849256356705,24,24,100.0,0.11484925635670518
Chronos2-ZS,NEW_BLOCK,2026-04-13,4.08,4.042156957089901,4.113461023400847,24,24,100.0,0.03346102340084656
Chronos2-ZS,NEW_BLOCK,2026-04-14,3.92,4.079556256532669,4.151520050349439,24,24,100.0,0.231520050349439
Chronos2-ZS,NEW_BLOCK,2026-04-15,3.81,3.989125184714794,4.059493765082427,24,24,100.0,0.24949376508242738
Chronos2-ZS,NEW_BLOCK,2026-04-16,4.33,4.0737878531217575,4.1456498917064355,24,24,100.0,-0.18435010829356457
Chronos2-ZS,NEW_BLOCK,2026-04-17,4.12,4.095222853124142,4.167463007323272,24,24,100.0,0.047463007323272244
Chronos2-ZS,NEW_BLOCK,2026-04-18,3.9,4.046955369412899,4.118344080212938,24,24,100.0,0.21834408021293816
Chronos2-ZS,NEW_BLOCK,2026-04-19,3.92,3.9703943952918053,4.040432562598973,24,24,100.0,0.12043256259897284
Chronos2-ZS,NEW_BLOCK,2026-04-20,3.97,3.962627649307251,4.032528810412883,24,24,100.0,0.0625288104128825
Chronos2-ZS,NEW_BLOCK,2026-04-21,3.15,4.002999827265739,4.0736131577613355,24,24,100.0,0.9236131577613356
Chronos2-ZS,NEW_BLOCK,2026-04-22,4.57,3.7320795357227325,3.7979138042872274,24,24,100.0,-0.7720861957127729
Chronos2-ZS,NEW_BLOCK_RO,2026-03-09,0.0,0.0013754308456555009,0.0013754308456555009,24,24,100.0,0.0013754308456555009
Chronos2-ZS,NEW_BLOCK_RO,2026-03-10,0.0,0.0013512913137674332,0.0013512913137674332,24,24,100.0,0.0013512913137674332
Chronos2-ZS,NEW_BLOCK_RO,2026-03-11,0.0,0.001369020901620388,0.001369020901620388,24,24,100.0,0.001369020901620388
Chronos2-ZS,NEW_BLOCK_RO,2026-03-12,0.0,0.0013724684249609709,0.0013724684249609709,24,24,100.0,0.0013724684249609709
Chronos2-ZS,NEW_BLOCK_RO,2026-03-13,0.0,0.0015814998769201338,0.0015814998769201338,24,24,100.0,0.0015814998769201338
Chronos2-ZS,NEW_BLOCK_RO,2026-03-14,0.0,0.00148751528467983,0.00148751528467983,24,24,100.0,0.00148751528467983
Chronos2-ZS,NEW_BLOCK_RO,2026-03-15,0.0,0.001175539568066597,0.001175539568066597,24,24,100.0,0.001175539568066597
Chronos2-ZS,NEW_BLOCK_RO,2026-03-16,0.0,0.0004280971479602158,0.0004280971479602158,15,24,62.5,0.0004280971479602158
Chronos2-ZS,NEW_BLOCK_RO,2026-03-17,0.04,0.0009790999465622008,0.0009790999465622008,24,24,100.0,-0.0390209000534378
Chronos2-ZS,NEW_BLOCK_RO,2026-03-18,0.02,0.0009882501908577979,0.0009882501908577979,24,24,100.0,-0.019011749809142203
Chronos2-ZS,NEW_BLOCK_RO,2026-03-19,0.02,0.0022568488493561745,0.0022568488493561745,24,24,100.0,-0.017743151150643826
Chronos2-ZS,NEW_BLOCK_RO,2026-03-20,0.02,0.0011641635792329907,0.0011641635792329907,24,24,100.0,-0.01883583642076701
Chronos2-ZS,NEW_BLOCK_RO,2026-03-21,0.01,0.0018820790573954582,0.0018820790573954582,24,24,100.0,-0.008117920942604542
Chronos2-ZS,NEW_BLOCK_RO,2026-03-22,0.0,0.0011969616170972586,0.0011969616170972586,24,24,100.0,0.0011969616170972586
Chronos2-ZS,NEW_BLOCK_RO,2026-03-23,0.0,0.002404776052571833,0.002404776052571833,24,24,100.0,0.002404776052571833
Chronos2-ZS,NEW_BLOCK_RO,2026-03-24,0.0,0.0011386829428374767,0.0011386829428374767,24,24,100.0,0.0011386829428374767
Chronos2-ZS,NEW_BLOCK_RO,2026-03-25,0.0,0.0008615716942586005,0.0008615716942586005,13,24,54.166666666666664,0.0008615716942586005
Chronos2-ZS,NEW_BLOCK_RO,2026-03-26,0.0,0.0018499449361115694,0.0018499449361115694,24,24,100.0,0.0018499449361115694
Chronos2-ZS,NEW_BLOCK_RO,2026-03-27,0.0,0.002029607305303216,0.002029607305303216,24,24,100.0,0.002029607305303216
Chronos2-ZS,NEW_BLOCK_RO,2026-03-28,0.03,0.001842332014348358,0.001842332014348358,24,24,100.0,-0.02815766798565164
Chronos2-ZS,NEW_BLOCK_RO,2026-03-29,0.02,0.0019445517100393772,0.0019445517100393772,24,24,100.0,-0.018055448289960623
Chronos2-ZS,NEW_BLOCK_RO,2026-03-30,0.01,0.0024472103687003255,0.0024472103687003255,24,24,100.0,-0.007552789631299675
Chronos2-ZS,NEW_BLOCK_RO,2026-03-31,0.0,0.0029236049740575254,0.0029236049740575254,24,24,100.0,0.0029236049740575254
Chronos2-ZS,NEW_BLOCK_RO,2026-04-01,0.0,0.0022987842094153166,0.0022987842094153166,24,24,100.0,0.0022987842094153166
Chronos2-ZS,NEW_BLOCK_RO,2026-04-02,0.01,0.0028577708872035146,0.0028577708872035146,24,24,100.0,-0.007142229112796486
Chronos2-ZS,NEW_BLOCK_RO,2026-04-03,0.01,0.0021345423301681876,0.0021345423301681876,24,24,100.0,-0.007865457669831813
Chronos2-ZS,NEW_BLOCK_RO,2026-04-04,0.0,0.0026407516561448574,0.0026407516561448574,24,24,100.0,0.0026407516561448574
Chronos2-ZS,NEW_BLOCK_RO,2026-04-05,0.0,0.0022257689852267504,0.0022257689852267504,24,24,100.0,0.0022257689852267504
Chronos2-ZS,NEW_BLOCK_RO,2026-04-06,0.02,0.0028711800696328282,0.0028711800696328282,24,24,100.0,-0.017128819930367172
Chronos2-ZS,NEW_BLOCK_RO,2026-04-07,0.01,0.0021271099685691297,0.0021271099685691297,24,24,100.0,-0.00787289003143087
Chronos2-ZS,NEW_BLOCK_RO,2026-04-08,0.02,0.002657019183970988,0.002657019183970988,24,24,100.0,-0.017342980816029013
Chronos2-ZS,NEW_BLOCK_RO,2026-04-09,0.02,0.0018756214412860572,0.0018756214412860572,24,24,100.0,-0.018124378558713943
Chronos2-ZS,NEW_BLOCK_RO,2026-04-10,0.02,0.0021776070934720337,0.0021776070934720337,24,24,100.0,-0.017822392906527967
Chronos2-ZS,NEW_BLOCK_RO,2026-04-11,0.0,0.0020764992223121226,0.0020764992223121226,24,24,100.0,0.0020764992223121226
Chronos2-ZS,NEW_BLOCK_RO,2026-04-12,0.0,0.0027266101096756756,0.0027266101096756756,24,24,100.0,0.0027266101096756756
Chronos2-ZS,NEW_BLOCK_RO,2026-04-13,0.01,0.0022122708032839,0.0022122708032839,24,24,100.0,-0.0077877291967161
Chronos2-ZS,NEW_BLOCK_RO,2026-04-14,0.01,0.002292142016813159,0.002292142016813159,24,24,100.0,-0.007707857983186841
Chronos2-ZS,NEW_BLOCK_RO,2026-04-15,0.0,0.002097382501233369,0.002097382501233369,24,24,100.0,0.002097382501233369
Chronos2-ZS,NEW_BLOCK_RO,2026-04-16,0.01,0.002596301434095949,0.002596301434095949,24,24,100.0,-0.007403698565904051
Chronos2-ZS,NEW_BLOCK_RO,2026-04-17,0.01,0.002227535587735474,0.002227535587735474,24,24,100.0,-0.007772464412264526
Chronos2-ZS,NEW_BLOCK_RO,2026-04-18,0.0,0.0026230020448565483,0.0026230020448565483,24,24,100.0,0.0026230020448565483
Chronos2-ZS,NEW_BLOCK_RO,2026-04-19,0.02,0.0018648954574018717,0.0018648954574018717,24,24,100.0,-0.01813510454259813
Chronos2-ZS,NEW_BLOCK_RO,2026-04-20,0.01,0.0022500737686641514,0.0022500737686641514,24,24,100.0,-0.007749926231335849
Chronos2-ZS,NEW_BLOCK_RO,2026-04-21,0.01,0.002003115543629974,0.002003115543629974,24,24,100.0,-0.007996884456370026
Chronos2-ZS,NEW_BLOCK_RO,2026-04-22,0.0,0.002016304526478052,0.002016304526478052,24,24,100.0,0.002016304526478052
Chronos2-ZS,TECH_PARK,2026-03-09,13.62,9.932191714644432,11.94570761988127,24,24,100.0,-1.6742923801187288
Chronos2-ZS,TECH_PARK,2026-03-10,12.42,13.051430657505989,15.697298152817902,24,24,100.0,3.2772981528179024
Chronos2-ZS,TECH_PARK,2026-03-11,14.87,12.361282020807266,14.867238276294692,24,24,100.0,-0.0027617237053068067
Chronos2-ZS,TECH_PARK,2026-03-12,15.95,12.610276952385902,15.166711014732183,24,24,100.0,-0.7832889852678164
Chronos2-ZS,TECH_PARK,2026-03-13,14.65,13.922218590974808,16.744617651977563,24,24,100.0,2.094617651977563
Chronos2-ZS,TECH_PARK,2026-03-14,7.96,7.282564729452133,8.758931712184467,24,24,100.0,0.7989317121844666
Chronos2-ZS,TECH_PARK,2026-03-15,3.62,3.0889587700366974,3.715171774455367,24,24,100.0,0.09517177445536706
Chronos2-ZS,TECH_PARK,2026-03-16,10.98,10.654377520084381,12.81429943998217,16,24,66.66666666666667,1.8342994399821695
Chronos2-ZS,TECH_PARK,2026-03-17,11.68,13.665556281805038,16.435923157300724,24,24,100.0,4.755923157300725
Chronos2-ZS,TECH_PARK,2026-03-18,9.98,12.22416239976883,14.702320909722019,24,24,100.0,4.7223209097220185
Chronos2-ZS,TECH_PARK,2026-03-19,4.96,12.48433655500412,15.015239193821174,24,24,100.0,10.055239193821173
Chronos2-ZS,TECH_PARK,2026-03-20,8.95,6.568835347890854,7.900510654999411,24,24,100.0,-1.0494893450005884
Chronos2-ZS,TECH_PARK,2026-03-21,3.88,5.7588309943675995,6.9262971625480985,24,24,100.0,3.0462971625480986
Chronos2-ZS,TECH_PARK,2026-03-22,2.72,2.4134066104888916,2.9026674640483496,24,24,100.0,0.18266746404834944
Chronos2-ZS,TECH_PARK,2026-03-23,10.18,10.861211270093918,13.06306381893536,24,24,100.0,2.8830638189353603
Chronos2-ZS,TECH_PARK,2026-03-24,9.83,11.423029780387878,13.738777684739366,24,24,100.0,3.9087776847393663
Chronos2-ZS,TECH_PARK,2026-03-25,5.81,5.894705504179001,7.089717001173293,13,24,54.166666666666664,1.2797170011732932
Chronos2-ZS,TECH_PARK,2026-03-26,11.45,11.352019637823105,13.653371922799215,24,24,100.0,2.2033719227992155
Chronos2-ZS,TECH_PARK,2026-03-27,13.96,11.437204509973526,13.755826003991135,24,24,100.0,-0.20417399600886554
Chronos2-ZS,TECH_PARK,2026-03-28,10.09,6.47232460975647,7.784434657570524,24,24,100.0,-2.3055653424294755
Chronos2-ZS,TECH_PARK,2026-03-29,4.29,3.392056256532669,4.079715075473536,24,24,100.0,-0.21028492452646397
Chronos2-ZS,TECH_PARK,2026-03-30,12.35,13.078306958079338,15.729622984816451,24,24,100.0,3.379622984816452
Chronos2-ZS,TECH_PARK,2026-03-31,15.93,12.162357717752457,14.627986796756927,24,24,100.0,-1.3020132032430727
Chronos2-ZS,TECH_PARK,2026-04-01,13.16,12.424642160534859,14.943443179068032,24,24,100.0,1.7834431790680316
Chronos2-ZS,TECH_PARK,2026-04-02,9.040000000000001,12.818626523017883,15.417298510926777,24,24,100.0,6.377298510926776
Chronos2-ZS,TECH_PARK,2026-04-03,4.78,11.781127363443375,14.169471045224933,24,24,100.0,9.389471045224933
Chronos2-ZS,TECH_PARK,2026-04-04,7.7,4.753763020038605,5.7174755344135955,24,24,100.0,-1.9825244655864047
Chronos2-ZS,TECH_PARK,2026-04-05,3.23,2.7810192704200745,3.344804857190882,24,24,100.0,0.11480485719088218
Chronos2-ZS,TECH_PARK,2026-04-06,14.07,11.60066731274128,13.952427006538317,24,24,100.0,-0.1175729934616836
Chronos2-ZS,TECH_PARK,2026-04-07,7.84,13.305886954069138,16.003339418241662,24,24,100.0,8.163339418241662
Chronos2-ZS,TECH_PARK,2026-04-08,14.05,10.461612612009048,12.58245602642361,24,24,100.0,-1.4675439735763902
Chronos2-ZS,TECH_PARK,2026-04-09,10.11,12.830791026353836,15.43192907831485,24,24,100.0,5.3219290783148505
Chronos2-ZS,TECH_PARK,2026-04-10,14.45,11.974812060594559,14.402420713242504,24,24,100.0,-0.0475792867574949
Chronos2-ZS,TECH_PARK,2026-04-11,5.7,8.431403189897537,10.14066987685567,24,24,100.0,4.44066987685567
Chronos2-ZS,TECH_PARK,2026-04-12,1.6800000000000002,2.8732165098190308,3.455692896494054,24,24,100.0,1.775692896494054
Chronos2-ZS,TECH_PARK,2026-04-13,12.66,11.43008442223072,13.747262487614579,24,24,100.0,1.0872624876145789
Chronos2-ZS,TECH_PARK,2026-04-14,3.73,11.891050785779953,14.301678829924999,24,24,100.0,10.571678829924998
Chronos2-ZS,TECH_PARK,2026-04-15,9.39,11.23155865073204,13.5084903324378,24,24,100.0,4.1184903324377995
Chronos2-ZS,TECH_PARK,2026-04-16,10.32,10.735907301306725,12.912357447396486,24,24,100.0,2.592357447396486
Chronos2-ZS,TECH_PARK,2026-04-17,14.08,11.376364976167679,13.682652700106662,24,24,100.0,-0.3973472998933385
Chronos2-ZS,TECH_PARK,2026-04-18,6.8100000000000005,6.309979185461998,7.5891775554358665,24,24,100.0,0.779177555435866
Chronos2-ZS,TECH_PARK,2026-04-19,3.83,3.1423005759716034,3.779327364270988,24,24,100.0,-0.05067263572901215
Chronos2-ZS,TECH_PARK,2026-04-20,8.94,13.088600412011147,15.742003191985308,24,24,100.0,6.802003191985309
Chronos2-ZS,TECH_PARK,2026-04-21,12.72,10.67498579621315,12.839085554493137,24,24,100.0,0.11908555449313596
Chronos2-ZS,TECH_PARK,2026-04-22,10.120000000000001,12.559871971607208,15.106087621601318,24,24,100.0,4.9860876216013175
NPTS,BE_BLOCK_OHT,2026-03-09,47.06,41.49,39.499143235864366,24,24,100.0,-7.560856764135636
NPTS,BE_BLOCK_OHT,2026-03-10,51.32,42.05,40.032272187710205,24,24,100.0,-11.287727812289795
NPTS,BE_BLOCK_OHT,2026-03-11,46.35,42.379999999999995,40.34643746290508,24,24,100.0,-6.003562537094922
NPTS,BE_BLOCK_OHT,2026-03-12,42.4,40.57,38.62328852926048,24,24,100.0,-3.776711470739521
NPTS,BE_BLOCK_OHT,2026-03-13,39.0,42.03,40.01323186800143,24,24,100.0,1.0132318680014265
NPTS,BE_BLOCK_OHT,2026-03-14,33.69,42.18,40.156034265817276,24,24,100.0,6.466034265817278
NPTS,BE_BLOCK_OHT,2026-03-15,21.87,40.06,38.137760376686586,24,24,100.0,16.267760376686585
NPTS,BE_BLOCK_OHT,2026-03-16,19.19,25.720000000000002,24.48585114549124,14,24,58.333333333333336,5.295851145491238
NPTS,BE_BLOCK_OHT,2026-03-17,36.19,41.43,39.44202227673802,24,24,100.0,3.2520222767380247
NPTS,BE_BLOCK_OHT,2026-03-18,40.11,40.93,38.96601428401852,24,24,100.0,-1.1439857159814792
NPTS,BE_BLOCK_OHT,2026-03-19,25.88,40.49,38.547127250425355,24,24,100.0,12.667127250425356
NPTS,BE_BLOCK_OHT,2026-03-20,35.96,38.62,36.766857357654416,24,24,100.0,0.8068573576544154
NPTS,BE_BLOCK_OHT,2026-03-21,16.07,39.87,37.95687733945317,24,24,100.0,21.88687733945317
NPTS,BE_BLOCK_OHT,2026-03-22,13.57,38.09,36.262288885371746,24,24,100.0,22.692288885371745
NPTS,BE_BLOCK_OHT,2026-03-23,42.75,36.44,34.69146250939738,24,24,100.0,-8.058537490602617
NPTS,BE_BLOCK_OHT,2026-03-24,38.89,36.76,34.99610762473787,24,24,100.0,-3.8938923752621335
NPTS,BE_BLOCK_OHT,2026-03-25,23.46,21.95,20.896750880386183,13,24,54.166666666666664,-2.5632491196138183
NPTS,BE_BLOCK_OHT,2026-03-26,69.67,37.77,35.95764377003126,24,24,100.0,-33.71235622996874
NPTS,BE_BLOCK_OHT,2026-03-27,47.07,38.26,36.424131602896374,24,24,100.0,-10.645868397103627
NPTS,BE_BLOCK_OHT,2026-03-28,48.38,38.65,36.795417837217585,24,24,100.0,-11.584582162782418
NPTS,BE_BLOCK_OHT,2026-03-29,35.89,39.76,37.85215558105488,24,24,100.0,1.9621555810548799
NPTS,BE_BLOCK_OHT,2026-03-30,64.01,38.07,36.24324856566296,24,24,100.0,-27.766751434337046
NPTS,BE_BLOCK_OHT,2026-03-31,48.9,39.61,37.70935318323903,24,24,100.0,-11.190646816760967
NPTS,BE_BLOCK_OHT,2026-04-01,37.800000000000004,40.48,38.537607090570965,24,24,100.0,0.7376070905709611
NPTS,BE_BLOCK_OHT,2026-04-02,42.96,39.29,37.404708067898554,24,24,100.0,-5.555291932101447
NPTS,BE_BLOCK_OHT,2026-04-03,34.88,41.54,39.546744035136314,24,24,100.0,4.666744035136311
NPTS,BE_BLOCK_OHT,2026-04-04,46.78,39.72,37.81407494163732,24,24,100.0,-8.965925058362679
NPTS,BE_BLOCK_OHT,2026-04-05,31.39,40.96,38.99457476358169,24,24,100.0,7.604574763581688
NPTS,BE_BLOCK_OHT,2026-04-06,44.87,39.46,37.56655078542318,24,24,100.0,-7.3034492145768155
NPTS,BE_BLOCK_OHT,2026-04-07,44.28,42.89,40.83196561547897,24,24,100.0,-3.44803438452103
NPTS,BE_BLOCK_OHT,2026-04-08,43.76,40.37,38.43288533217268,24,24,100.0,-5.327114667827317
NPTS,BE_BLOCK_OHT,2026-04-09,41.69,40.13,38.20440149566732,24,24,100.0,-3.4855985043326783
NPTS,BE_BLOCK_OHT,2026-04-10,50.27,39.45,37.55703062556879,24,24,100.0,-12.71296937443121
NPTS,BE_BLOCK_OHT,2026-04-11,57.52,40.68,38.72801028765877,24,24,100.0,-18.791989712341234
NPTS,BE_BLOCK_OHT,2026-04-12,33.46,41.33,39.34682067819412,24,24,100.0,5.88682067819412
NPTS,BE_BLOCK_OHT,2026-04-13,46.93,39.69,37.785514462074154,24,24,100.0,-9.144485537925846
NPTS,BE_BLOCK_OHT,2026-04-14,45.53,39.93,38.013998298579516,24,24,100.0,-7.516001701420485
NPTS,BE_BLOCK_OHT,2026-04-15,53.9,40.32,38.38528453290073,24,24,100.0,-15.514715467099272
NPTS,BE_BLOCK_OHT,2026-04-16,57.38,40.2,38.271042614648046,24,24,100.0,-19.108957385351957
NPTS,BE_BLOCK_OHT,2026-04-17,38.49,40.09,38.166320856249754,24,24,100.0,-0.32367914375024753
NPTS,BE_BLOCK_OHT,2026-04-18,35.75,39.11,37.23334519051953,24,24,100.0,1.483345190519529
NPTS,BE_BLOCK_OHT,2026-04-19,45.81,40.9,38.93745380445535,24,24,100.0,-6.8725461955446505
NPTS,BE_BLOCK_OHT,2026-04-20,47.88,40.24,38.309123254065604,24,24,100.0,-9.570876745934399
NPTS,BE_BLOCK_OHT,2026-04-21,42.81,41.17,39.19449812052388,24,24,100.0,-3.6155018794761205
NPTS,BE_BLOCK_OHT,2026-04-22,32.72,40.54,38.59472804969731,24,24,100.0,5.87472804969731
NPTS,BE_BLOCK_RO,2026-03-09,0.18,0.08,0.16,24,24,100.0,-0.01999999999999999
NPTS,BE_BLOCK_RO,2026-03-10,0.19,0.05,0.1,24,24,100.0,-0.09
NPTS,BE_BLOCK_RO,2026-03-11,0.0,0.08,0.16,24,24,100.0,0.16
NPTS,BE_BLOCK_RO,2026-03-12,0.0,0.05,0.1,24,24,100.0,0.1
NPTS,BE_BLOCK_RO,2026-03-13,0.0,0.07,0.14,24,24,100.0,0.14
NPTS,BE_BLOCK_RO,2026-03-14,0.11,0.05,0.1,13,24,54.166666666666664,-0.009999999999999995
NPTS,BE_BLOCK_RO,2026-03-15,0.44,0.05,0.1,19,24,79.16666666666667,-0.33999999999999997
NPTS,BE_BLOCK_RO,2026-03-16,0.79,0.05,0.1,16,24,66.66666666666667,-0.6900000000000001
NPTS,BE_BLOCK_RO,2026-03-17,0.67,0.05,0.1,24,24,100.0,-0.5700000000000001
NPTS,BE_BLOCK_RO,2026-03-18,0.88,0.06,0.12,24,24,100.0,-0.76
NPTS,BE_BLOCK_RO,2026-03-19,0.16,0.06,0.12,24,24,100.0,-0.04000000000000001
NPTS,BE_BLOCK_RO,2026-03-20,0.97,0.06,0.12,24,24,100.0,-0.85
NPTS,BE_BLOCK_RO,2026-03-21,0.18,0.06,0.12,24,24,100.0,-0.06
NPTS,BE_BLOCK_RO,2026-03-22,0.02,0.07,0.14,24,24,100.0,0.12000000000000001
NPTS,BE_BLOCK_RO,2026-03-23,1.3499999999999999,0.06,0.12,24,24,100.0,-1.23
NPTS,BE_BLOCK_RO,2026-03-24,0.51,0.07,0.14,24,24,100.0,-0.37
NPTS,BE_BLOCK_RO,2026-03-25,0.29000000000000004,0.08,0.16,13,24,54.166666666666664,-0.13000000000000003
NPTS,BE_BLOCK_RO,2026-03-26,0.53,0.07,0.14,24,24,100.0,-0.39
NPTS,BE_BLOCK_RO,2026-03-27,0.29,0.06,0.12,24,24,100.0,-0.16999999999999998
NPTS,BE_BLOCK_RO,2026-03-28,0.22,0.08,0.16,24,24,100.0,-0.06
NPTS,BE_BLOCK_RO,2026-03-29,0.02,0.07,0.14,24,24,100.0,0.12000000000000001
NPTS,BE_BLOCK_RO,2026-03-30,0.27,0.09,0.18,24,24,100.0,-0.09000000000000002
NPTS,BE_BLOCK_RO,2026-03-31,0.32,0.08,0.16,24,24,100.0,-0.16
NPTS,BE_BLOCK_RO,2026-04-01,0.25,0.09,0.18,24,24,100.0,-0.07
NPTS,BE_BLOCK_RO,2026-04-02,0.38,0.09,0.18,24,24,100.0,-0.2
NPTS,BE_BLOCK_RO,2026-04-03,0.17,0.16999999999999998,0.33999999999999997,24,24,100.0,0.16999999999999996
NPTS,BE_BLOCK_RO,2026-04-04,0.05,0.15,0.3,24,24,100.0,0.25
NPTS,BE_BLOCK_RO,2026-04-05,0.02,0.11,0.22,24,24,100.0,0.2
NPTS,BE_BLOCK_RO,2026-04-06,0.45,0.1,0.2,24,24,100.0,-0.25
NPTS,BE_BLOCK_RO,2026-04-07,0.49,0.13,0.26,24,24,100.0,-0.22999999999999998
NPTS,BE_BLOCK_RO,2026-04-08,0.37,0.09,0.18,24,24,100.0,-0.19
NPTS,BE_BLOCK_RO,2026-04-09,0.33,0.16,0.32,24,24,100.0,-0.010000000000000009
NPTS,BE_BLOCK_RO,2026-04-10,0.39,0.18,0.36,24,24,100.0,-0.030000000000000027
NPTS,BE_BLOCK_RO,2026-04-11,0.15,0.17,0.34,24,24,100.0,0.19000000000000003
NPTS,BE_BLOCK_RO,2026-04-12,0.06,0.18,0.36,24,24,100.0,0.3
NPTS,BE_BLOCK_RO,2026-04-13,0.36,0.16,0.32,24,24,100.0,-0.03999999999999998
NPTS,BE_BLOCK_RO,2026-04-14,0.07,0.16,0.32,24,24,100.0,0.25
NPTS,BE_BLOCK_RO,2026-04-15,0.36,0.14,0.28,24,24,100.0,-0.07999999999999996
NPTS,BE_BLOCK_RO,2026-04-16,0.4,0.17,0.34,24,24,100.0,-0.06
NPTS,BE_BLOCK_RO,2026-04-17,0.35000000000000003,0.17,0.34,24,24,100.0,-0.010000000000000009
NPTS,BE_BLOCK_RO,2026-04-18,0.14,0.2,0.4,24,24,100.0,0.26
NPTS,BE_BLOCK_RO,2026-04-19,0.04,0.18,0.36,24,24,100.0,0.32
NPTS,BE_BLOCK_RO,2026-04-20,0.36000000000000004,0.17,0.34,24,24,100.0,-0.020000000000000018
NPTS,BE_BLOCK_RO,2026-04-21,0.4,0.18,0.36,24,24,100.0,-0.040000000000000036
NPTS,BE_BLOCK_RO,2026-04-22,0.3,0.18,0.36,24,24,100.0,0.06
NPTS,CRICKET_GROUND_OHT,2026-03-09,0.1,0.09,0.18,24,24,100.0,0.07999999999999999
NPTS,CRICKET_GROUND_OHT,2026-03-10,0.16000000000000003,0.06,0.12,24,24,100.0,-0.040000000000000036
NPTS,CRICKET_GROUND_OHT,2026-03-11,0.25,0.08,0.16,24,24,100.0,-0.09
NPTS,CRICKET_GROUND_OHT,2026-03-12,0.16,0.06,0.12,24,24,100.0,-0.04000000000000001
NPTS,CRICKET_GROUND_OHT,2026-03-13,0.1,0.05,0.1,24,24,100.0,0.0
NPTS,CRICKET_GROUND_OHT,2026-03-14,0.0,0.04,0.08,24,24,100.0,0.08
NPTS,CRICKET_GROUND_OHT,2026-03-15,0.19,0.03,0.06,24,24,100.0,-0.13
NPTS,CRICKET_GROUND_OHT,2026-03-16,0.11000000000000001,0.03,0.06,15,24,62.5,-0.05000000000000002
NPTS,CRICKET_GROUND_OHT,2026-03-17,0.19,0.04,0.08,24,24,100.0,-0.11
NPTS,CRICKET_GROUND_OHT,2026-03-18,0.12,0.03,0.06,24,24,100.0,-0.06
NPTS,CRICKET_GROUND_OHT,2026-03-19,0.11,0.04,0.08,24,24,100.0,-0.03
NPTS,CRICKET_GROUND_OHT,2026-03-20,0.16,0.04,0.08,24,24,100.0,-0.08
NPTS,CRICKET_GROUND_OHT,2026-03-21,0.07,0.02,0.04,24,24,100.0,-0.030000000000000006
NPTS,CRICKET_GROUND_OHT,2026-03-22,0.06,0.01,0.02,24,24,100.0,-0.039999999999999994
NPTS,CRICKET_GROUND_OHT,2026-03-23,0.11,0.03,0.06,24,24,100.0,-0.05
NPTS,CRICKET_GROUND_OHT,2026-03-24,0.8400000000000001,0.01,0.02,24,24,100.0,-0.8200000000000001
NPTS,CRICKET_GROUND_OHT,2026-03-25,0.03,0.0,0.0,13,24,54.166666666666664,-0.03
NPTS,CRICKET_GROUND_OHT,2026-03-26,0.02,0.01,0.02,24,24,100.0,0.0
NPTS,CRICKET_GROUND_OHT,2026-03-27,0.1,0.02,0.04,24,24,100.0,-0.060000000000000005
NPTS,CRICKET_GROUND_OHT,2026-03-28,1.1600000000000001,0.0,0.0,24,24,100.0,-1.1600000000000001
NPTS,CRICKET_GROUND_OHT,2026-03-29,0.65,0.01,0.02,24,24,100.0,-0.63
NPTS,CRICKET_GROUND_OHT,2026-03-30,0.04,0.03,0.06,24,24,100.0,0.019999999999999997
NPTS,CRICKET_GROUND_OHT,2026-03-31,0.37,0.0,0.0,24,24,100.0,-0.37
NPTS,CRICKET_GROUND_OHT,2026-04-01,0.5700000000000001,0.0,0.0,24,24,100.0,-0.5700000000000001
NPTS,CRICKET_GROUND_OHT,2026-04-02,0.05,0.01,0.02,24,24,100.0,-0.030000000000000002
NPTS,CRICKET_GROUND_OHT,2026-04-03,0.1,0.0,0.0,24,24,100.0,-0.1
NPTS,CRICKET_GROUND_OHT,2026-04-04,0.33,0.01,0.02,24,24,100.0,-0.31
NPTS,CRICKET_GROUND_OHT,2026-04-05,0.13,0.0,0.0,24,24,100.0,-0.13
NPTS,CRICKET_GROUND_OHT,2026-04-06,0.28,0.0,0.0,24,24,100.0,-0.28
NPTS,CRICKET_GROUND_OHT,2026-04-07,0.05,0.01,0.02,24,24,100.0,-0.030000000000000002
NPTS,CRICKET_GROUND_OHT,2026-04-08,0.03,0.01,0.02,24,24,100.0,-0.009999999999999998
NPTS,CRICKET_GROUND_OHT,2026-04-09,0.14,0.0,0.0,24,24,100.0,-0.14
NPTS,CRICKET_GROUND_OHT,2026-04-10,0.1,0.0,0.0,24,24,100.0,-0.1
NPTS,CRICKET_GROUND_OHT,2026-04-11,0.16,0.0,0.0,24,24,100.0,-0.16
NPTS,CRICKET_GROUND_OHT,2026-04-12,0.04,0.0,0.0,24,24,100.0,-0.04
NPTS,CRICKET_GROUND_OHT,2026-04-13,0.04,0.01,0.02,24,24,100.0,-0.02
NPTS,CRICKET_GROUND_OHT,2026-04-14,0.02,0.01,0.02,24,24,100.0,0.0
NPTS,CRICKET_GROUND_OHT,2026-04-15,0.05,0.0,0.0,24,24,100.0,-0.05
NPTS,CRICKET_GROUND_OHT,2026-04-16,0.05,0.0,0.0,24,24,100.0,-0.05
NPTS,CRICKET_GROUND_OHT,2026-04-17,0.42,0.0,0.0,24,24,100.0,-0.42
NPTS,CRICKET_GROUND_OHT,2026-04-18,0.66,0.0,0.0,24,24,100.0,-0.66
NPTS,CRICKET_GROUND_OHT,2026-04-19,0.08,0.0,0.0,24,24,100.0,-0.08
NPTS,CRICKET_GROUND_OHT,2026-04-20,0.08,0.0,0.0,24,24,100.0,-0.08
NPTS,CRICKET_GROUND_OHT,2026-04-21,0.05,0.0,0.0,24,24,100.0,-0.05
NPTS,CRICKET_GROUND_OHT,2026-04-22,0.07,0.0,0.0,24,24,100.0,-0.07
NPTS,F_BLOCK,2026-03-09,21.21,15.12,23.684888186130564,24,24,100.0,2.4748881861305634
NPTS,F_BLOCK,2026-03-10,26.98,15.13,23.700552794719275,24,24,100.0,-3.279447205280725
NPTS,F_BLOCK,2026-03-11,19.37,15.05,23.57523592600959,24,24,100.0,4.205235926009589
NPTS,F_BLOCK,2026-03-12,23.529999999999998,15.22,23.84153427201767,24,24,100.0,0.31153427201767414
NPTS,F_BLOCK,2026-03-13,21.44,15.18,23.77887583766283,24,24,100.0,2.3388758376628296
NPTS,F_BLOCK,2026-03-14,13.27,15.34,24.029509575082198,24,24,100.0,10.759509575082198
NPTS,F_BLOCK,2026-03-15,8.290000000000001,15.17,23.76321122907412,24,24,100.0,15.473211229074119
NPTS,F_BLOCK,2026-03-16,15.61,12.48,19.549431518710943,15,24,62.5,3.9394315187109434
NPTS,F_BLOCK,2026-03-17,22.28,14.83,23.230614537057956,24,24,100.0,0.9506145370579553
NPTS,F_BLOCK,2026-03-18,26.59,14.74,23.08963305975956,24,24,100.0,-3.50036694024044
NPTS,F_BLOCK,2026-03-19,31.88,15.45,24.201820269558016,24,24,100.0,-7.6781797304419825
NPTS,F_BLOCK,2026-03-20,30.42,16.26,25.470653565243584,24,24,100.0,-4.949346434756418
NPTS,F_BLOCK,2026-03-21,8.86,15.81,24.765746178751602,24,24,100.0,15.905746178751603
NPTS,F_BLOCK,2026-03-22,10.67,16.37,25.642964259719403,24,24,100.0,14.972964259719403
NPTS,F_BLOCK,2026-03-23,14.21,16.080000000000002,25.18869061064679,24,24,100.0,10.97869061064679
NPTS,F_BLOCK,2026-03-24,13.549999999999999,15.06,23.5909005345983,24,24,100.0,10.040900534598302
NPTS,F_BLOCK,2026-03-25,8.0,9.51,14.897042767863867,13,24,54.166666666666664,6.8970427678638675
NPTS,F_BLOCK,2026-03-26,14.12,14.89,23.32460218859022,24,24,100.0,9.20460218859022
NPTS,F_BLOCK,2026-03-27,18.64,15.6,24.43678939838868,24,24,100.0,5.796789398388679
NPTS,F_BLOCK,2026-03-28,24.51,15.76,24.68742313580805,24,24,100.0,0.17742313580804847
NPTS,F_BLOCK,2026-03-29,1.39,15.88,24.875398438872576,24,24,100.0,23.485398438872576
NPTS,F_BLOCK,2026-03-30,16.69,15.53,24.3271371382677,24,24,100.0,7.6371371382677005
NPTS,F_BLOCK,2026-03-31,17.23,14.61,22.88599314810632,24,24,100.0,5.655993148106319
NPTS,F_BLOCK,2026-04-01,18.34,15.01,23.51257749165475,24,24,100.0,5.172577491654749
NPTS,F_BLOCK,2026-04-02,23.98,15.16,23.74754662048541,24,24,100.0,-0.23245337951459177
NPTS,F_BLOCK,2026-04-03,21.96,15.48,24.24881409532415,24,24,100.0,2.288814095324149
NPTS,F_BLOCK,2026-04-04,17.08,15.63,24.48378322415481,24,24,100.0,7.403783224154811
NPTS,F_BLOCK,2026-04-05,4.34,16.12,25.251349045001636,24,24,100.0,20.911349045001636
NPTS,F_BLOCK,2026-04-06,18.23,15.25,23.888528097783805,24,24,100.0,5.658528097783805
NPTS,F_BLOCK,2026-04-07,22.28,14.98,23.465583665888616,24,24,100.0,1.1855836658886147
NPTS,F_BLOCK,2026-04-08,18.39,15.42,24.154826443791887,24,24,100.0,5.764826443791886
NPTS,F_BLOCK,2026-04-09,20.9,14.92,23.37159601435635,24,24,100.0,2.4715960143563507
NPTS,F_BLOCK,2026-04-10,19.97,15.61,24.452454006977387,24,24,100.0,4.482454006977388
NPTS,F_BLOCK,2026-04-11,11.95,16.240000000000002,25.43932434806616,24,24,100.0,13.489324348066162
NPTS,F_BLOCK,2026-04-12,8.959999999999999,15.94,24.969386090404843,24,24,100.0,16.009386090404846
NPTS,F_BLOCK,2026-04-13,28.22,15.67,24.546441658509654,24,24,100.0,-3.673558341490345
NPTS,F_BLOCK,2026-04-14,17.03,15.01,23.512577491654746,24,24,100.0,6.4825774916547445
NPTS,F_BLOCK,2026-04-15,16.83,15.68,24.562106267098365,24,24,100.0,7.7321062670983665
NPTS,F_BLOCK,2026-04-16,17.76,15.62,24.468118615566098,24,24,100.0,6.708118615566097
NPTS,F_BLOCK,2026-04-17,19.49,15.17,23.76321122907412,24,24,100.0,4.273211229074121
NPTS,F_BLOCK,2026-04-18,13.9,16.15,25.298342870767765,24,24,100.0,11.398342870767765
NPTS,F_BLOCK,2026-04-19,7.109999999999999,16.13,25.267013653590343,24,24,100.0,18.157013653590344
NPTS,F_BLOCK,2026-04-20,20.21,15.549999999999999,24.358466355445124,24,24,100.0,4.148466355445123
NPTS,F_BLOCK,2026-04-21,17.93,15.76,24.68742313580805,24,24,100.0,6.75742313580805
NPTS,F_BLOCK,2026-04-22,19.18,15.62,24.468118615566098,24,24,100.0,5.288118615566098
NPTS,GJBC_BLOCK_1_A1_BOYS,2026-03-09,4.14,3.7600000000000002,3.515458646616541,24,24,100.0,-0.6245413533834587
NPTS,GJBC_BLOCK_1_A1_BOYS,2026-03-10,3.2600000000000002,3.6,3.3658646616541352,24,24,100.0,0.105864661654135
NPTS,GJBC_BLOCK_1_A1_BOYS,2026-03-11,3.7600000000000002,3.8200000000000003,3.5715563909774435,24,24,100.0,-0.18844360902255675
NPTS,GJBC_BLOCK_1_A1_BOYS,2026-03-12,3.79,3.65,3.412612781954887,24,24,100.0,-0.3773872180451132
NPTS,GJBC_BLOCK_1_A1_BOYS,2026-03-13,3.2800000000000002,3.63,3.3939135338345863,24,24,100.0,0.11391353383458602
NPTS,GJBC_BLOCK_1_A1_BOYS,2026-03-14,4.1000000000000005,3.67,3.431312030075188,24,24,100.0,-0.6686879699248127
NPTS,GJBC_BLOCK_1_A1_BOYS,2026-03-15,2.1999999999999997,3.74,3.4967593984962404,24,24,100.0,1.2967593984962407
NPTS,GJBC_BLOCK_1_A1_BOYS,2026-03-16,4.12,3.72,3.47806015037594,24,24,100.0,-0.6419398496240603
NPTS,GJBC_BLOCK_1_A1_BOYS,2026-03-17,2.83,3.62,3.3845639097744358,24,24,100.0,0.5545639097744357
NPTS,GJBC_BLOCK_1_A1_BOYS,2026-03-18,2.84,3.52,3.291067669172932,24,24,100.0,0.4510676691729323
NPTS,GJBC_BLOCK_1_A1_BOYS,2026-03-19,2.14,3.47,3.24431954887218,24,24,100.0,1.10431954887218
NPTS,GJBC_BLOCK_1_A1_BOYS,2026-03-20,3.8000000000000003,3.75,3.506109022556391,24,24,100.0,-0.29389097744360937
NPTS,GJBC_BLOCK_1_A1_BOYS,2026-03-21,2.03,3.6,3.3658646616541352,24,24,100.0,1.3358646616541354
NPTS,GJBC_BLOCK_1_A1_BOYS,2026-03-22,1.25,3.74,3.4967593984962404,24,24,100.0,2.2467593984962404
NPTS,GJBC_BLOCK_1_A1_BOYS,2026-03-23,3.45,3.69,3.4500112781954884,24,24,100.0,1.127819548818465e-05
NPTS,GJBC_BLOCK_1_A1_BOYS,2026-03-24,3.34,3.6,3.3658646616541352,24,24,100.0,0.025864661654135368
NPTS,GJBC_BLOCK_1_A1_BOYS,2026-03-25,1.24,1.77,1.6548834586466163,13,24,54.166666666666664,0.41488345864661635
NPTS,GJBC_BLOCK_1_A1_BOYS,2026-03-26,2.6,3.47,3.24431954887218,24,24,100.0,0.64431954887218
NPTS,GJBC_BLOCK_1_A1_BOYS,2026-03-27,3.67,3.49,3.263018796992481,24,24,100.0,-0.40698120300751883
NPTS,GJBC_BLOCK_1_A1_BOYS,2026-03-28,3.79,3.63,3.3939135338345863,24,24,100.0,-0.39608646616541376
NPTS,GJBC_BLOCK_1_A1_BOYS,2026-03-29,4.09,3.74,3.4967593984962404,24,24,100.0,-0.5932406015037595
NPTS,GJBC_BLOCK_1_A1_BOYS,2026-03-30,2.87,3.58,3.3471654135338342,24,24,100.0,0.4771654135338341
NPTS,GJBC_BLOCK_1_A1_BOYS,2026-03-31,3.3000000000000003,3.66,3.4219624060150373,24,24,100.0,0.12196240601503705
NPTS,GJBC_BLOCK_1_A1_BOYS,2026-04-01,3.44,3.55,3.319116541353383,24,24,100.0,-0.12088345864661676
NPTS,GJBC_BLOCK_1_A1_BOYS,2026-04-02,3.75,3.41,3.188221804511278,24,24,100.0,-0.561778195488722
NPTS,GJBC_BLOCK_1_A1_BOYS,2026-04-03,3.66,3.59,3.3565150375939847,24,24,100.0,-0.3034849624060154
NPTS,GJBC_BLOCK_1_A1_BOYS,2026-04-04,3.48,3.46,3.2349699248120296,24,24,100.0,-0.24503007518797038
NPTS,GJBC_BLOCK_1_A1_BOYS,2026-04-05,2.84,3.68,3.4406616541353383,24,24,100.0,0.6006616541353385
NPTS,GJBC_BLOCK_1_A1_BOYS,2026-04-06,4.3,3.5500000000000003,3.319116541353383,24,24,100.0,-0.9808834586466166
NPTS,GJBC_BLOCK_1_A1_BOYS,2026-04-07,4.9,3.7,3.459360902255639,24,24,100.0,-1.4406390977443615
NPTS,GJBC_BLOCK_1_A1_BOYS,2026-04-08,5.49,3.54,3.3097669172932327,24,24,100.0,-2.1802330827067675
NPTS,GJBC_BLOCK_1_A1_BOYS,2026-04-09,4.17,3.68,3.4406616541353383,24,24,100.0,-0.7293383458646616
NPTS,GJBC_BLOCK_1_A1_BOYS,2026-04-10,5.24,3.66,3.4219624060150373,24,24,100.0,-1.818037593984963
NPTS,GJBC_BLOCK_1_A1_BOYS,2026-04-11,4.64,3.87,3.618304511278195,24,24,100.0,-1.0216954887218046
NPTS,GJBC_BLOCK_1_A1_BOYS,2026-04-12,5.86,3.75,3.506109022556391,24,24,100.0,-2.3538909774436094
NPTS,GJBC_BLOCK_1_A1_BOYS,2026-04-13,3.92,3.89,3.637003759398496,24,24,100.0,-0.28299624060150386
NPTS,GJBC_BLOCK_1_A1_BOYS,2026-04-14,4.45,3.72,3.4780601503759394,24,24,100.0,-0.9719398496240608
NPTS,GJBC_BLOCK_1_A1_BOYS,2026-04-15,2.38,3.68,3.4406616541353383,24,24,100.0,1.0606616541353384
NPTS,GJBC_BLOCK_1_A1_BOYS,2026-04-16,2.31,3.81,3.562206766917293,24,24,100.0,1.252206766917293
NPTS,GJBC_BLOCK_1_A1_BOYS,2026-04-17,2.71,3.83,3.5809060150375935,24,24,100.0,0.8709060150375936
NPTS,GJBC_BLOCK_1_A1_BOYS,2026-04-18,2.45,3.88,3.6276541353383456,24,24,100.0,1.1776541353383454
NPTS,GJBC_BLOCK_1_A1_BOYS,2026-04-19,3.98,3.79,3.5435075187969924,24,24,100.0,-0.43649248120300754
NPTS,GJBC_BLOCK_1_A1_BOYS,2026-04-20,2.85,3.94,3.6837518796992477,24,24,100.0,0.8337518796992476
NPTS,GJBC_BLOCK_1_A1_BOYS,2026-04-21,4.0600000000000005,3.7,3.459360902255639,24,24,100.0,-0.6006390977443616
NPTS,GJBC_BLOCK_1_A1_BOYS,2026-04-22,2.83,3.81,3.562206766917293,24,24,100.0,0.7322067669172929
NPTS,GJBC_BLOCK_1_A2_GIRLS,2026-03-09,3.98,3.63,3.351048767697955,24,24,100.0,-0.628951232302045
NPTS,GJBC_BLOCK_1_A2_GIRLS,2026-03-10,2.73,3.57,3.295659531868237,24,24,100.0,0.5656595318682371
NPTS,GJBC_BLOCK_1_A2_GIRLS,2026-03-11,3.27,3.55,3.277196453258331,24,24,100.0,0.007196453258330848
NPTS,GJBC_BLOCK_1_A2_GIRLS,2026-03-12,3.73,3.42,3.1571864422939413,24,24,100.0,-0.5728135577060587
NPTS,GJBC_BLOCK_1_A2_GIRLS,2026-03-13,3.0,3.48,3.2125756781236596,24,24,100.0,0.21257567812365963
NPTS,GJBC_BLOCK_1_A2_GIRLS,2026-03-14,4.08,3.4699999999999998,3.2033441388187067,24,24,100.0,-0.8766558611812933
NPTS,GJBC_BLOCK_1_A2_GIRLS,2026-03-15,2.08,3.69,3.406438003527674,24,24,100.0,1.3264380035276737
NPTS,GJBC_BLOCK_1_A2_GIRLS,2026-03-16,4.0600000000000005,3.5300000000000002,3.2587333746484246,24,24,100.0,-0.8012666253515759
NPTS,GJBC_BLOCK_1_A2_GIRLS,2026-03-17,2.9,3.6,3.3233541497830963,24,24,100.0,0.4233541497830964
NPTS,GJBC_BLOCK_1_A2_GIRLS,2026-03-18,2.8,3.45,3.1848810602088005,24,24,100.0,0.38488106020880064
NPTS,GJBC_BLOCK_1_A2_GIRLS,2026-03-19,2.04,3.35,3.09256566715927,24,24,100.0,1.05256566715927
NPTS,GJBC_BLOCK_1_A2_GIRLS,2026-03-20,3.96,3.56,3.2864279925632838,24,24,100.0,-0.6735720074367162
NPTS,GJBC_BLOCK_1_A2_GIRLS,2026-03-21,1.96,3.49,3.2218072174286125,24,24,100.0,1.2618072174286126
NPTS,GJBC_BLOCK_1_A2_GIRLS,2026-03-22,0.97,3.56,3.2864279925632838,24,24,100.0,2.316427992563284
NPTS,GJBC_BLOCK_1_A2_GIRLS,2026-03-23,3.81,3.56,3.2864279925632838,24,24,100.0,-0.5235720074367163
NPTS,GJBC_BLOCK_1_A2_GIRLS,2026-03-24,3.1,3.52,3.2495018353434717,24,24,100.0,0.1495018353434716
NPTS,GJBC_BLOCK_1_A2_GIRLS,2026-03-25,1.56,1.69,1.5601301425370646,13,24,54.166666666666664,0.00013014253706455925
NPTS,GJBC_BLOCK_1_A2_GIRLS,2026-03-26,2.43,3.4,3.138723363684035,24,24,100.0,0.7087233636840349
NPTS,GJBC_BLOCK_1_A2_GIRLS,2026-03-27,3.59,3.38,3.1202602850741292,24,24,100.0,-0.46973971492587063
NPTS,GJBC_BLOCK_1_A2_GIRLS,2026-03-28,4.33,3.47,3.2033441388187067,24,24,100.0,-1.1266558611812933
NPTS,GJBC_BLOCK_1_A2_GIRLS,2026-03-29,3.96,3.58,3.30489107117319,24,24,100.0,-0.6551089288268099
NPTS,GJBC_BLOCK_1_A2_GIRLS,2026-03-30,3.1,3.46,3.1941125995137534,24,24,100.0,0.09411259951375328
NPTS,GJBC_BLOCK_1_A2_GIRLS,2026-03-31,3.25,3.54,3.267964913953378,24,24,100.0,0.01796491395337796
NPTS,GJBC_BLOCK_1_A2_GIRLS,2026-04-01,3.58,3.56,3.286427992563284,24,24,100.0,-0.29357200743671585
NPTS,GJBC_BLOCK_1_A2_GIRLS,2026-04-02,3.81,3.45,3.1848810602088005,24,24,100.0,-0.6251189397911996
NPTS,GJBC_BLOCK_1_A2_GIRLS,2026-04-03,3.64,3.58,3.30489107117319,24,24,100.0,-0.3351089288268101
NPTS,GJBC_BLOCK_1_A2_GIRLS,2026-04-04,4.0,3.41,3.1479549029889884,24,24,100.0,-0.8520450970110116
NPTS,GJBC_BLOCK_1_A2_GIRLS,2026-04-05,2.7600000000000002,3.59,3.314122610478143,24,24,100.0,0.5541226104781427
NPTS,GJBC_BLOCK_1_A2_GIRLS,2026-04-06,4.6,3.47,3.2033441388187067,24,24,100.0,-1.396655861181293
NPTS,GJBC_BLOCK_1_A2_GIRLS,2026-04-07,5.36,3.6,3.3233541497830963,24,24,100.0,-2.036645850216904
NPTS,GJBC_BLOCK_1_A2_GIRLS,2026-04-08,5.35,3.46,3.1941125995137534,24,24,100.0,-2.1558874004862463
NPTS,GJBC_BLOCK_1_A2_GIRLS,2026-04-09,4.54,3.61,3.332585689088049,24,24,100.0,-1.2074143109119508
NPTS,GJBC_BLOCK_1_A2_GIRLS,2026-04-10,5.19,3.54,3.267964913953378,24,24,100.0,-1.9220350860466224
NPTS,GJBC_BLOCK_1_A2_GIRLS,2026-04-11,4.71,3.71,3.4249010821375796,24,24,100.0,-1.2850989178624204
NPTS,GJBC_BLOCK_1_A2_GIRLS,2026-04-12,6.49,3.75,3.4618272393573917,24,24,100.0,-3.0281727606426085
NPTS,GJBC_BLOCK_1_A2_GIRLS,2026-04-13,3.83,3.87,3.5726057110168283,24,24,100.0,-0.25739428898317174
NPTS,GJBC_BLOCK_1_A2_GIRLS,2026-04-14,4.22,3.7,3.4156695428326267,24,24,100.0,-0.8043304571673731
NPTS,GJBC_BLOCK_1_A2_GIRLS,2026-04-15,2.59,3.63,3.351048767697955,24,24,100.0,0.7610487676979552
NPTS,GJBC_BLOCK_1_A2_GIRLS,2026-04-16,2.62,3.69,3.4064380035276733,24,24,100.0,0.7864380035276732
NPTS,GJBC_BLOCK_1_A2_GIRLS,2026-04-17,2.74,3.75,3.4618272393573917,24,24,100.0,0.7218272393573915
NPTS,GJBC_BLOCK_1_A2_GIRLS,2026-04-18,2.55,3.84,3.544911093101969,24,24,100.0,0.9949110931019693
NPTS,GJBC_BLOCK_1_A2_GIRLS,2026-04-19,3.98,3.68,3.3972064642227204,24,24,100.0,-0.5827935357772795
NPTS,GJBC_BLOCK_1_A2_GIRLS,2026-04-20,3.25,3.88,3.5818372503217812,24,24,100.0,0.33183725032178124
NPTS,GJBC_BLOCK_1_A2_GIRLS,2026-04-21,4.06,3.6,3.3233541497830963,24,24,100.0,-0.7366458502169033
NPTS,GJBC_BLOCK_1_A2_GIRLS,2026-04-22,3.87,3.78,3.489521857272251,24,24,100.0,-0.38047814272774927
NPTS,GJBC_BLOCK_1_A3,2026-03-09,4.98,4.62,4.178548591727988,24,24,100.0,-0.8014514082720128
NPTS,GJBC_BLOCK_1_A3,2026-03-10,4.01,4.54,4.106192771957806,24,24,100.0,0.0961927719578064
NPTS,GJBC_BLOCK_1_A3,2026-03-11,4.43,4.62,4.178548591727988,24,24,100.0,-0.25145140827201207
NPTS,GJBC_BLOCK_1_A3,2026-03-12,4.44,4.46,4.033836952187625,24,24,100.0,-0.40616304781237567
NPTS,GJBC_BLOCK_1_A3,2026-03-13,4.08,4.58,4.1423706818428965,24,24,100.0,0.0623706818428964
NPTS,GJBC_BLOCK_1_A3,2026-03-14,4.93,4.49,4.060970384601442,24,24,100.0,-0.8690296153985573
NPTS,GJBC_BLOCK_1_A3,2026-03-15,2.95,4.63,4.18759306919926,24,24,100.0,1.23759306919926
NPTS,GJBC_BLOCK_1_A3,2026-03-16,2.4,2.77,2.505320259542538,15,24,62.5,0.10532025954253799
NPTS,GJBC_BLOCK_1_A3,2026-03-17,3.54,4.51,4.079059339543988,24,24,100.0,0.5390593395439875
NPTS,GJBC_BLOCK_1_A3,2026-03-18,3.5100000000000002,4.51,4.0790593395439885,24,24,100.0,0.5690593395439882
NPTS,GJBC_BLOCK_1_A3,2026-03-19,2.5700000000000003,4.3500000000000005,3.9343477000036247,24,24,100.0,1.3643477000036244
NPTS,GJBC_BLOCK_1_A3,2026-03-20,4.6,4.48,4.05192590713017,24,24,100.0,-0.5480740928698298
NPTS,GJBC_BLOCK_1_A3,2026-03-21,2.43,4.44,4.015747997245079,24,24,100.0,1.5857479972450785
NPTS,GJBC_BLOCK_1_A3,2026-03-22,1.23,4.41,3.988614564831261,24,24,100.0,2.758614564831261
NPTS,GJBC_BLOCK_1_A3,2026-03-23,4.4,4.4,3.9795700873599884,24,24,100.0,-0.42042991264001195
NPTS,GJBC_BLOCK_1_A3,2026-03-24,3.7,4.38,3.961481132417443,24,24,100.0,0.26148113241744264
NPTS,GJBC_BLOCK_1_A3,2026-03-25,1.44,1.98,1.7908065393119947,13,24,54.166666666666664,0.3508065393119948
NPTS,GJBC_BLOCK_1_A3,2026-03-26,2.94,4.17,3.771547105520716,24,24,100.0,0.8315471055207162
NPTS,GJBC_BLOCK_1_A3,2026-03-27,4.37,4.27,3.861991880233443,24,24,100.0,-0.5080081197665569
NPTS,GJBC_BLOCK_1_A3,2026-03-28,4.54,4.16,3.762502628049443,24,24,100.0,-0.7774973719505569
NPTS,GJBC_BLOCK_1_A3,2026-03-29,4.9,4.44,4.015747997245079,24,24,100.0,-0.8842520027549217
NPTS,GJBC_BLOCK_1_A3,2026-03-30,3.54,4.41,3.988614564831261,24,24,100.0,0.44861456483126094
NPTS,GJBC_BLOCK_1_A3,2026-03-31,3.91,4.47,4.042881429658897,24,24,100.0,0.13288142965889715
NPTS,GJBC_BLOCK_1_A3,2026-04-01,4.37,4.4,3.979570087359988,24,24,100.0,-0.39042991264001214
NPTS,GJBC_BLOCK_1_A3,2026-04-02,4.49,4.1,3.7082357632218073,24,24,100.0,-0.781764236778193
NPTS,GJBC_BLOCK_1_A3,2026-04-03,4.14,4.16,3.762502628049443,24,24,100.0,-0.37749737195055655
NPTS,GJBC_BLOCK_1_A3,2026-04-04,3.73,4.37,3.95243665494617,24,24,100.0,0.22243665494616982
NPTS,GJBC_BLOCK_1_A3,2026-04-05,3.36,4.2,3.7986805379345343,24,24,100.0,0.43868053793453443
NPTS,GJBC_BLOCK_1_A3,2026-04-06,5.7299999999999995,4.16,3.762502628049443,24,24,100.0,-1.9674973719505564
NPTS,GJBC_BLOCK_1_A3,2026-04-07,5.4,4.38,3.961481132417443,24,24,100.0,-1.4385188675825575
NPTS,GJBC_BLOCK_1_A3,2026-04-08,6.63,4.24,3.834858447819625,24,24,100.0,-2.795141552180375
NPTS,GJBC_BLOCK_1_A3,2026-04-09,4.92,4.23,3.8258139703483525,24,24,100.0,-1.0941860296516475
NPTS,GJBC_BLOCK_1_A3,2026-04-10,6.55,4.18,3.7805915829919887,24,24,100.0,-2.769408417008011
NPTS,GJBC_BLOCK_1_A3,2026-04-11,5.4,4.37,3.9524366549461702,24,24,100.0,-1.44756334505383
NPTS,GJBC_BLOCK_1_A3,2026-04-12,7.41,4.31,3.898169790118534,24,24,100.0,-3.511830209881466
NPTS,GJBC_BLOCK_1_A3,2026-04-13,4.68,4.62,4.178548591727988,24,24,100.0,-0.5014514082720121
NPTS,GJBC_BLOCK_1_A3,2026-04-14,5.3100000000000005,4.45,4.024792474716351,24,24,100.0,-1.2852075252836492
NPTS,GJBC_BLOCK_1_A3,2026-04-15,2.71,4.24,3.834858447819625,24,24,100.0,1.124858447819625
NPTS,GJBC_BLOCK_1_A3,2026-04-16,2.67,4.38,3.961481132417443,24,24,100.0,1.291481132417443
NPTS,GJBC_BLOCK_1_A3,2026-04-17,3.2600000000000002,4.43,4.006703519773806,24,24,100.0,0.7467035197738059
NPTS,GJBC_BLOCK_1_A3,2026-04-18,2.6700000000000004,4.55,4.115237249429079,24,24,100.0,1.4452372494290784
NPTS,GJBC_BLOCK_1_A3,2026-04-19,4.66,4.25,3.8439029252908976,24,24,100.0,-0.8160970747091025
NPTS,GJBC_BLOCK_1_A3,2026-04-20,3.2,4.38,3.961481132417443,24,24,100.0,0.7614811324174426
NPTS,GJBC_BLOCK_1_A3,2026-04-21,4.93,4.18,3.7805915829919887,24,24,100.0,-1.149408417008011
NPTS,GJBC_BLOCK_1_A3,2026-04-22,3.59,4.31,3.898169790118534,24,24,100.0,0.30816979011853407
NPTS,GJBC_BLOCK_1_A4_RO,2026-03-09,0.02,0.0,0.0,24,24,100.0,-0.02
NPTS,GJBC_BLOCK_1_A4_RO,2026-03-10,0.01,0.0,0.0,24,24,100.0,-0.01
NPTS,GJBC_BLOCK_1_A4_RO,2026-03-11,0.01,0.0,0.0,24,24,100.0,-0.01
NPTS,GJBC_BLOCK_1_A4_RO,2026-03-12,0.01,0.0,0.0,24,24,100.0,-0.01
NPTS,GJBC_BLOCK_1_A4_RO,2026-03-13,0.01,0.0,0.0,24,24,100.0,-0.01
NPTS,GJBC_BLOCK_1_A4_RO,2026-03-14,0.0,0.0,0.0,24,24,100.0,0.0
NPTS,GJBC_BLOCK_1_A4_RO,2026-03-15,0.03,0.0,0.0,24,24,100.0,-0.03
NPTS,GJBC_BLOCK_1_A4_RO,2026-03-16,0.0,0.0,0.0,15,24,62.5,0.0
NPTS,GJBC_BLOCK_1_A4_RO,2026-03-17,0.03,0.0,0.0,24,24,100.0,-0.03
NPTS,GJBC_BLOCK_1_A4_RO,2026-03-18,0.02,0.0,0.0,24,24,100.0,-0.02
NPTS,GJBC_BLOCK_1_A4_RO,2026-03-19,0.08,0.0,0.0,24,24,100.0,-0.08
NPTS,GJBC_BLOCK_1_A4_RO,2026-03-20,0.09,0.0,0.0,24,24,100.0,-0.09
NPTS,GJBC_BLOCK_1_A4_RO,2026-03-21,0.08,0.0,0.0,24,24,100.0,-0.08
NPTS,GJBC_BLOCK_1_A4_RO,2026-03-22,0.07,0.0,0.0,24,24,100.0,-0.07
NPTS,GJBC_BLOCK_1_A4_RO,2026-03-23,0.07,0.0,0.0,24,24,100.0,-0.07
NPTS,GJBC_BLOCK_1_A4_RO,2026-03-24,0.11,0.0,0.0,24,24,100.0,-0.11
NPTS,GJBC_BLOCK_1_A4_RO,2026-03-25,0.060000000000000005,0.0,0.0,13,24,54.166666666666664,-0.060000000000000005
NPTS,GJBC_BLOCK_1_A4_RO,2026-03-26,0.09,0.0,0.0,24,24,100.0,-0.09
NPTS,GJBC_BLOCK_1_A4_RO,2026-03-27,0.07,0.0,0.0,24,24,100.0,-0.07
NPTS,GJBC_BLOCK_1_A4_RO,2026-03-28,0.06,0.0,0.0,24,24,100.0,-0.06
NPTS,GJBC_BLOCK_1_A4_RO,2026-03-29,0.05,0.0,0.0,24,24,100.0,-0.05
NPTS,GJBC_BLOCK_1_A4_RO,2026-03-30,0.08,0.0,0.0,24,24,100.0,-0.08
NPTS,GJBC_BLOCK_1_A4_RO,2026-03-31,0.08,0.0,0.0,24,24,100.0,-0.08
NPTS,GJBC_BLOCK_1_A4_RO,2026-04-01,0.1,0.0,0.0,24,24,100.0,-0.1
NPTS,GJBC_BLOCK_1_A4_RO,2026-04-02,0.08,0.0,0.0,24,24,100.0,-0.08
NPTS,GJBC_BLOCK_1_A4_RO,2026-04-03,0.04,0.0,0.0,24,24,100.0,-0.04
NPTS,GJBC_BLOCK_1_A4_RO,2026-04-04,0.48,0.0,0.0,24,24,100.0,-0.48
NPTS,GJBC_BLOCK_1_A4_RO,2026-04-05,0.06,0.0,0.0,24,24,100.0,-0.06
NPTS,GJBC_BLOCK_1_A4_RO,2026-04-06,0.06,0.0,0.0,24,24,100.0,-0.06
NPTS,GJBC_BLOCK_1_A4_RO,2026-04-07,0.06,0.0,0.0,24,24,100.0,-0.06
NPTS,GJBC_BLOCK_1_A4_RO,2026-04-08,0.13,0.0,0.0,24,24,100.0,-0.13
NPTS,GJBC_BLOCK_1_A4_RO,2026-04-09,0.05,0.0,0.0,24,24,100.0,-0.05
NPTS,GJBC_BLOCK_1_A4_RO,2026-04-10,0.07,0.0,0.0,24,24,100.0,-0.07
NPTS,GJBC_BLOCK_1_A4_RO,2026-04-11,0.13,0.0,0.0,24,24,100.0,-0.13
NPTS,GJBC_BLOCK_1_A4_RO,2026-04-12,0.09,0.0,0.0,24,24,100.0,-0.09
NPTS,GJBC_BLOCK_1_A4_RO,2026-04-13,0.09,0.0,0.0,24,24,100.0,-0.09
NPTS,GJBC_BLOCK_1_A4_RO,2026-04-14,0.1,0.0,0.0,24,24,100.0,-0.1
NPTS,GJBC_BLOCK_1_A4_RO,2026-04-15,0.08,0.0,0.0,24,24,100.0,-0.08
NPTS,GJBC_BLOCK_1_A4_RO,2026-04-16,0.08,0.0,0.0,24,24,100.0,-0.08
NPTS,GJBC_BLOCK_1_A4_RO,2026-04-17,0.11,0.0,0.0,24,24,100.0,-0.11
NPTS,GJBC_BLOCK_1_A4_RO,2026-04-18,0.08,0.0,0.0,24,24,100.0,-0.08
NPTS,GJBC_BLOCK_1_A4_RO,2026-04-19,0.07,0.0,0.0,24,24,100.0,-0.07
NPTS,GJBC_BLOCK_1_A4_RO,2026-04-20,0.08,0.0,0.0,24,24,100.0,-0.08
NPTS,GJBC_BLOCK_1_A4_RO,2026-04-21,0.12,0.0,0.0,24,24,100.0,-0.12
NPTS,GJBC_BLOCK_1_A4_RO,2026-04-22,0.05,0.0,0.0,24,24,100.0,-0.05
NPTS,GJBC_BLOCK_2_A1,2026-03-09,11.52,9.01,9.440990157480314,24,24,100.0,-2.0790098425196852
NPTS,GJBC_BLOCK_2_A1,2026-03-10,12.47,9.14,9.577208661417322,24,24,100.0,-2.892791338582679
NPTS,GJBC_BLOCK_2_A1,2026-03-11,11.86,9.23,9.671513779527558,24,24,100.0,-2.1884862204724413
NPTS,GJBC_BLOCK_2_A1,2026-03-12,10.77,9.43,9.881080708661417,24,24,100.0,-0.888919291338583
NPTS,GJBC_BLOCK_2_A1,2026-03-13,14.18,9.17,9.6086437007874,24,24,100.0,-4.571356299212599
NPTS,GJBC_BLOCK_2_A1,2026-03-14,9.25,9.71,10.174474409448818,24,24,100.0,0.924474409448818
NPTS,GJBC_BLOCK_2_A1,2026-03-15,2.31,9.61,10.06969094488189,24,24,100.0,7.759690944881889
NPTS,GJBC_BLOCK_2_A1,2026-03-16,9.459999999999999,6.01,6.29748622047244,15,24,62.5,-3.1625137795275586
NPTS,GJBC_BLOCK_2_A1,2026-03-17,12.91,9.28,9.723905511811024,24,24,100.0,-3.186094488188976
NPTS,GJBC_BLOCK_2_A1,2026-03-18,12.03,9.66,10.122082677165354,24,24,100.0,-1.9079173228346455
NPTS,GJBC_BLOCK_2_A1,2026-03-19,2.07,9.62,10.080169291338581,24,24,100.0,8.010169291338581
NPTS,GJBC_BLOCK_2_A1,2026-03-20,9.69,9.72,10.184952755905512,24,24,100.0,0.494952755905512
NPTS,GJBC_BLOCK_2_A1,2026-03-21,1.12,9.59,10.048734251968503,24,24,100.0,8.928734251968503
NPTS,GJBC_BLOCK_2_A1,2026-03-22,0.47000000000000003,9.71,10.174474409448818,24,24,100.0,9.704474409448817
NPTS,GJBC_BLOCK_2_A1,2026-03-23,11.59,9.49,9.943950787401574,24,24,100.0,-1.6460492125984256
NPTS,GJBC_BLOCK_2_A1,2026-03-24,12.49,9.42,9.870602362204723,24,24,100.0,-2.6193976377952772
NPTS,GJBC_BLOCK_2_A1,2026-03-25,5.81,4.45,4.662864173228346,13,24,54.166666666666664,-1.1471358267716534
NPTS,GJBC_BLOCK_2_A1,2026-03-26,12.39,9.73,10.195431102362203,24,24,100.0,-2.1945688976377973
NPTS,GJBC_BLOCK_2_A1,2026-03-27,13.45,9.89,10.363084645669291,24,24,100.0,-3.086915354330708
NPTS,GJBC_BLOCK_2_A1,2026-03-28,7.69,9.77,10.237344488188976,24,24,100.0,2.5473444881889753
NPTS,GJBC_BLOCK_2_A1,2026-03-29,3.92,9.98,10.457389763779528,24,24,100.0,6.537389763779528
NPTS,GJBC_BLOCK_2_A1,2026-03-30,11.7,9.709999999999999,10.174474409448818,24,24,100.0,-1.5255255905511813
NPTS,GJBC_BLOCK_2_A1,2026-03-31,11.93,9.59,10.048734251968504,24,24,100.0,-1.8812657480314954
NPTS,GJBC_BLOCK_2_A1,2026-04-01,11.89,9.959999999999999,10.43643307086614,24,24,100.0,-1.45356692913386
NPTS,GJBC_BLOCK_2_A1,2026-04-02,11.97,10.07,10.551694881889762,24,24,100.0,-1.4183051181102382
NPTS,GJBC_BLOCK_2_A1,2026-04-03,6.15,10.11,10.593608267716535,24,24,100.0,4.4436082677165345
NPTS,GJBC_BLOCK_2_A1,2026-04-04,8.47,9.959999999999999,10.43643307086614,24,24,100.0,1.96643307086614
NPTS,GJBC_BLOCK_2_A1,2026-04-05,3.87,9.93,10.404998031496064,24,24,100.0,6.534998031496063
NPTS,GJBC_BLOCK_2_A1,2026-04-06,12.55,9.67,10.132561023622046,24,24,100.0,-2.417438976377955
NPTS,GJBC_BLOCK_2_A1,2026-04-07,10.74,9.94,10.415476377952755,24,24,100.0,-0.32452362204724494
NPTS,GJBC_BLOCK_2_A1,2026-04-08,11.77,9.959999999999999,10.43643307086614,24,24,100.0,-1.333566929133859
NPTS,GJBC_BLOCK_2_A1,2026-04-09,11.7,9.9,10.373562992125985,24,24,100.0,-1.3264370078740146
NPTS,GJBC_BLOCK_2_A1,2026-04-10,10.07,10.13,10.61456496062992,24,24,100.0,0.5445649606299199
NPTS,GJBC_BLOCK_2_A1,2026-04-11,6.6,9.96,10.43643307086614,24,24,100.0,3.836433070866141
NPTS,GJBC_BLOCK_2_A1,2026-04-12,4.05,10.11,10.593608267716535,24,24,100.0,6.543608267716535
NPTS,GJBC_BLOCK_2_A1,2026-04-13,12.27,10.07,10.551694881889764,24,24,100.0,-1.7183051181102353
NPTS,GJBC_BLOCK_2_A1,2026-04-14,4.42,9.99,10.46786811023622,24,24,100.0,6.0478681102362195
NPTS,GJBC_BLOCK_2_A1,2026-04-15,11.33,9.86,10.331649606299212,24,24,100.0,-0.9983503937007878
NPTS,GJBC_BLOCK_2_A1,2026-04-16,13.11,10.18,10.666956692913386,24,24,100.0,-2.4430433070866133
NPTS,GJBC_BLOCK_2_A1,2026-04-17,11.83,10.209999999999999,10.698391732283465,23,24,95.83333333333333,-1.131608267716535
NPTS,GJBC_BLOCK_2_A1,2026-04-18,9.0,10.049999999999999,10.530738188976377,24,24,100.0,1.5307381889763771
NPTS,GJBC_BLOCK_2_A1,2026-04-19,5.51,10.04,10.520259842519685,24,24,100.0,5.010259842519686
NPTS,GJBC_BLOCK_2_A1,2026-04-20,11.42,10.14,10.625043307086614,24,24,100.0,-0.7949566929133862
NPTS,GJBC_BLOCK_2_A1,2026-04-21,10.31,10.06,10.54121653543307,24,24,100.0,0.2312165354330702
NPTS,GJBC_BLOCK_2_A1,2026-04-22,11.44,10.09,10.57265157480315,24,24,100.0,-0.86734842519685
NPTS,GJBC_LAW_BLOCK_3_A4_BOYS,2026-03-09,33.6,24.58,27.040549342778323,24,24,100.0,-6.559450657221678
NPTS,GJBC_LAW_BLOCK_3_A4_BOYS,2026-03-10,33.63,24.8,27.282572160329632,24,24,100.0,-6.34742783967037
NPTS,GJBC_LAW_BLOCK_3_A4_BOYS,2026-03-11,32.6,25.93,28.52568935957046,24,24,100.0,-4.074310640429541
NPTS,GJBC_LAW_BLOCK_3_A4_BOYS,2026-03-12,32.36,26.86,29.54878581558282,24,24,100.0,-2.811214184417178
NPTS,GJBC_LAW_BLOCK_3_A4_BOYS,2026-03-13,30.94,25.27,27.799620906916527,24,24,100.0,-3.1403790930834745
NPTS,GJBC_LAW_BLOCK_3_A4_BOYS,2026-03-14,22.31,26.84,29.526783741259976,24,24,100.0,7.216783741259977
NPTS,GJBC_LAW_BLOCK_3_A4_BOYS,2026-03-15,27.04,26.36,28.998733957511657,24,24,100.0,1.958733957511658
NPTS,GJBC_LAW_BLOCK_3_A4_BOYS,2026-03-16,23.05,19.68,21.650041133680936,15,24,62.5,-1.3999588663190643
NPTS,GJBC_LAW_BLOCK_3_A4_BOYS,2026-03-17,33.01,25.12,27.634605349495178,24,24,100.0,-5.37539465050482
NPTS,GJBC_LAW_BLOCK_3_A4_BOYS,2026-03-18,30.13,24.56,27.018547268455475,24,24,100.0,-3.1114527315445244
NPTS,GJBC_LAW_BLOCK_3_A4_BOYS,2026-03-19,7.86,26.189999999999998,28.811716325767463,24,24,100.0,20.951716325767464
NPTS,GJBC_LAW_BLOCK_3_A4_BOYS,2026-03-20,34.68,26.21,28.833718400090312,24,24,100.0,-5.8462815999096875
NPTS,GJBC_LAW_BLOCK_3_A4_BOYS,2026-03-21,17.42,26.86,29.54878581558282,24,24,100.0,12.12878581558282
NPTS,GJBC_LAW_BLOCK_3_A4_BOYS,2026-03-22,16.9,25.97,28.569693508216154,24,24,100.0,11.669693508216156
NPTS,GJBC_LAW_BLOCK_3_A4_BOYS,2026-03-23,27.02,26.94,29.636794112874206,24,24,100.0,2.6167941128742065
NPTS,GJBC_LAW_BLOCK_3_A4_BOYS,2026-03-24,29.12,26.32,28.954729808865967,24,24,100.0,-0.1652701911340344
NPTS,GJBC_LAW_BLOCK_3_A4_BOYS,2026-03-25,13.19,14.870000000000001,16.358542259036355,13,24,54.166666666666664,3.1685422590363554
NPTS,GJBC_LAW_BLOCK_3_A4_BOYS,2026-03-26,34.69,26.5,29.152748477771585,24,24,100.0,-5.537251522228413
NPTS,GJBC_LAW_BLOCK_3_A4_BOYS,2026-03-27,29.12,25.59,28.15165409608207,24,24,100.0,-0.9683459039179318
NPTS,GJBC_LAW_BLOCK_3_A4_BOYS,2026-03-28,28.25,25.93,28.52568935957046,24,24,100.0,0.27568935957046037
NPTS,GJBC_LAW_BLOCK_3_A4_BOYS,2026-03-29,11.03,26.12,28.734709065637503,24,24,100.0,17.704709065637502
NPTS,GJBC_LAW_BLOCK_3_A4_BOYS,2026-03-30,37.95,27.14,29.856814856102673,24,24,100.0,-8.09318514389733
NPTS,GJBC_LAW_BLOCK_3_A4_BOYS,2026-03-31,34.72,26.55,29.2077536635787,24,24,100.0,-5.512246336421299
NPTS,GJBC_LAW_BLOCK_3_A4_BOYS,2026-04-01,32.82,26.09,28.701705954153233,24,24,100.0,-4.118294045846767
NPTS,GJBC_LAW_BLOCK_3_A4_BOYS,2026-04-02,25.56,26.21,28.833718400090312,24,24,100.0,3.2737184000903135
NPTS,GJBC_LAW_BLOCK_3_A4_BOYS,2026-04-03,38.97,27.52,30.274854268236755,24,24,100.0,-8.695145731763244
NPTS,GJBC_LAW_BLOCK_3_A4_BOYS,2026-04-04,23.27,27.38,30.12083974797683,24,24,100.0,6.850839747976831
NPTS,GJBC_LAW_BLOCK_3_A4_BOYS,2026-04-05,9.09,26.849999999999998,29.537784778421397,24,24,100.0,20.447784778421397
NPTS,GJBC_LAW_BLOCK_3_A4_BOYS,2026-04-06,30.77,27.3,30.032831450685443,24,24,100.0,-0.737168549314557
NPTS,GJBC_LAW_BLOCK_3_A4_BOYS,2026-04-07,37.1,27.06,29.768806558811285,24,24,100.0,-7.3311934411887165
NPTS,GJBC_LAW_BLOCK_3_A4_BOYS,2026-04-08,33.65,26.89,29.58178892706709,24,24,100.0,-4.0682110729329075
NPTS,GJBC_LAW_BLOCK_3_A4_BOYS,2026-04-09,25.78,26.69,29.361768183838628,24,24,100.0,3.5817681838386264
NPTS,GJBC_LAW_BLOCK_3_A4_BOYS,2026-04-10,34.8,27.01,29.71380137300417,24,24,100.0,-5.086198626995827
NPTS,GJBC_LAW_BLOCK_3_A4_BOYS,2026-04-11,39.64,26.87,29.559786852744246,24,24,100.0,-10.080213147255755
NPTS,GJBC_LAW_BLOCK_3_A4_BOYS,2026-04-12,26.74,27.63,30.39586567701241,24,24,100.0,3.655865677012411
NPTS,GJBC_LAW_BLOCK_3_A4_BOYS,2026-04-13,37.57,27.69,30.46187189998095,24,24,100.0,-7.1081281000190515
NPTS,GJBC_LAW_BLOCK_3_A4_BOYS,2026-04-14,19.95,27.509999999999998,30.26385323107533,24,24,100.0,10.313853231075331
NPTS,GJBC_LAW_BLOCK_3_A4_BOYS,2026-04-15,39.96,27.79,30.571882271595182,24,24,100.0,-9.388117728404819
NPTS,GJBC_LAW_BLOCK_3_A4_BOYS,2026-04-16,41.94,27.79,30.571882271595182,24,24,100.0,-11.368117728404815
NPTS,GJBC_LAW_BLOCK_3_A4_BOYS,2026-04-17,35.74,27.23,29.955824190555482,24,24,100.0,-5.78417580944452
NPTS,GJBC_LAW_BLOCK_3_A4_BOYS,2026-04-18,39.37,28.27,31.099932055343498,24,24,100.0,-8.2700679446565
NPTS,GJBC_LAW_BLOCK_3_A4_BOYS,2026-04-19,14.27,27.87,30.659890568886567,24,24,100.0,16.389890568886567
NPTS,GJBC_LAW_BLOCK_3_A4_BOYS,2026-04-20,38.21,28.05,30.857909237792185,24,24,100.0,-7.3520907622078155
NPTS,GJBC_LAW_BLOCK_3_A4_BOYS,2026-04-21,31.84,28.16,30.978920646567843,24,24,100.0,-0.8610793534321566
NPTS,GJBC_LAW_BLOCK_3_A4_BOYS,2026-04-22,24.56,28.07,30.879911312115034,24,24,100.0,6.319911312115035
NPTS,GJBC_LAW_BLOCK_3__A1,2026-03-09,11.96,10.27,12.051918301729648,24,24,100.0,0.09191830172964721
NPTS,GJBC_LAW_BLOCK_3__A1,2026-03-10,13.31,10.18,11.946302659358114,24,24,100.0,-1.3636973406418864
NPTS,GJBC_LAW_BLOCK_3__A1,2026-03-11,11.79,10.36,12.157533944101184,24,24,100.0,0.3675339441011847
NPTS,GJBC_LAW_BLOCK_3__A1,2026-03-12,10.79,10.49,12.31008987197118,24,24,100.0,1.5200898719711802
NPTS,GJBC_LAW_BLOCK_3__A1,2026-03-13,10.69,10.36,12.157533944101184,24,24,100.0,1.4675339441011843
NPTS,GJBC_LAW_BLOCK_3__A1,2026-03-14,14.18,10.33,12.122328729977339,24,24,100.0,-2.057671270022661
NPTS,GJBC_LAW_BLOCK_3__A1,2026-03-15,14.09,10.5,12.321824943345796,24,24,100.0,-1.7681750566542043
NPTS,GJBC_LAW_BLOCK_3__A1,2026-03-16,14.719999999999999,7.23,8.484456603846676,16,24,66.66666666666667,-6.235543396153323
NPTS,GJBC_LAW_BLOCK_3__A1,2026-03-17,17.04,10.38,12.181004086850415,24,24,100.0,-4.858995913149585
NPTS,GJBC_LAW_BLOCK_3__A1,2026-03-18,8.79,10.42,12.227944372348874,24,24,100.0,3.437944372348875
NPTS,GJBC_LAW_BLOCK_3__A1,2026-03-19,6.2700000000000005,10.39,12.192739158225029,24,24,100.0,5.922739158225029
NPTS,GJBC_LAW_BLOCK_3__A1,2026-03-20,7.76,10.62,12.462645799841175,24,24,100.0,4.702645799841175
NPTS,GJBC_LAW_BLOCK_3__A1,2026-03-21,15.79,10.43,12.239679443723489,24,24,100.0,-3.5503205562765103
NPTS,GJBC_LAW_BLOCK_3__A1,2026-03-22,35.14,10.31,12.09885858722811,24,24,100.0,-23.041141412771893
NPTS,GJBC_LAW_BLOCK_3__A1,2026-03-23,13.879999999999999,10.25,12.028448158980419,24,24,100.0,-1.85155184101958
NPTS,GJBC_LAW_BLOCK_3__A1,2026-03-24,19.71,10.52,12.345295086095025,24,24,100.0,-7.364704913904976
NPTS,GJBC_LAW_BLOCK_3__A1,2026-03-25,5.6899999999999995,5.83,6.84154661140057,13,24,54.166666666666664,1.1515466114005708
NPTS,GJBC_LAW_BLOCK_3__A1,2026-03-26,21.08,10.44,12.251414515098105,24,24,100.0,-8.828585484901893
NPTS,GJBC_LAW_BLOCK_3__A1,2026-03-27,14.61,10.46,12.274884657847334,24,24,100.0,-2.3351153421526654
NPTS,GJBC_LAW_BLOCK_3__A1,2026-03-28,9.65,10.379999999999999,12.181004086850415,24,24,100.0,2.5310040868504142
NPTS,GJBC_LAW_BLOCK_3__A1,2026-03-29,8.15,10.29,12.075388444478879,24,24,100.0,3.9253884444788785
NPTS,GJBC_LAW_BLOCK_3__A1,2026-03-30,10.5,10.33,12.122328729977339,24,24,100.0,1.6223287299773386
NPTS,GJBC_LAW_BLOCK_3__A1,2026-03-31,9.99,10.41,12.21620930097426,24,24,100.0,2.2262093009742596
NPTS,GJBC_LAW_BLOCK_3__A1,2026-04-01,16.46,10.55,12.38050030021887,24,24,100.0,-4.079499699781131
NPTS,GJBC_LAW_BLOCK_3__A1,2026-04-02,12.09,10.45,12.26314958647272,24,24,100.0,0.17314958647271972
NPTS,GJBC_LAW_BLOCK_3__A1,2026-04-03,22.259999999999998,10.37,12.169269015475798,24,24,100.0,-10.0907309845242
NPTS,GJBC_LAW_BLOCK_3__A1,2026-04-04,6.55,10.42,12.227944372348874,24,24,100.0,5.6779443723488745
NPTS,GJBC_LAW_BLOCK_3__A1,2026-04-05,5.75,10.34,12.134063801351955,24,24,100.0,6.384063801351955
NPTS,GJBC_LAW_BLOCK_3__A1,2026-04-06,6.95,8.98,10.538094094404308,21,24,87.5,3.5880940944043074
NPTS,GJBC_LAW_BLOCK_3__A1,2026-04-07,15.29,10.21,11.98150787348196,24,24,100.0,-3.30849212651804
NPTS,GJBC_LAW_BLOCK_3__A1,2026-04-08,17.07,10.31,12.09885858722811,24,24,100.0,-4.971141412771891
NPTS,GJBC_LAW_BLOCK_3__A1,2026-04-09,17.1,10.34,12.134063801351955,24,24,100.0,-4.965936198648047
NPTS,GJBC_LAW_BLOCK_3__A1,2026-04-10,17.68,10.23,12.004978016231188,24,24,100.0,-5.675021983768811
NPTS,GJBC_LAW_BLOCK_3__A1,2026-04-11,15.08,9.64,11.312608805128901,24,24,100.0,-3.7673911948710987
NPTS,GJBC_LAW_BLOCK_3__A1,2026-04-12,36.5,10.28,12.063653373104264,24,24,100.0,-24.436346626895734
NPTS,GJBC_LAW_BLOCK_3__A1,2026-04-13,17.27,10.36,12.157533944101184,24,24,100.0,-5.112466055898816
NPTS,GJBC_LAW_BLOCK_3__A1,2026-04-14,9.14,10.35,12.14579887272657,24,24,100.0,3.0057988727265688
NPTS,GJBC_LAW_BLOCK_3__A1,2026-04-15,28.3,9.59,11.253933448255825,24,24,100.0,-17.046066551744175
NPTS,GJBC_LAW_BLOCK_3__A1,2026-04-16,15.799999999999999,9.43,11.066172306261985,24,24,100.0,-4.733827693738014
NPTS,GJBC_LAW_BLOCK_3__A1,2026-04-17,14.56,9.7,11.383019233376592,24,24,100.0,-3.1769807666234087
NPTS,GJBC_LAW_BLOCK_3__A1,2026-04-18,18.82,9.51,11.160052877258906,24,24,100.0,-7.6599471227410945
NPTS,GJBC_LAW_BLOCK_3__A1,2026-04-19,29.32,9.54,11.195258091382751,24,24,100.0,-18.12474190861725
NPTS,GJBC_LAW_BLOCK_3__A1,2026-04-20,19.5,9.709999999999999,11.394754304751206,24,24,100.0,-8.105245695248794
NPTS,GJBC_LAW_BLOCK_3__A1,2026-04-21,15.719999999999999,9.41,11.042702163512756,24,24,100.0,-4.677297836487243
NPTS,GJBC_LAW_BLOCK_3__A1,2026-04-22,14.469999999999999,9.59,11.253933448255825,24,24,100.0,-3.2160665517441736
NPTS,GJBC_LAW_BLOCK_3__A2,2026-03-09,17.18,15.31,15.14188850566622,24,24,100.0,-2.03811149433378
NPTS,GJBC_LAW_BLOCK_3__A2,2026-03-10,17.27,15.29,15.122108115717603,24,24,100.0,-2.147891884282396
NPTS,GJBC_LAW_BLOCK_3__A2,2026-03-11,15.62,15.28,15.112217920743294,24,24,100.0,-0.5077820792567049
NPTS,GJBC_LAW_BLOCK_3__A2,2026-03-12,15.22,15.25,15.082547335820369,24,24,100.0,-0.13745266417963187
NPTS,GJBC_LAW_BLOCK_3__A2,2026-03-13,15.28,15.39,15.221010065460687,24,24,100.0,-0.05898993453931212
NPTS,GJBC_LAW_BLOCK_3__A2,2026-03-14,13.1,15.34,15.171559090589145,24,24,100.0,2.0715590905891457
NPTS,GJBC_LAW_BLOCK_3__A2,2026-03-15,12.15,15.26,15.092437530794678,24,24,100.0,2.9424375307946775
NPTS,GJBC_LAW_BLOCK_3__A2,2026-03-16,9.43,12.52,12.382524107834165,16,24,66.66666666666667,2.952524107834165
NPTS,GJBC_LAW_BLOCK_3__A2,2026-03-17,15.16,15.22,15.052876750897443,24,24,100.0,-0.10712324910255688
NPTS,GJBC_LAW_BLOCK_3__A2,2026-03-18,14.07,15.15,14.983645386077285,24,24,100.0,0.9136453860772846
NPTS,GJBC_LAW_BLOCK_3__A2,2026-03-19,5.97,15.43,15.26057084535792,24,24,100.0,9.29057084535792
NPTS,GJBC_LAW_BLOCK_3__A2,2026-03-20,13.36,15.23,15.062766945871752,24,24,100.0,1.702766945871753
NPTS,GJBC_LAW_BLOCK_3__A2,2026-03-21,5.18,15.5,15.32980221017808,24,24,100.0,10.14980221017808
NPTS,GJBC_LAW_BLOCK_3__A2,2026-03-22,7.78,15.14,14.973755191102976,24,24,100.0,7.193755191102976
NPTS,GJBC_LAW_BLOCK_3__A2,2026-03-23,14.14,15.08,14.914414021257125,24,24,100.0,0.7744140212571242
NPTS,GJBC_LAW_BLOCK_3__A2,2026-03-24,15.22,14.94,14.775951291616806,24,24,100.0,-0.4440487083831943
NPTS,GJBC_LAW_BLOCK_3__A2,2026-03-25,10.7,10.74,10.622069402407263,13,24,54.166666666666664,-0.07793059759273646
NPTS,GJBC_LAW_BLOCK_3__A2,2026-03-26,14.45,15.41,15.240790455409304,24,24,100.0,0.7907904554093044
NPTS,GJBC_LAW_BLOCK_3__A2,2026-03-27,15.43,15.04,14.874853241359892,24,24,100.0,-0.5551467586401078
NPTS,GJBC_LAW_BLOCK_3__A2,2026-03-28,13.799999999999999,15.05,14.8847434363342,24,24,100.0,1.0847434363342003
NPTS,GJBC_LAW_BLOCK_3__A2,2026-03-29,8.01,15.08,14.914414021257125,24,24,100.0,6.904414021257125
NPTS,GJBC_LAW_BLOCK_3__A2,2026-03-30,15.6,15.03,14.864963046385583,24,24,100.0,-0.7350369536144168
NPTS,GJBC_LAW_BLOCK_3__A2,2026-03-31,13.44,14.85,14.686939536848032,24,24,100.0,1.246939536848032
NPTS,GJBC_LAW_BLOCK_3__A2,2026-04-01,13.0,15.1,14.934194411205743,24,24,100.0,1.934194411205743
NPTS,GJBC_LAW_BLOCK_3__A2,2026-04-02,11.46,15.04,14.874853241359892,24,24,100.0,3.414853241359891
NPTS,GJBC_LAW_BLOCK_3__A2,2026-04-03,10.97,15.1,14.934194411205741,24,24,100.0,3.9641944112057406
NPTS,GJBC_LAW_BLOCK_3__A2,2026-04-04,6.17,15.129999999999999,14.963864996128667,24,24,100.0,8.793864996128667
NPTS,GJBC_LAW_BLOCK_3__A2,2026-04-05,5.65,14.799999999999999,14.637488561976488,24,24,100.0,8.987488561976487
NPTS,GJBC_LAW_BLOCK_3__A2,2026-04-06,11.18,14.82,14.657268951925106,24,24,100.0,3.4772689519251063
NPTS,GJBC_LAW_BLOCK_3__A2,2026-04-07,6.33,14.85,14.686939536848032,24,24,100.0,8.356939536848031
NPTS,GJBC_LAW_BLOCK_3__A2,2026-04-08,6.890000000000001,14.57,14.410014077567395,24,24,100.0,7.520014077567394
NPTS,GJBC_LAW_BLOCK_3__A2,2026-04-09,7.1000000000000005,14.74,14.578147392130639,24,24,100.0,7.478147392130638
NPTS,GJBC_LAW_BLOCK_3__A2,2026-04-10,11.72,14.83,14.667159146899413,24,24,100.0,2.9471591468994127
NPTS,GJBC_LAW_BLOCK_3__A2,2026-04-11,5.97,14.24,14.083637643415216,24,24,100.0,8.113637643415217
NPTS,GJBC_LAW_BLOCK_3__A2,2026-04-12,8.0,14.42,14.261661152952769,24,24,100.0,6.261661152952769
NPTS,GJBC_LAW_BLOCK_3__A2,2026-04-13,8.89,14.37,14.212210178081227,24,24,100.0,5.322210178081226
NPTS,GJBC_LAW_BLOCK_3__A2,2026-04-14,6.79,14.61,14.44957485746463,24,24,100.0,7.659574857464629
NPTS,GJBC_LAW_BLOCK_3__A2,2026-04-15,12.5,13.95,13.796821989160271,24,24,100.0,1.2968219891602715
NPTS,GJBC_LAW_BLOCK_3__A2,2026-04-16,12.32,14.17,14.014406278595057,24,24,100.0,1.694406278595057
NPTS,GJBC_LAW_BLOCK_3__A2,2026-04-17,11.82,14.24,14.083637643415216,24,24,100.0,2.2636376434152155
NPTS,GJBC_LAW_BLOCK_3__A2,2026-04-18,7.83,13.84,13.688029844442879,24,24,100.0,5.858029844442878
NPTS,GJBC_LAW_BLOCK_3__A2,2026-04-19,9.35,13.81,13.658359259519953,24,24,100.0,4.308359259519953
NPTS,GJBC_LAW_BLOCK_3__A2,2026-04-20,11.61,14.6,14.43968466249032,24,24,100.0,2.8296846624903207
NPTS,GJBC_LAW_BLOCK_3__A2,2026-04-21,9.39,13.82,13.668249454494262,24,24,100.0,4.2782494544942615
NPTS,GJBC_LAW_BLOCK_3__A2,2026-04-22,5.91,14.01,13.856163159006122,24,24,100.0,7.946163159006122
NPTS,GJBC_LAW_BLOCK_3__A3_GIRLS,2026-03-09,15.33,10.6,11.410523229295627,24,24,100.0,-3.9194767707043727
NPTS,GJBC_LAW_BLOCK_3__A3_GIRLS,2026-03-10,12.75,10.97,11.80881507786538,24,24,100.0,-0.9411849221346191
NPTS,GJBC_LAW_BLOCK_3__A3_GIRLS,2026-03-11,10.780000000000001,10.84,11.66887469863817,24,24,100.0,0.888874698638169
NPTS,GJBC_LAW_BLOCK_3__A3_GIRLS,2026-03-12,12.16,11.05,11.894932234312895,24,24,100.0,-0.265067765687105
NPTS,GJBC_LAW_BLOCK_3__A3_GIRLS,2026-03-13,11.64,10.77,11.593522186746595,24,24,100.0,-0.04647781325340539
NPTS,GJBC_LAW_BLOCK_3__A3_GIRLS,2026-03-14,9.4,10.85,11.67963934319411,24,24,100.0,2.279639343194109
NPTS,GJBC_LAW_BLOCK_3__A3_GIRLS,2026-03-15,10.1,10.73,11.550463608522838,24,24,100.0,1.4504636085228384
NPTS,GJBC_LAW_BLOCK_3__A3_GIRLS,2026-03-16,5.92,6.48,6.9754896722486475,14,24,58.333333333333336,1.0554896722486475
NPTS,GJBC_LAW_BLOCK_3__A3_GIRLS,2026-03-17,11.75,10.81,11.636580764970352,24,24,100.0,-0.11341923502964768
NPTS,GJBC_LAW_BLOCK_3__A3_GIRLS,2026-03-18,9.7,10.85,11.67963934319411,24,24,100.0,1.9796393431941102
NPTS,GJBC_LAW_BLOCK_3__A3_GIRLS,2026-03-19,6.0200000000000005,10.85,11.67963934319411,24,24,100.0,5.659639343194109
NPTS,GJBC_LAW_BLOCK_3__A3_GIRLS,2026-03-20,11.540000000000001,10.8,11.625816120414413,24,24,100.0,0.08581612041441211
NPTS,GJBC_LAW_BLOCK_3__A3_GIRLS,2026-03-21,5.41,11.0,11.841109011533199,24,24,100.0,6.431109011533199
NPTS,GJBC_LAW_BLOCK_3__A3_GIRLS,2026-03-22,7.56,10.76,11.582757542190656,24,24,100.0,4.022757542190656
NPTS,GJBC_LAW_BLOCK_3__A3_GIRLS,2026-03-23,10.55,10.79,11.615051475858474,24,24,100.0,1.065051475858473
NPTS,GJBC_LAW_BLOCK_3__A3_GIRLS,2026-03-24,11.24,10.72,11.539698963966899,24,24,100.0,0.29969896396689855
NPTS,GJBC_LAW_BLOCK_3__A3_GIRLS,2026-03-25,6.0600000000000005,5.8,6.243493842444777,13,24,54.166666666666664,0.1834938424447765
NPTS,GJBC_LAW_BLOCK_3__A3_GIRLS,2026-03-26,11.33,10.790000000000001,11.615051475858474,24,24,100.0,0.2850514758584737
NPTS,GJBC_LAW_BLOCK_3__A3_GIRLS,2026-03-27,12.07,10.89,11.722697921417867,24,24,100.0,-0.3473020785821337
NPTS,GJBC_LAW_BLOCK_3__A3_GIRLS,2026-03-28,10.14,11.0,11.841109011533199,24,24,100.0,1.7011090115331982
NPTS,GJBC_LAW_BLOCK_3__A3_GIRLS,2026-03-29,8.21,10.87,11.701168632305988,24,24,100.0,3.491168632305987
NPTS,GJBC_LAW_BLOCK_3__A3_GIRLS,2026-03-30,12.46,10.76,11.582757542190656,24,24,100.0,-0.877242457809345
NPTS,GJBC_LAW_BLOCK_3__A3_GIRLS,2026-03-31,15.08,10.87,11.701168632305988,24,24,100.0,-3.378831367694012
NPTS,GJBC_LAW_BLOCK_3__A3_GIRLS,2026-04-01,10.74,11.07,11.916461523424774,24,24,100.0,1.1764615234247735
NPTS,GJBC_LAW_BLOCK_3__A3_GIRLS,2026-04-02,7.93,10.81,11.636580764970352,24,24,100.0,3.7065807649703526
NPTS,GJBC_LAW_BLOCK_3__A3_GIRLS,2026-04-03,6.43,11.13,11.98104939076041,24,24,100.0,5.55104939076041
NPTS,GJBC_LAW_BLOCK_3__A3_GIRLS,2026-04-04,3.72,11.06,11.905696878868834,24,24,100.0,8.185696878868834
NPTS,GJBC_LAW_BLOCK_3__A3_GIRLS,2026-04-05,5.84,10.72,11.539698963966899,24,24,100.0,5.699698963966899
NPTS,GJBC_LAW_BLOCK_3__A3_GIRLS,2026-04-06,6.14,10.780000000000001,11.604286831302534,24,24,100.0,5.464286831302535
NPTS,GJBC_LAW_BLOCK_3__A3_GIRLS,2026-04-07,7.3,10.66,11.475111096631263,24,24,100.0,4.175111096631263
NPTS,GJBC_LAW_BLOCK_3__A3_GIRLS,2026-04-08,6.19,10.71,11.52893431941096,24,24,100.0,5.338934319410959
NPTS,GJBC_LAW_BLOCK_3__A3_GIRLS,2026-04-09,4.74,10.82,11.647345409526292,24,24,100.0,6.907345409526291
NPTS,GJBC_LAW_BLOCK_3__A3_GIRLS,2026-04-10,5.62,10.72,11.539698963966899,24,24,100.0,5.919698963966899
NPTS,GJBC_LAW_BLOCK_3__A3_GIRLS,2026-04-11,6.5,10.32,11.109113181729327,24,24,100.0,4.609113181729327
NPTS,GJBC_LAW_BLOCK_3__A3_GIRLS,2026-04-12,8.32,10.52,11.324406072848113,24,24,100.0,3.004406072848113
NPTS,GJBC_LAW_BLOCK_3__A3_GIRLS,2026-04-13,6.3500000000000005,10.02,10.78617384505115,24,24,100.0,4.43617384505115
NPTS,GJBC_LAW_BLOCK_3__A3_GIRLS,2026-04-14,7.15,10.32,11.109113181729327,24,24,100.0,3.959113181729327
NPTS,GJBC_LAW_BLOCK_3__A3_GIRLS,2026-04-15,8.44,10.06,10.829232423274908,24,24,100.0,2.3892324232749083
NPTS,GJBC_LAW_BLOCK_3__A3_GIRLS,2026-04-16,7.67,10.53,11.335170717404052,24,24,100.0,3.6651707174040524
NPTS,GJBC_LAW_BLOCK_3__A3_GIRLS,2026-04-17,6.26,10.42,11.21675962728872,24,24,100.0,4.95675962728872
NPTS,GJBC_LAW_BLOCK_3__A3_GIRLS,2026-04-18,8.74,9.81,10.560116309376426,24,24,100.0,1.8201163093764254
NPTS,GJBC_LAW_BLOCK_3__A3_GIRLS,2026-04-19,9.08,10.3,11.087583892617449,24,24,100.0,2.0075838926174487
NPTS,GJBC_LAW_BLOCK_3__A3_GIRLS,2026-04-20,8.03,10.34,11.130642470841206,24,24,100.0,3.1006424708412066
NPTS,GJBC_LAW_BLOCK_3__A3_GIRLS,2026-04-21,5.33,10.28,11.06605460350557,24,24,100.0,5.73605460350557
NPTS,GJBC_LAW_BLOCK_3__A3_GIRLS,2026-04-22,3.98,9.88,10.635468821268,24,24,100.0,6.655468821268
NPTS,G_BLOCK,2026-03-09,9.08,26.03,23.08126280451063,24,24,100.0,14.00126280451063
NPTS,G_BLOCK,2026-03-10,12.18,26.06,23.107864336747866,24,24,100.0,10.927864336747867
NPTS,G_BLOCK,2026-03-11,14.71,25.87,22.939387965912022,24,24,100.0,8.229387965912021
NPTS,G_BLOCK,2026-03-12,21.11,25.92,22.983723852974087,24,24,100.0,1.8737238529740878
NPTS,G_BLOCK,2026-03-13,17.42,25.95,23.010325385211328,24,24,100.0,5.590325385211326
NPTS,G_BLOCK,2026-03-14,7.95,26.150000000000002,23.187668933459584,24,24,100.0,15.237668933459585
NPTS,G_BLOCK,2026-03-15,13.84,26.09,23.134465868985107,24,24,100.0,9.294465868985107
NPTS,G_BLOCK,2026-03-16,21.04,16.24,14.400296117758456,15,24,62.5,-6.639703882241543
NPTS,G_BLOCK,2026-03-17,23.07,25.66,22.753177240251354,24,24,100.0,-0.3168227597486464
NPTS,G_BLOCK,2026-03-18,19.02,25.19,22.33641990186795,24,24,100.0,3.316419901867949
NPTS,G_BLOCK,2026-03-19,27.169999999999998,25.810000000000002,22.886184901437545,24,24,100.0,-4.283815098562453
NPTS,G_BLOCK,2026-03-20,22.45,25.490000000000002,22.602435224240335,24,24,100.0,0.1524352242403353
NPTS,G_BLOCK,2026-03-21,17.59,25.43,22.549232159765857,24,24,100.0,4.9592321597658575
NPTS,G_BLOCK,2026-03-22,22.7,25.11,22.265482482568647,24,24,100.0,-0.4345175174313525
NPTS,G_BLOCK,2026-03-23,22.38,25.63,22.726575708014114,24,24,100.0,0.3465757080141145
NPTS,G_BLOCK,2026-03-24,21.330000000000002,25.97,23.028059740036152,24,24,100.0,1.6980597400361503
NPTS,G_BLOCK,2026-03-25,14.47,13.39,11.873150555220796,13,24,54.166666666666664,-2.5968494447792043
NPTS,G_BLOCK,2026-03-26,25.83,25.6,22.699974175776877,24,24,100.0,-3.1300258242231216
NPTS,G_BLOCK,2026-03-27,20.02,25.55,22.655638288714812,24,24,100.0,2.635638288714812
NPTS,G_BLOCK,2026-03-28,20.94,25.53,22.637903933889987,24,24,100.0,1.697903933889986
NPTS,G_BLOCK,2026-03-29,26.05,25.41,22.531497804941033,24,24,100.0,-3.518502195058968
NPTS,G_BLOCK,2026-03-30,23.65,25.65,22.74431006283894,24,24,100.0,-0.905689937161057
NPTS,G_BLOCK,2026-03-31,25.28,25.45,22.566966514590685,24,24,100.0,-2.7130334854093157
NPTS,G_BLOCK,2026-04-01,19.79,25.4,22.52263062752862,24,24,100.0,2.7326306275286214
NPTS,G_BLOCK,2026-04-02,19.35,25.330000000000002,22.46056038564173,24,24,100.0,3.1105603856417297
NPTS,G_BLOCK,2026-04-03,40.67,25.68,22.77091159507618,24,24,100.0,-17.899088404923823
NPTS,G_BLOCK,2026-04-04,20.419999999999998,25.68,22.77091159507618,24,24,100.0,2.3509115950761803
NPTS,G_BLOCK,2026-04-05,25.61,25.490000000000002,22.602435224240335,24,24,100.0,-3.007564775759665
NPTS,G_BLOCK,2026-04-06,17.77,25.43,22.549232159765857,24,24,100.0,4.779232159765858
NPTS,G_BLOCK,2026-04-07,28.22,25.52,22.629036756477575,24,24,100.0,-5.590963243522424
NPTS,G_BLOCK,2026-04-08,23.58,25.740000000000002,22.824114659550656,24,24,100.0,-0.7558853404493426
NPTS,G_BLOCK,2026-04-09,17.53,25.6,22.699974175776877,24,24,100.0,5.169974175776876
NPTS,G_BLOCK,2026-04-10,29.89,25.42,22.540364982353445,24,24,100.0,-7.3496350176465555
NPTS,G_BLOCK,2026-04-11,26.060000000000002,25.900000000000002,22.965989498149263,24,24,100.0,-3.0940105018507396
NPTS,G_BLOCK,2026-04-12,22.84,25.67,22.762044417663766,24,24,100.0,-0.07795558233623368
NPTS,G_BLOCK,2026-04-13,35.82,25.490000000000002,22.602435224240335,24,24,100.0,-13.217564775759666
NPTS,G_BLOCK,2026-04-14,22.13,25.42,22.540364982353445,24,24,100.0,0.4103649823534461
NPTS,G_BLOCK,2026-04-15,23.81,25.7,22.788645949901007,24,24,100.0,-1.0213540500989922
NPTS,G_BLOCK,2026-04-16,26.36,25.400000000000002,22.52263062752862,24,24,100.0,-3.837369372471379
NPTS,G_BLOCK,2026-04-17,19.66,25.16,22.30981836963071,24,24,100.0,2.6498183696307116
NPTS,G_BLOCK,2026-04-18,22.53,25.34,22.469427563054143,24,24,100.0,-0.06057243694585779
NPTS,G_BLOCK,2026-04-19,25.349999999999998,25.29,22.42509167599208,24,24,100.0,-2.9249083240079194
NPTS,G_BLOCK,2026-04-20,19.65,25.3,22.43395885340449,24,24,100.0,2.783958853404492
NPTS,G_BLOCK,2026-04-21,27.69,25.11,22.265482482568647,24,24,100.0,-5.4245175174313545
NPTS,G_BLOCK,2026-04-22,26.419999999999998,25.13,22.28321683739347,24,24,100.0,-4.136783162606527
NPTS,I&H_BLOCK,2026-03-09,2.91,0.0,0.0,24,24,100.0,-2.91
NPTS,I&H_BLOCK,2026-03-10,0.3,0.0,0.0,24,24,100.0,-0.3
NPTS,I&H_BLOCK,2026-03-11,0.27,0.0,0.0,24,24,100.0,-0.27
NPTS,I&H_BLOCK,2026-03-12,0.19,0.0,0.0,24,24,100.0,-0.19
NPTS,I&H_BLOCK,2026-03-13,0.18,0.0,0.0,24,24,100.0,-0.18
NPTS,I&H_BLOCK,2026-03-14,0.06,0.0,0.0,24,24,100.0,-0.06
NPTS,I&H_BLOCK,2026-03-15,9.23,0.0,0.0,24,24,100.0,-9.23
NPTS,I&H_BLOCK,2026-03-16,9.79,0.0,0.0,15,24,62.5,-9.79
NPTS,I&H_BLOCK,2026-03-17,5.9,0.0,0.0,24,24,100.0,-5.9
NPTS,I&H_BLOCK,2026-03-18,0.03,0.0,0.0,24,24,100.0,-0.03
NPTS,I&H_BLOCK,2026-03-19,0.15,0.02,0.04,24,24,100.0,-0.10999999999999999
NPTS,I&H_BLOCK,2026-03-20,15.02,0.0,0.0,24,24,100.0,-15.02
NPTS,I&H_BLOCK,2026-03-21,6.01,0.0,0.0,24,24,100.0,-6.01
NPTS,I&H_BLOCK,2026-03-22,23.46,0.0,0.0,24,24,100.0,-23.46
NPTS,I&H_BLOCK,2026-03-23,9.59,0.0,0.0,24,24,100.0,-9.59
NPTS,I&H_BLOCK,2026-03-24,22.31,0.02,0.04,24,24,100.0,-22.27
NPTS,I&H_BLOCK,2026-03-25,16.75,0.02,0.04,13,24,54.166666666666664,-16.71
NPTS,I&H_BLOCK,2026-03-26,4.93,0.0,0.0,24,24,100.0,-4.93
NPTS,I&H_BLOCK,2026-03-27,6.319999999999999,0.03,0.06,24,24,100.0,-6.26
NPTS,I&H_BLOCK,2026-03-28,0.16999999999999998,0.02,0.04,24,24,100.0,-0.12999999999999998
NPTS,I&H_BLOCK,2026-03-29,11.709999999999999,0.0,0.0,24,24,100.0,-11.709999999999999
NPTS,I&H_BLOCK,2026-03-30,0.18,0.02,0.04,24,24,100.0,-0.13999999999999999
NPTS,I&H_BLOCK,2026-03-31,30.439999999999998,0.0,0.0,24,24,100.0,-30.439999999999998
NPTS,I&H_BLOCK,2026-04-01,14.64,0.06,0.12,24,24,100.0,-14.520000000000001
NPTS,I&H_BLOCK,2026-04-02,41.46,0.04,0.08,24,24,100.0,-41.38
NPTS,I&H_BLOCK,2026-04-03,5.630000000000001,0.03,0.06,24,24,100.0,-5.570000000000001
NPTS,I&H_BLOCK,2026-04-04,0.47,0.06,0.12,24,24,100.0,-0.35
NPTS,I&H_BLOCK,2026-04-05,0.22999999999999998,0.14,0.28,24,24,100.0,0.050000000000000044
NPTS,I&H_BLOCK,2026-04-06,0.18,0.06,0.12,24,24,100.0,-0.06
NPTS,I&H_BLOCK,2026-04-07,0.21,0.06,0.12,24,24,100.0,-0.09
NPTS,I&H_BLOCK,2026-04-08,13.030000000000001,0.03,0.06,24,24,100.0,-12.97
NPTS,I&H_BLOCK,2026-04-09,8.719999999999999,0.0,0.0,24,24,100.0,-8.719999999999999
NPTS,I&H_BLOCK,2026-04-10,0.24,0.06,0.12,24,24,100.0,-0.12
NPTS,I&H_BLOCK,2026-04-11,0.38,0.03,0.06,24,24,100.0,-0.32
NPTS,I&H_BLOCK,2026-04-12,5.79,0.0,0.0,24,24,100.0,-5.79
NPTS,I&H_BLOCK,2026-04-13,3.05,0.02,0.04,24,24,100.0,-3.01
NPTS,I&H_BLOCK,2026-04-14,5.4799999999999995,0.03,0.06,24,24,100.0,-5.42
NPTS,I&H_BLOCK,2026-04-15,0.32999999999999996,0.03,0.06,24,24,100.0,-0.26999999999999996
NPTS,I&H_BLOCK,2026-04-16,0.32999999999999996,0.11,0.22,24,24,100.0,-0.10999999999999996
NPTS,I&H_BLOCK,2026-04-17,0.24,0.03,0.06,24,24,100.0,-0.18
NPTS,I&H_BLOCK,2026-04-18,1.4000000000000001,0.06,0.12,24,24,100.0,-1.2800000000000002
NPTS,I&H_BLOCK,2026-04-19,11.01,0.03,0.06,24,24,100.0,-10.95
NPTS,I&H_BLOCK,2026-04-20,14.25,0.03,0.06,24,24,100.0,-14.19
NPTS,I&H_BLOCK,2026-04-21,22.35,0.06,0.12,24,24,100.0,-22.23
NPTS,I&H_BLOCK,2026-04-22,0.18,0.09,0.18,24,24,100.0,0.0
NPTS,INFORMATION_CENTRE,2026-03-09,0.64,0.0,0.0,24,24,100.0,-0.64
NPTS,INFORMATION_CENTRE,2026-03-10,0.5,0.0,0.0,24,24,100.0,-0.5
NPTS,INFORMATION_CENTRE,2026-03-11,1.12,0.0,0.0,24,24,100.0,-1.12
NPTS,INFORMATION_CENTRE,2026-03-12,0.79,0.0,0.0,24,24,100.0,-0.79
NPTS,INFORMATION_CENTRE,2026-03-13,0.8300000000000001,0.0,0.0,24,24,100.0,-0.8300000000000001
NPTS,INFORMATION_CENTRE,2026-03-14,0.66,0.0,0.0,24,24,100.0,-0.66
NPTS,INFORMATION_CENTRE,2026-03-15,0.5700000000000001,0.0,0.0,24,24,100.0,-0.5700000000000001
NPTS,INFORMATION_CENTRE,2026-03-16,0.44,0.0,0.0,15,24,62.5,-0.44
NPTS,INFORMATION_CENTRE,2026-03-17,0.7,0.0,0.0,24,24,100.0,-0.7
NPTS,INFORMATION_CENTRE,2026-03-18,1.06,0.0,0.0,24,24,100.0,-1.06
NPTS,INFORMATION_CENTRE,2026-03-19,0.0,0.0,0.0,24,24,100.0,0.0
NPTS,INFORMATION_CENTRE,2026-03-20,0.8800000000000001,0.0,0.0,24,24,100.0,-0.8800000000000001
NPTS,INFORMATION_CENTRE,2026-03-21,0.58,0.0,0.0,24,24,100.0,-0.58
NPTS,INFORMATION_CENTRE,2026-03-22,0.0,0.0,0.0,24,24,100.0,0.0
NPTS,INFORMATION_CENTRE,2026-03-23,0.68,0.0,0.0,24,24,100.0,-0.68
NPTS,INFORMATION_CENTRE,2026-03-24,0.6900000000000001,0.0,0.0,24,24,100.0,-0.6900000000000001
NPTS,INFORMATION_CENTRE,2026-03-25,0.48,0.0,0.0,13,24,54.166666666666664,-0.48
NPTS,INFORMATION_CENTRE,2026-03-26,0.82,0.0,0.0,24,24,100.0,-0.82
NPTS,INFORMATION_CENTRE,2026-03-27,0.9500000000000001,0.0,0.0,24,24,100.0,-0.9500000000000001
NPTS,INFORMATION_CENTRE,2026-03-28,1.1099999999999999,0.0,0.0,24,24,100.0,-1.1099999999999999
NPTS,INFORMATION_CENTRE,2026-03-29,0.05,0.0,0.0,24,24,100.0,-0.05
NPTS,INFORMATION_CENTRE,2026-03-30,0.23,0.0,0.0,24,24,100.0,-0.23
NPTS,INFORMATION_CENTRE,2026-03-31,0.19999999999999998,0.0,0.0,24,24,100.0,-0.19999999999999998
NPTS,INFORMATION_CENTRE,2026-04-01,0.72,0.0,0.0,24,24,100.0,-0.72
NPTS,INFORMATION_CENTRE,2026-04-02,0.01,0.0,0.0,24,24,100.0,-0.01
NPTS,INFORMATION_CENTRE,2026-04-03,0.33999999999999997,0.0,0.0,24,24,100.0,-0.33999999999999997
NPTS,INFORMATION_CENTRE,2026-04-04,0.43,0.0,0.0,24,24,100.0,-0.43
NPTS,INFORMATION_CENTRE,2026-04-05,0.12000000000000001,0.0,0.0,24,24,100.0,-0.12000000000000001
NPTS,INFORMATION_CENTRE,2026-04-06,0.51,0.0,0.0,24,24,100.0,-0.51
NPTS,INFORMATION_CENTRE,2026-04-07,0.54,0.0,0.0,24,24,100.0,-0.54
NPTS,INFORMATION_CENTRE,2026-04-08,0.19999999999999998,0.0,0.0,24,24,100.0,-0.19999999999999998
NPTS,INFORMATION_CENTRE,2026-04-09,0.38,0.0,0.0,24,24,100.0,-0.38
NPTS,INFORMATION_CENTRE,2026-04-10,0.84,0.0,0.0,24,24,100.0,-0.84
NPTS,INFORMATION_CENTRE,2026-04-11,0.01,0.0,0.0,24,24,100.0,-0.01
NPTS,INFORMATION_CENTRE,2026-04-12,0.43999999999999995,0.0,0.0,24,24,100.0,-0.43999999999999995
NPTS,INFORMATION_CENTRE,2026-04-13,0.32,0.0,0.0,24,24,100.0,-0.32
NPTS,INFORMATION_CENTRE,2026-04-14,0.22999999999999998,0.0,0.0,24,24,100.0,-0.22999999999999998
NPTS,INFORMATION_CENTRE,2026-04-15,0.34,0.0,0.0,24,24,100.0,-0.34
NPTS,INFORMATION_CENTRE,2026-04-16,0.38,0.0,0.0,24,24,100.0,-0.38
NPTS,INFORMATION_CENTRE,2026-04-17,0.42000000000000004,0.0,0.0,24,24,100.0,-0.42000000000000004
NPTS,INFORMATION_CENTRE,2026-04-18,0.19,0.0,0.0,24,24,100.0,-0.19
NPTS,INFORMATION_CENTRE,2026-04-19,0.060000000000000005,0.0,0.0,24,24,100.0,-0.060000000000000005
NPTS,INFORMATION_CENTRE,2026-04-20,0.4,0.0,0.0,24,24,100.0,-0.4
NPTS,INFORMATION_CENTRE,2026-04-21,0.36,0.0,0.0,24,24,100.0,-0.36
NPTS,INFORMATION_CENTRE,2026-04-22,0.75,0.0,0.0,24,24,100.0,-0.75
NPTS,IT_BLOCK,2026-03-09,1.56,0.83,1.66,24,24,100.0,0.09999999999999987
NPTS,IT_BLOCK,2026-03-10,1.81,0.83,1.66,24,24,100.0,-0.15000000000000013
NPTS,IT_BLOCK,2026-03-11,1.28,1.0,2.0,24,24,100.0,0.72
NPTS,IT_BLOCK,2026-03-12,1.65,1.07,2.14,24,24,100.0,0.4900000000000002
NPTS,IT_BLOCK,2026-03-13,1.45,0.97,1.94,24,24,100.0,0.49
NPTS,IT_BLOCK,2026-03-14,0.99,1.08,2.16,24,24,100.0,1.1700000000000002
NPTS,IT_BLOCK,2026-03-15,1.01,1.07,2.14,24,24,100.0,1.1300000000000001
NPTS,IT_BLOCK,2026-03-16,1.03,0.76,1.52,14,24,58.333333333333336,0.49
NPTS,IT_BLOCK,2026-03-17,1.4100000000000001,1.01,2.02,24,24,100.0,0.6099999999999999
NPTS,IT_BLOCK,2026-03-18,1.6500000000000001,1.11,2.22,24,24,100.0,0.5700000000000001
NPTS,IT_BLOCK,2026-03-19,1.11,1.06,2.12,24,24,100.0,1.01
NPTS,IT_BLOCK,2026-03-20,4.47,0.9500000000000001,1.9000000000000001,24,24,100.0,-2.5699999999999994
NPTS,IT_BLOCK,2026-03-21,1.35,1.1099999999999999,2.2199999999999998,24,24,100.0,0.8699999999999997
NPTS,IT_BLOCK,2026-03-22,1.1400000000000001,1.02,2.04,24,24,100.0,0.8999999999999999
NPTS,IT_BLOCK,2026-03-23,2.97,1.0,2.0,24,24,100.0,-0.9700000000000002
NPTS,IT_BLOCK,2026-03-24,2.86,0.99,1.98,24,24,100.0,-0.8799999999999999
NPTS,IT_BLOCK,2026-03-25,1.51,0.92,1.84,13,24,54.166666666666664,0.33000000000000007
NPTS,IT_BLOCK,2026-03-26,2.8400000000000003,1.1400000000000001,2.2800000000000002,24,24,100.0,-0.56
NPTS,IT_BLOCK,2026-03-27,1.69,1.18,2.36,24,24,100.0,0.6699999999999999
NPTS,IT_BLOCK,2026-03-28,0.8200000000000001,1.1800000000000002,2.3600000000000003,24,24,100.0,1.5400000000000003
NPTS,IT_BLOCK,2026-03-29,1.49,1.22,2.44,24,24,100.0,0.95
NPTS,IT_BLOCK,2026-03-30,2.36,1.1400000000000001,2.2800000000000002,24,24,100.0,-0.07999999999999963
NPTS,IT_BLOCK,2026-03-31,4.82,1.21,2.42,24,24,100.0,-2.4000000000000004
NPTS,IT_BLOCK,2026-04-01,2.88,1.37,2.74,24,24,100.0,-0.13999999999999968
NPTS,IT_BLOCK,2026-04-02,3.73,1.35,2.7,24,24,100.0,-1.0299999999999998
NPTS,IT_BLOCK,2026-04-03,3.32,1.23,2.46,24,24,100.0,-0.8599999999999999
NPTS,IT_BLOCK,2026-04-04,1.97,1.42,2.84,24,24,100.0,0.8699999999999999
NPTS,IT_BLOCK,2026-04-05,0.98,1.29,2.58,24,24,100.0,1.6
NPTS,IT_BLOCK,2026-04-06,2.14,1.1300000000000001,2.2600000000000002,24,24,100.0,0.1200000000000001
NPTS,IT_BLOCK,2026-04-07,2.22,1.28,2.56,24,24,100.0,0.33999999999999986
NPTS,IT_BLOCK,2026-04-08,3.86,1.33,2.66,24,24,100.0,-1.1999999999999997
NPTS,IT_BLOCK,2026-04-09,2.48,1.3,2.6,24,24,100.0,0.1200000000000001
NPTS,IT_BLOCK,2026-04-10,1.73,1.3800000000000001,2.7600000000000002,24,24,100.0,1.0300000000000002
NPTS,IT_BLOCK,2026-04-11,1.6,1.32,2.64,24,24,100.0,1.04
NPTS,IT_BLOCK,2026-04-12,1.12,1.3,2.6,24,24,100.0,1.48
NPTS,IT_BLOCK,2026-04-13,1.54,1.36,2.72,24,24,100.0,1.1800000000000002
NPTS,IT_BLOCK,2026-04-14,1.15,1.4200000000000002,2.8400000000000003,24,24,100.0,1.6900000000000004
NPTS,IT_BLOCK,2026-04-15,1.6,1.49,2.98,24,24,100.0,1.38
NPTS,IT_BLOCK,2026-04-16,2.39,1.35,2.7,24,24,100.0,0.31000000000000005
NPTS,IT_BLOCK,2026-04-17,2.23,1.45,2.9,24,24,100.0,0.6699999999999999
NPTS,IT_BLOCK,2026-04-18,1.3800000000000001,1.47,2.94,24,24,100.0,1.5599999999999998
NPTS,IT_BLOCK,2026-04-19,1.0,1.4200000000000002,2.8400000000000003,24,24,100.0,1.8400000000000003
NPTS,IT_BLOCK,2026-04-20,2.49,1.46,2.92,24,24,100.0,0.4299999999999997
NPTS,IT_BLOCK,2026-04-21,2.9,1.46,2.92,24,24,100.0,0.020000000000000018
NPTS,IT_BLOCK,2026-04-22,2.21,1.5,3.0,24,24,100.0,0.79
NPTS,ME_WORKSHOP_BLOCK,2026-03-09,0.51,0.62,1.24,24,24,100.0,0.73
NPTS,ME_WORKSHOP_BLOCK,2026-03-10,0.6900000000000001,0.6,1.2,24,24,100.0,0.5099999999999999
NPTS,ME_WORKSHOP_BLOCK,2026-03-11,0.7200000000000001,0.62,1.24,24,24,100.0,0.5199999999999999
NPTS,ME_WORKSHOP_BLOCK,2026-03-12,0.65,0.64,1.28,24,24,100.0,0.63
NPTS,ME_WORKSHOP_BLOCK,2026-03-13,0.76,0.64,1.28,24,24,100.0,0.52
NPTS,ME_WORKSHOP_BLOCK,2026-03-14,0.77,0.66,1.32,24,24,100.0,0.55
NPTS,ME_WORKSHOP_BLOCK,2026-03-15,1.13,0.62,1.24,24,24,100.0,0.1100000000000001
NPTS,ME_WORKSHOP_BLOCK,2026-03-16,0.44,0.30000000000000004,0.6000000000000001,15,24,62.5,0.1600000000000001
NPTS,ME_WORKSHOP_BLOCK,2026-03-17,6.63,0.61,1.22,24,24,100.0,-5.41
NPTS,ME_WORKSHOP_BLOCK,2026-03-18,14.31,0.63,1.26,24,24,100.0,-13.05
NPTS,ME_WORKSHOP_BLOCK,2026-03-19,8.8,0.64,1.28,24,24,100.0,-7.5200000000000005
NPTS,ME_WORKSHOP_BLOCK,2026-03-20,0.76,0.62,1.24,24,24,100.0,0.48
NPTS,ME_WORKSHOP_BLOCK,2026-03-21,0.93,0.62,1.24,24,24,100.0,0.30999999999999994
NPTS,ME_WORKSHOP_BLOCK,2026-03-22,0.78,0.64,1.28,24,24,100.0,0.5
NPTS,ME_WORKSHOP_BLOCK,2026-03-23,0.92,0.64,1.28,24,24,100.0,0.36
NPTS,ME_WORKSHOP_BLOCK,2026-03-24,0.96,0.62,1.24,24,24,100.0,0.28
NPTS,ME_WORKSHOP_BLOCK,2026-03-25,1.11,0.27,0.54,13,24,54.166666666666664,-0.5700000000000001
NPTS,ME_WORKSHOP_BLOCK,2026-03-26,0.62,0.65,1.3,24,24,100.0,0.68
NPTS,ME_WORKSHOP_BLOCK,2026-03-27,0.71,0.63,1.26,24,24,100.0,0.55
NPTS,ME_WORKSHOP_BLOCK,2026-03-28,0.96,0.61,1.22,24,24,100.0,0.26
NPTS,ME_WORKSHOP_BLOCK,2026-03-29,1.12,0.66,1.32,24,24,100.0,0.19999999999999996
NPTS,ME_WORKSHOP_BLOCK,2026-03-30,0.75,0.62,1.24,24,24,100.0,0.49
NPTS,ME_WORKSHOP_BLOCK,2026-03-31,0.98,0.6,1.2,24,24,100.0,0.21999999999999997
NPTS,ME_WORKSHOP_BLOCK,2026-04-01,0.79,0.62,1.24,24,24,100.0,0.44999999999999996
NPTS,ME_WORKSHOP_BLOCK,2026-04-02,0.68,0.64,1.28,24,24,100.0,0.6
NPTS,ME_WORKSHOP_BLOCK,2026-04-03,0.65,0.61,1.22,24,24,100.0,0.57
NPTS,ME_WORKSHOP_BLOCK,2026-04-04,0.97,0.64,1.28,24,24,100.0,0.31000000000000005
NPTS,ME_WORKSHOP_BLOCK,2026-04-05,1.76,0.58,1.16,24,24,100.0,-0.6000000000000001
NPTS,ME_WORKSHOP_BLOCK,2026-04-06,0.51,0.63,1.26,24,24,100.0,0.75
NPTS,ME_WORKSHOP_BLOCK,2026-04-07,0.74,0.62,1.24,24,24,100.0,0.5
NPTS,ME_WORKSHOP_BLOCK,2026-04-08,0.68,0.62,1.24,24,24,100.0,0.5599999999999999
NPTS,ME_WORKSHOP_BLOCK,2026-04-09,1.24,0.59,1.18,24,24,100.0,-0.06000000000000005
NPTS,ME_WORKSHOP_BLOCK,2026-04-10,0.72,0.62,1.24,24,24,100.0,0.52
NPTS,ME_WORKSHOP_BLOCK,2026-04-11,0.97,0.62,1.24,24,24,100.0,0.27
NPTS,ME_WORKSHOP_BLOCK,2026-04-12,0.86,0.62,1.24,24,24,100.0,0.38
NPTS,ME_WORKSHOP_BLOCK,2026-04-13,0.9500000000000001,0.56,1.12,24,24,100.0,0.17000000000000004
NPTS,ME_WORKSHOP_BLOCK,2026-04-14,1.05,0.58,1.16,24,24,100.0,0.10999999999999988
NPTS,ME_WORKSHOP_BLOCK,2026-04-15,0.91,0.62,1.24,24,24,100.0,0.32999999999999996
NPTS,ME_WORKSHOP_BLOCK,2026-04-16,0.5700000000000001,0.66,1.32,24,24,100.0,0.75
NPTS,ME_WORKSHOP_BLOCK,2026-04-17,0.63,0.64,1.28,24,24,100.0,0.65
NPTS,ME_WORKSHOP_BLOCK,2026-04-18,0.63,0.62,1.24,24,24,100.0,0.61
NPTS,ME_WORKSHOP_BLOCK,2026-04-19,0.47000000000000003,0.63,1.26,24,24,100.0,0.79
NPTS,ME_WORKSHOP_BLOCK,2026-04-20,0.49000000000000005,0.62,1.24,24,24,100.0,0.75
NPTS,ME_WORKSHOP_BLOCK,2026-04-21,0.43,0.59,1.18,24,24,100.0,0.75
NPTS,ME_WORKSHOP_BLOCK,2026-04-22,0.8400000000000001,0.5700000000000001,1.1400000000000001,24,24,100.0,0.30000000000000004
NPTS,MM_BLOCK,2026-03-09,27.81,27.77,26.7536077853428,24,24,100.0,-1.0563922146571976
NPTS,MM_BLOCK,2026-03-10,29.3,27.64,26.62836583316079,24,24,100.0,-2.671634166839212
NPTS,MM_BLOCK,2026-03-11,27.22,27.8,26.782509774307883,24,24,100.0,-0.43749022569211604
NPTS,MM_BLOCK,2026-03-12,22.31,27.74,26.724705796377723,24,24,100.0,4.414705796377724
NPTS,MM_BLOCK,2026-03-13,27.34,28.13,27.100431652923767,24,24,100.0,-0.23956834707623287
NPTS,MM_BLOCK,2026-03-14,23.4,27.8,26.782509774307883,24,24,100.0,3.3825097743078842
NPTS,MM_BLOCK,2026-03-15,24.59,27.9,26.878849737524817,24,24,100.0,2.288849737524817
NPTS,MM_BLOCK,2026-03-16,16.3,16.59,15.982799897689489,15,24,62.5,-0.31720010231051177
NPTS,MM_BLOCK,2026-03-17,25.31,27.64,26.62836583316079,24,24,100.0,1.3183658331607901
NPTS,MM_BLOCK,2026-03-18,28.130000000000003,27.76,26.74397378902111,24,24,100.0,-1.3860262109788941
NPTS,MM_BLOCK,2026-03-19,26.689999999999998,27.919999999999998,26.898117730168206,24,24,100.0,0.20811773016820823
NPTS,MM_BLOCK,2026-03-20,28.25,27.82,26.80177776695127,24,24,100.0,-1.4482222330487318
NPTS,MM_BLOCK,2026-03-21,29.22,27.88,26.85958174488143,24,24,100.0,-2.3604182551185673
NPTS,MM_BLOCK,2026-03-22,25.99,28.17,27.13896763821054,24,24,100.0,1.148967638210543
NPTS,MM_BLOCK,2026-03-23,26.99,27.65,26.63799982948248,24,24,100.0,-0.35200017051751686
NPTS,MM_BLOCK,2026-03-24,36.42,27.94,26.91738572281159,24,24,100.0,-9.50261427718841
NPTS,MM_BLOCK,2026-03-25,17.919999999999998,14.38,13.853686710595229,13,24,54.166666666666664,-4.0663132894047695
NPTS,MM_BLOCK,2026-03-26,28.509999999999998,28.07,27.042627674993607,24,24,100.0,-1.4673723250063908
NPTS,MM_BLOCK,2026-03-27,26.57,27.99,26.96555570442006,24,24,100.0,0.39555570442005816
NPTS,MM_BLOCK,2026-03-28,30.64,28.54,27.4954255021132,24,24,100.0,-3.1445744978868007
NPTS,MM_BLOCK,2026-03-29,33.63,28.23,27.1967716161407,24,24,100.0,-6.433228383859301
NPTS,MM_BLOCK,2026-03-30,28.87,28.27,27.235307601427476,24,24,100.0,-1.6346923985725255
NPTS,MM_BLOCK,2026-03-31,26.23,28.849999999999998,27.7940793880857,24,24,100.0,1.5640793880856982
NPTS,MM_BLOCK,2026-04-01,26.93,28.78,27.726641413833843,24,24,100.0,0.7966414138338429
NPTS,MM_BLOCK,2026-04-02,26.8,28.85,27.7940793880857,24,24,100.0,0.994079388085698
NPTS,MM_BLOCK,2026-04-03,26.8,28.61,27.562863476365056,24,24,100.0,0.7628634763650552
NPTS,MM_BLOCK,2026-04-04,26.45,28.53,27.485791505791507,24,24,100.0,1.035791505791508
NPTS,MM_BLOCK,2026-04-05,24.51,28.14,27.11006564924546,24,24,100.0,2.600065649245458
NPTS,MM_BLOCK,2026-04-06,26.85,28.39,27.3509155572878,24,24,100.0,0.5009155572877972
NPTS,MM_BLOCK,2026-04-07,27.31,28.45,27.40871953521796,24,24,100.0,0.09871953521795973
NPTS,MM_BLOCK,2026-04-08,27.11,28.31,27.27384358671425,24,24,100.0,0.16384358671425048
NPTS,MM_BLOCK,2026-04-09,26.54,28.35,27.312379572001024,24,24,100.0,0.7723795720010251
NPTS,MM_BLOCK,2026-04-10,26.19,28.36,27.322013568322717,24,24,100.0,1.1320135683227157
NPTS,MM_BLOCK,2026-04-11,27.96,28.41,27.370183549931184,24,24,100.0,-0.5898164500688168
NPTS,MM_BLOCK,2026-04-12,25.02,28.25,27.21603960878409,24,24,100.0,2.1960396087840905
NPTS,MM_BLOCK,2026-04-13,27.53,28.48,27.43762152418304,24,24,100.0,-0.09237847581696101
NPTS,MM_BLOCK,2026-04-14,26.24,28.23,27.1967716161407,24,24,100.0,0.9567716161407027
NPTS,MM_BLOCK,2026-04-15,27.35,28.42,27.37981754625288,24,24,100.0,0.029817546252878913
NPTS,MM_BLOCK,2026-04-16,28.04,27.87,26.84994774855974,24,24,100.0,-1.1900522514402603
NPTS,MM_BLOCK,2026-04-17,25.84,28.1,27.07152966395869,24,24,100.0,1.231529663958689
NPTS,MM_BLOCK,2026-04-18,26.45,28.43,27.389451542574573,24,24,100.0,0.9394515425745738
NPTS,MM_BLOCK,2026-04-19,28.34,28.06,27.032993678671914,24,24,100.0,-1.3070063213280854
NPTS,MM_BLOCK,2026-04-20,24.37,28.38,27.341281560966106,24,24,100.0,2.971281560966105
NPTS,MM_BLOCK,2026-04-21,24.91,28.5,27.456889516826426,24,24,100.0,2.5468895168264254
NPTS,MM_BLOCK,2026-04-22,24.35,28.29,27.254575594070864,24,24,100.0,2.904575594070863
NPTS,MRD_BLOCK,2026-03-09,27.259999999999998,28.28,26.52761267205218,24,24,100.0,-0.7323873279478192
NPTS,MRD_BLOCK,2026-03-10,40.64,28.71,26.93096746162016,24,24,100.0,-13.70903253837984
NPTS,MRD_BLOCK,2026-03-11,26.14,29.28,27.46564706639632,24,24,100.0,1.3256470663963178
NPTS,MRD_BLOCK,2026-03-12,33.91,28.81,27.024770901054573,24,24,100.0,-6.885229098945423
NPTS,MRD_BLOCK,2026-03-13,30.76,28.66,26.88406574190295,24,24,100.0,-3.8759342580970504
NPTS,MRD_BLOCK,2026-03-14,26.5,29.48,27.653253945265142,24,24,100.0,1.153253945265142
NPTS,MRD_BLOCK,2026-03-15,11.24,29.44,27.615732569491378,24,24,100.0,16.375732569491376
NPTS,MRD_BLOCK,2026-03-16,23.79,21.45,20.120837758681727,16,24,66.66666666666667,-3.669162241318272
NPTS,MRD_BLOCK,2026-03-17,23.48,28.61,26.837164022185746,24,24,100.0,3.3571640221857457
NPTS,MRD_BLOCK,2026-03-18,15.29,29.18,27.371843626961905,24,24,100.0,12.081843626961906
NPTS,MRD_BLOCK,2026-03-19,0.04,28.47,26.705839206977565,24,24,100.0,26.665839206977566
NPTS,MRD_BLOCK,2026-03-20,14.93,28.28,26.52761267205218,24,24,100.0,11.597612672052179
NPTS,MRD_BLOCK,2026-03-21,18.38,27.43,25.730283436859665,24,24,100.0,7.350283436859666
NPTS,MRD_BLOCK,2026-03-22,26.900000000000002,27.16,25.477014150386747,24,24,100.0,-1.422985849613255
NPTS,MRD_BLOCK,2026-03-23,38.92,27.04,25.36445002306545,24,24,100.0,-13.55554997693455
NPTS,MRD_BLOCK,2026-03-24,27.01,27.2,25.514535526160515,24,24,100.0,-1.4954644738394869
NPTS,MRD_BLOCK,2026-03-25,10.08,14.86,13.939191099953868,13,24,54.166666666666664,3.8591910999538683
NPTS,MRD_BLOCK,2026-03-26,41.93,26.49,24.84853110617618,24,24,100.0,-17.08146889382382
NPTS,MRD_BLOCK,2026-03-27,35.980000000000004,26.88,25.21436451997039,24,24,100.0,-10.765635480029616
NPTS,MRD_BLOCK,2026-03-28,31.37,26.97,25.29878761546136,24,24,100.0,-6.07121238453864
NPTS,MRD_BLOCK,2026-03-29,13.78,28.4,26.640176799373474,24,24,100.0,12.860176799373475
NPTS,MRD_BLOCK,2026-03-30,27.18,26.9,25.23312520785727,24,24,100.0,-1.9468747921427294
NPTS,MRD_BLOCK,2026-03-31,37.0,27.4,25.702142405029342,24,24,100.0,-11.297857594970658
NPTS,MRD_BLOCK,2026-04-01,70.24,27.21,25.523915870103952,24,24,100.0,-44.716084129896046
NPTS,MRD_BLOCK,2026-04-02,82.68,28.1,26.358766481070237,24,24,100.0,-56.32123351892977
NPTS,MRD_BLOCK,2026-04-03,53.93,27.78,26.05859547488011,24,24,100.0,-27.87140452511989
NPTS,MRD_BLOCK,2026-04-04,33.25,28.01,26.274343385579265,24,24,100.0,-6.9756566144207355
NPTS,MRD_BLOCK,2026-04-05,11.63,27.62,25.90850997178505,24,24,100.0,14.27850997178505
NPTS,MRD_BLOCK,2026-04-06,24.8,27.19,25.50515518221707,24,24,100.0,0.7051551822170694
NPTS,MRD_BLOCK,2026-04-07,4.98,26.64,24.989236265327797,24,24,100.0,20.009236265327797
NPTS,MRD_BLOCK,2026-04-08,26.32,26.75,25.09242004870565,24,24,100.0,-1.2275799512943486
NPTS,MRD_BLOCK,2026-04-09,31.880000000000003,26.8,25.139321768422857,24,24,100.0,-6.740678231577146
NPTS,MRD_BLOCK,2026-04-10,22.63,28.07,26.33062544923991,24,24,100.0,3.7006254492399115
NPTS,MRD_BLOCK,2026-04-11,29.74,25.97,24.360753221117225,24,24,100.0,-5.379246778882774
NPTS,MRD_BLOCK,2026-04-12,12.76,27.21,25.523915870103956,24,24,100.0,12.763915870103956
NPTS,MRD_BLOCK,2026-04-13,34.74,26.89,25.22374486391383,24,24,100.0,-9.516255136086173
NPTS,MRD_BLOCK,2026-04-14,14.15,26.55,24.904813169836824,24,24,100.0,10.754813169836824
NPTS,MRD_BLOCK,2026-04-15,39.9,26.11,24.492078036325402,24,24,100.0,-15.407921963674596
NPTS,MRD_BLOCK,2026-04-16,59.43,25.4,23.826073616341066,24,24,100.0,-35.60392638365893
NPTS,MRD_BLOCK,2026-04-17,46.38,26.04,24.426415628721315,24,24,100.0,-21.953584371278687
NPTS,MRD_BLOCK,2026-04-18,51.65,26.02,24.407654940834433,24,24,100.0,-27.242345059165565
NPTS,MRD_BLOCK,2026-04-19,24.830000000000002,26.54,24.895432825893383,24,24,100.0,0.06543282589338162
NPTS,MRD_BLOCK,2026-04-20,34.96,27.11,25.430112430669542,24,24,100.0,-9.529887569330459
NPTS,MRD_BLOCK,2026-04-21,32.46,27.35,25.655240685312133,24,24,100.0,-6.8047593146878675
NPTS,MRD_BLOCK,2026-04-22,39.17,27.31,25.61771930953837,24,24,100.0,-13.552280690461632
NPTS,NBX,2026-03-09,37.07,14.92,16.37986102666551,24,24,100.0,-20.69013897333449
NPTS,NBX,2026-03-10,32.15,15.35,16.85193476939112,24,24,100.0,-15.298065230608877
NPTS,NBX,2026-03-11,21.8,15.47,16.98367627898897,24,24,100.0,-4.816323721011031
NPTS,NBX,2026-03-12,14.88,14.61,16.03952879353774,24,24,100.0,1.1595287935377403
NPTS,NBX,2026-03-13,23.53,15.32,16.81899939199166,24,24,100.0,-6.711000608008341
NPTS,NBX,2026-03-14,20.59,14.68,16.116378007469816,24,24,100.0,-4.473621992530184
NPTS,NBX,2026-03-15,18.44,15.43,16.939762442456352,24,24,100.0,-1.5002375575436488
NPTS,NBX,2026-03-16,8.46,8.91,9.78180708764006,16,24,66.66666666666667,1.3218070876400585
NPTS,NBX,2026-03-17,19.99,15.19,16.67627942326066,24,24,100.0,-3.313720576739339
NPTS,NBX,2026-03-18,15.84,14.8,16.248119517067664,24,24,100.0,0.40811951706766436
NPTS,NBX,2026-03-19,17.810000000000002,14.48,15.89680882480674,24,24,100.0,-1.913191175193262
NPTS,NBX,2026-03-20,25.84,14.99,16.456710240597584,24,24,100.0,-9.383289759402416
NPTS,NBX,2026-03-21,17.15,14.7,16.138334925736125,24,24,100.0,-1.011665074263874
NPTS,NBX,2026-03-22,17.66,15.62,17.148353165986276,24,24,100.0,-0.5116468340137246
NPTS,NBX,2026-03-23,26.549999999999997,15.01,16.478667158863892,24,24,100.0,-10.071332841136105
NPTS,NBX,2026-03-24,24.14,15.33,16.829977851124816,24,24,100.0,-7.310022148875184
NPTS,NBX,2026-03-25,15.58,8.120000000000001,8.914508816120907,13,24,54.166666666666664,-6.665491183879093
NPTS,NBX,2026-03-26,28.51,16.08,17.653362286111353,24,24,100.0,-10.856637713888649
NPTS,NBX,2026-03-27,35.93,15.98,17.543577694779813,24,24,100.0,-18.386422305220187
NPTS,NBX,2026-03-28,26.02,16.17,17.752168418309736,24,24,100.0,-8.267831581690263
NPTS,NBX,2026-03-29,20.26,16.2,17.785103795709198,24,24,100.0,-2.474896204290804
NPTS,NBX,2026-03-30,21.27,16.02,17.58749153131243,24,24,100.0,-3.682508468687569
NPTS,NBX,2026-03-31,16.91,16.67,18.301091374967427,24,24,100.0,1.3910913749674272
NPTS,NBX,2026-04-01,19.669999999999998,16.4,18.004672978372273,24,24,100.0,-1.665327021627725
NPTS,NBX,2026-04-02,17.13,16.53,18.147392947103274,24,24,100.0,1.017392947103275
NPTS,NBX,2026-04-03,19.95,15.68,17.214223920785198,24,24,100.0,-2.7357760792148014
NPTS,NBX,2026-04-04,15.7,16.33,17.9278237644402,24,24,100.0,2.227823764440199
NPTS,NBX,2026-04-05,15.23,16.05,17.62042690871189,24,24,100.0,2.3904269087118912
NPTS,NBX,2026-04-06,16.73,16.18,17.76314687744289,24,24,100.0,1.0331468774428885
NPTS,NBX,2026-04-07,13.8,15.44,16.95074090158951,24,24,100.0,3.150740901589508
NPTS,NBX,2026-04-08,19.46,16.18,17.763146877442892,24,24,100.0,-1.6968531225571084
NPTS,NBX,2026-04-09,21.01,16.08,17.653362286111353,24,24,100.0,-3.3566377138886487
NPTS,NBX,2026-04-10,16.09,16.330000000000002,17.9278237644402,24,24,100.0,1.8378237644401985
NPTS,NBX,2026-04-11,13.43,15.8,17.345965430383046,24,24,100.0,3.9159654303830465
NPTS,NBX,2026-04-12,12.56,15.54,17.060525492921045,24,24,100.0,4.500525492921044
NPTS,NBX,2026-04-13,13.12,15.94,17.4996638582472,24,24,100.0,4.3796638582472
NPTS,NBX,2026-04-14,13.57,16.19,17.774125336576045,24,24,100.0,4.204125336576045
NPTS,NBX,2026-04-15,18.22,15.88,17.433793103448277,24,24,100.0,-0.7862068965517217
NPTS,NBX,2026-04-16,14.55,13.66,14.996575175888127,21,24,87.5,0.44657517588812645
NPTS,NBX,2026-04-17,14.27,16.12,17.697276122643967,24,24,100.0,3.427276122643967
NPTS,NBX,2026-04-18,16.83,15.75,17.291073134717276,24,24,100.0,0.46107313471727807
NPTS,NBX,2026-04-19,18.73,16.18,17.763146877442892,24,24,100.0,-0.966853122557108
NPTS,NBX,2026-04-20,15.51,16.05,17.62042690871189,24,24,100.0,2.110426908711892
NPTS,NBX,2026-04-21,18.36,16.0,17.565534613046122,24,24,100.0,-0.7944653869538776
NPTS,NBX,2026-04-22,20.98,16.37,17.971737600972816,24,24,100.0,-3.008262399027185
NPTS,NEW_BLOCK,2026-03-09,3.5,3.63,3.9690967548975635,24,24,100.0,0.46909675489756353
NPTS,NEW_BLOCK,2026-03-10,3.7,3.64,3.9800309057375016,24,24,100.0,0.28003090573750145
NPTS,NEW_BLOCK,2026-03-11,2.93,3.5900000000000003,3.9253601515378103,24,24,100.0,0.9953601515378101
NPTS,NEW_BLOCK,2026-03-12,3.94,3.56,3.892557699017996,24,24,100.0,-0.04744230098200397
NPTS,NEW_BLOCK,2026-03-13,3.66,3.5500000000000003,3.881623548178058,24,24,100.0,0.22162354817805774
NPTS,NEW_BLOCK,2026-03-14,4.19,3.65,3.9909650565774397,24,24,100.0,-0.19903494342256067
NPTS,NEW_BLOCK,2026-03-15,3.58,3.58,3.914426000697872,24,24,100.0,0.3344260006978721
NPTS,NEW_BLOCK,2026-03-16,2.55,2.34,2.558591296545537,16,24,66.66666666666667,0.00859129654553703
NPTS,NEW_BLOCK,2026-03-17,3.8,3.6500000000000004,3.9909650565774397,24,24,100.0,0.1909650565774399
NPTS,NEW_BLOCK,2026-03-18,3.83,3.69,4.034701659937192,24,24,100.0,0.20470165993719203
NPTS,NEW_BLOCK,2026-03-19,2.69,3.72,4.067504112457007,24,24,100.0,1.3775041124570069
NPTS,NEW_BLOCK,2026-03-20,2.63,3.7,4.045635810777131,24,24,100.0,1.4156358107771307
NPTS,NEW_BLOCK,2026-03-21,2.58,3.69,4.034701659937192,24,24,100.0,1.454701659937192
NPTS,NEW_BLOCK,2026-03-22,3.16,3.71,4.056569961617069,24,24,100.0,0.896569961617069
NPTS,NEW_BLOCK,2026-03-23,3.89,3.69,4.034701659937192,24,24,100.0,0.14470165993719197
NPTS,NEW_BLOCK,2026-03-24,4.3,3.68,4.0237675090972544,24,24,100.0,-0.2762324909027454
NPTS,NEW_BLOCK,2026-03-25,1.89,1.84,2.011883754548627,13,24,54.166666666666664,0.12188375454862688
NPTS,NEW_BLOCK,2026-03-26,3.72,3.7,4.045635810777131,24,24,100.0,0.32563581077713044
NPTS,NEW_BLOCK,2026-03-27,4.49,3.73,4.078438263296945,24,24,100.0,-0.41156173670305485
NPTS,NEW_BLOCK,2026-03-28,4.39,3.62,3.958162604057625,24,24,100.0,-0.4318373959423747
NPTS,NEW_BLOCK,2026-03-29,4.42,3.7,4.045635810777131,24,24,100.0,-0.3743641892228693
NPTS,NEW_BLOCK,2026-03-30,4.31,3.7,4.045635810777131,24,24,100.0,-0.264364189222869
NPTS,NEW_BLOCK,2026-03-31,4.37,3.79,4.144043168336574,24,24,100.0,-0.22595683166342617
NPTS,NEW_BLOCK,2026-04-01,4.72,3.88,4.242450525896018,24,24,100.0,-0.47754947410398163
NPTS,NEW_BLOCK,2026-04-02,4.1,3.87,4.23151637505608,24,24,100.0,0.13151637505607994
NPTS,NEW_BLOCK,2026-04-03,4.54,3.81,4.165911470016451,24,24,100.0,-0.374088529983549
NPTS,NEW_BLOCK,2026-04-04,4.32,3.92,4.2861871292557705,24,24,100.0,-0.033812870744229784
NPTS,NEW_BLOCK,2026-04-05,4.07,3.91,4.275252978415833,24,24,100.0,0.20525297841583257
NPTS,NEW_BLOCK,2026-04-06,4.36,3.91,4.275252978415833,24,24,100.0,-0.08474702158416747
NPTS,NEW_BLOCK,2026-04-07,4.53,3.9,4.264318827575894,24,24,100.0,-0.26568117242410594
NPTS,NEW_BLOCK,2026-04-08,4.15,3.88,4.242450525896018,24,24,100.0,0.09245052589601777
NPTS,NEW_BLOCK,2026-04-09,4.01,3.93,4.297121280095709,24,24,100.0,0.28712128009570925
NPTS,NEW_BLOCK,2026-04-10,4.2700000000000005,3.91,4.275252978415833,24,24,100.0,0.005252978415832388
NPTS,NEW_BLOCK,2026-04-11,4.26,3.94,4.308055430935648,24,24,100.0,0.04805543093564779
NPTS,NEW_BLOCK,2026-04-12,4.08,3.96,4.329923732615524,24,24,100.0,0.2499237326155237
NPTS,NEW_BLOCK,2026-04-13,4.08,3.98,4.3517920342954,24,24,100.0,0.2717920342953999
NPTS,NEW_BLOCK,2026-04-14,3.92,3.95,4.318989581775585,24,24,100.0,0.3989895817755853
NPTS,NEW_BLOCK,2026-04-15,3.81,3.95,4.318989581775585,24,24,100.0,0.5089895817755852
NPTS,NEW_BLOCK,2026-04-16,4.33,3.97,4.340857883455461,24,24,100.0,0.010857883455461348
NPTS,NEW_BLOCK,2026-04-17,4.12,3.95,4.318989581775585,24,24,100.0,0.19898958177558512
NPTS,NEW_BLOCK,2026-04-18,3.9,3.95,4.318989581775585,24,24,100.0,0.4189895817755853
NPTS,NEW_BLOCK,2026-04-19,3.92,3.95,4.318989581775585,24,24,100.0,0.3989895817755853
NPTS,NEW_BLOCK,2026-04-20,3.97,3.96,4.329923732615524,24,24,100.0,0.3599237326155236
NPTS,NEW_BLOCK,2026-04-21,3.15,3.91,4.275252978415833,24,24,100.0,1.125252978415833
NPTS,NEW_BLOCK,2026-04-22,4.57,3.91,4.275252978415833,24,24,100.0,-0.29474702158416743
NPTS,NEW_BLOCK_RO,2026-03-09,0.0,0.0,0.0,24,24,100.0,0.0
NPTS,NEW_BLOCK_RO,2026-03-10,0.0,0.0,0.0,24,24,100.0,0.0
NPTS,NEW_BLOCK_RO,2026-03-11,0.0,0.0,0.0,24,24,100.0,0.0
NPTS,NEW_BLOCK_RO,2026-03-12,0.0,0.0,0.0,24,24,100.0,0.0
NPTS,NEW_BLOCK_RO,2026-03-13,0.0,0.0,0.0,24,24,100.0,0.0
NPTS,NEW_BLOCK_RO,2026-03-14,0.0,0.0,0.0,24,24,100.0,0.0
NPTS,NEW_BLOCK_RO,2026-03-15,0.0,0.0,0.0,24,24,100.0,0.0
NPTS,NEW_BLOCK_RO,2026-03-16,0.0,0.0,0.0,15,24,62.5,0.0
NPTS,NEW_BLOCK_RO,2026-03-17,0.04,0.0,0.0,24,24,100.0,-0.04
NPTS,NEW_BLOCK_RO,2026-03-18,0.02,0.0,0.0,24,24,100.0,-0.02
NPTS,NEW_BLOCK_RO,2026-03-19,0.02,0.0,0.0,24,24,100.0,-0.02
NPTS,NEW_BLOCK_RO,2026-03-20,0.02,0.0,0.0,24,24,100.0,-0.02
NPTS,NEW_BLOCK_RO,2026-03-21,0.01,0.0,0.0,24,24,100.0,-0.01
NPTS,NEW_BLOCK_RO,2026-03-22,0.0,0.0,0.0,24,24,100.0,0.0
NPTS,NEW_BLOCK_RO,2026-03-23,0.0,0.0,0.0,24,24,100.0,0.0
NPTS,NEW_BLOCK_RO,2026-03-24,0.0,0.0,0.0,24,24,100.0,0.0
NPTS,NEW_BLOCK_RO,2026-03-25,0.0,0.0,0.0,13,24,54.166666666666664,0.0
NPTS,NEW_BLOCK_RO,2026-03-26,0.0,0.0,0.0,24,24,100.0,0.0
NPTS,NEW_BLOCK_RO,2026-03-27,0.0,0.0,0.0,24,24,100.0,0.0
NPTS,NEW_BLOCK_RO,2026-03-28,0.03,0.0,0.0,24,24,100.0,-0.03
NPTS,NEW_BLOCK_RO,2026-03-29,0.02,0.0,0.0,24,24,100.0,-0.02
NPTS,NEW_BLOCK_RO,2026-03-30,0.01,0.0,0.0,24,24,100.0,-0.01
NPTS,NEW_BLOCK_RO,2026-03-31,0.0,0.0,0.0,24,24,100.0,0.0
NPTS,NEW_BLOCK_RO,2026-04-01,0.0,0.0,0.0,24,24,100.0,0.0
NPTS,NEW_BLOCK_RO,2026-04-02,0.01,0.0,0.0,24,24,100.0,-0.01
NPTS,NEW_BLOCK_RO,2026-04-03,0.01,0.0,0.0,24,24,100.0,-0.01
NPTS,NEW_BLOCK_RO,2026-04-04,0.0,0.0,0.0,24,24,100.0,0.0
NPTS,NEW_BLOCK_RO,2026-04-05,0.0,0.0,0.0,24,24,100.0,0.0
NPTS,NEW_BLOCK_RO,2026-04-06,0.02,0.0,0.0,24,24,100.0,-0.02
NPTS,NEW_BLOCK_RO,2026-04-07,0.01,0.0,0.0,24,24,100.0,-0.01
NPTS,NEW_BLOCK_RO,2026-04-08,0.02,0.0,0.0,24,24,100.0,-0.02
NPTS,NEW_BLOCK_RO,2026-04-09,0.02,0.0,0.0,24,24,100.0,-0.02
NPTS,NEW_BLOCK_RO,2026-04-10,0.02,0.0,0.0,24,24,100.0,-0.02
NPTS,NEW_BLOCK_RO,2026-04-11,0.0,0.0,0.0,24,24,100.0,0.0
NPTS,NEW_BLOCK_RO,2026-04-12,0.0,0.0,0.0,24,24,100.0,0.0
NPTS,NEW_BLOCK_RO,2026-04-13,0.01,0.0,0.0,24,24,100.0,-0.01
NPTS,NEW_BLOCK_RO,2026-04-14,0.01,0.0,0.0,24,24,100.0,-0.01
NPTS,NEW_BLOCK_RO,2026-04-15,0.0,0.0,0.0,24,24,100.0,0.0
NPTS,NEW_BLOCK_RO,2026-04-16,0.01,0.0,0.0,24,24,100.0,-0.01
NPTS,NEW_BLOCK_RO,2026-04-17,0.01,0.0,0.0,24,24,100.0,-0.01
NPTS,NEW_BLOCK_RO,2026-04-18,0.0,0.0,0.0,24,24,100.0,0.0
NPTS,NEW_BLOCK_RO,2026-04-19,0.02,0.0,0.0,24,24,100.0,-0.02
NPTS,NEW_BLOCK_RO,2026-04-20,0.01,0.0,0.0,24,24,100.0,-0.01
NPTS,NEW_BLOCK_RO,2026-04-21,0.01,0.0,0.0,24,24,100.0,-0.01
NPTS,NEW_BLOCK_RO,2026-04-22,0.0,0.0,0.0,24,24,100.0,0.0
NPTS,TECH_PARK,2026-03-09,13.62,8.55,12.175670829726723,24,24,100.0,-1.4443291702732761
NPTS,TECH_PARK,2026-03-10,12.42,8.81,12.54592514735584,24,24,100.0,0.12592514735584004
NPTS,TECH_PARK,2026-03-11,14.87,8.97,12.773773958204528,24,24,100.0,-2.0962260417954717
NPTS,TECH_PARK,2026-03-12,15.95,9.03,12.859217262272786,24,24,100.0,-3.0907827377272135
NPTS,TECH_PARK,2026-03-13,14.65,9.5,13.528523144140804,24,24,100.0,-1.1214768558591963
NPTS,TECH_PARK,2026-03-14,7.96,10.08,14.354475083467294,24,24,100.0,6.394475083467294
NPTS,TECH_PARK,2026-03-15,3.62,10.01,14.254791228720995,24,24,100.0,10.634791228720996
NPTS,TECH_PARK,2026-03-16,10.98,7.56,10.765856312600471,16,24,66.66666666666667,-0.21414368739952927
NPTS,TECH_PARK,2026-03-17,11.68,9.5,13.528523144140804,24,24,100.0,1.8485231441408043
NPTS,TECH_PARK,2026-03-18,9.98,10.06,14.325993982111209,24,24,100.0,4.345993982111208
NPTS,TECH_PARK,2026-03-19,4.96,10.36,14.753210502452498,24,24,100.0,9.7932105024525
NPTS,TECH_PARK,2026-03-20,8.95,10.01,14.254791228720995,24,24,100.0,5.304791228720996
NPTS,TECH_PARK,2026-03-21,3.88,10.54,15.009540414657272,24,24,100.0,11.12954041465727
NPTS,TECH_PARK,2026-03-22,2.72,10.14,14.439918387535553,24,24,100.0,11.719918387535552
NPTS,TECH_PARK,2026-03-23,10.18,9.67,13.770612505667534,24,24,100.0,3.5906125056675346
NPTS,TECH_PARK,2026-03-24,9.83,9.33,13.286433782614074,24,24,100.0,3.4564337826140736
NPTS,TECH_PARK,2026-03-25,5.81,5.95,8.473127653435556,13,24,54.166666666666664,2.6631276534355566
NPTS,TECH_PARK,2026-03-26,11.45,10.14,14.439918387535553,24,24,100.0,2.9899183875355533
NPTS,TECH_PARK,2026-03-27,13.96,10.370000000000001,14.767451053130541,24,24,100.0,0.8074510531305403
NPTS,TECH_PARK,2026-03-28,10.09,10.73,15.280110877540087,24,24,100.0,5.1901108775400875
NPTS,TECH_PARK,2026-03-29,4.29,10.47,14.90985655991097,24,24,100.0,10.619856559910971
NPTS,TECH_PARK,2026-03-30,12.35,10.200000000000001,14.52536169160381,24,24,100.0,2.175361691603811
NPTS,TECH_PARK,2026-03-31,15.93,10.290000000000001,14.653526647706197,24,24,100.0,-1.2764733522938023
NPTS,TECH_PARK,2026-04-01,13.16,10.15,14.454158938213595,24,24,100.0,1.2941589382135952
NPTS,TECH_PARK,2026-04-02,9.040000000000001,10.28,14.639286097028155,24,24,100.0,5.599286097028154
NPTS,TECH_PARK,2026-04-03,4.78,10.7,15.237389225505959,24,24,100.0,10.45738922550596
NPTS,TECH_PARK,2026-04-04,7.7,10.57,15.0522620666914,24,24,100.0,7.3522620666914
NPTS,TECH_PARK,2026-04-05,3.23,10.06,14.325993982111209,24,24,100.0,11.095993982111208
NPTS,TECH_PARK,2026-04-06,14.07,10.23,14.568083343637939,24,24,100.0,0.4980833436379388
NPTS,TECH_PARK,2026-04-07,7.84,9.9,14.098145171262523,24,24,100.0,6.258145171262523
NPTS,TECH_PARK,2026-04-08,14.05,9.77,13.913018012447964,24,24,100.0,-0.13698198755203705
NPTS,TECH_PARK,2026-04-09,10.11,10.27,14.625045546350112,24,24,100.0,4.5150455463501125
NPTS,TECH_PARK,2026-04-10,14.45,10.48,14.924097110589013,24,24,100.0,0.47409711058901394
NPTS,TECH_PARK,2026-04-11,5.7,10.44,14.86713490787684,24,24,100.0,9.16713490787684
NPTS,TECH_PARK,2026-04-12,1.6800000000000002,10.49,14.938337661267056,24,24,100.0,13.258337661267056
NPTS,TECH_PARK,2026-04-13,12.66,10.530000000000001,14.995299863979229,24,24,100.0,2.3352998639792286
NPTS,TECH_PARK,2026-04-14,3.73,10.2,14.52536169160381,24,24,100.0,10.79536169160381
NPTS,TECH_PARK,2026-04-15,9.39,10.09,14.368715634145339,24,24,100.0,4.978715634145338
NPTS,TECH_PARK,2026-04-16,10.32,10.66,15.180427022793786,24,24,100.0,4.860427022793786
NPTS,TECH_PARK,2026-04-17,14.08,10.26,14.610804995672067,24,24,100.0,0.5308049956720673
NPTS,TECH_PARK,2026-04-18,6.8100000000000005,10.94,15.579162441778989,24,24,100.0,8.769162441778988
NPTS,TECH_PARK,2026-04-19,3.83,9.99,14.226310127364908,24,24,100.0,10.396310127364908
NPTS,TECH_PARK,2026-04-20,8.94,10.2,14.52536169160381,24,24,100.0,5.585361691603811
NPTS,TECH_PARK,2026-04-21,12.72,10.03,14.28327233007708,24,24,100.0,1.5632723300770799
NPTS,TECH_PARK,2026-04-22,10.120000000000001,10.24,14.582323894315982,24,24,100.0,4.462323894315981
SeasonalNaive-24,BE_BLOCK_OHT,2026-03-09,47.06,21.51,21.044808906729603,24,24,100.0,-26.0151910932704
SeasonalNaive-24,BE_BLOCK_OHT,2026-03-10,51.32,47.06,46.0422457996604,24,24,100.0,-5.277754200339601
SeasonalNaive-24,BE_BLOCK_OHT,2026-03-11,46.35,51.32,50.21011590392205,24,24,100.0,3.8601159039220505
SeasonalNaive-24,BE_BLOCK_OHT,2026-03-12,42.4,46.35,45.34760078228346,24,24,100.0,2.947600782283459
SeasonalNaive-24,BE_BLOCK_OHT,2026-03-13,39.0,42.4,41.48302638983427,24,24,100.0,2.483026389834272
SeasonalNaive-24,BE_BLOCK_OHT,2026-03-14,33.69,39.0,38.15655729253624,24,24,100.0,4.466557292536244
SeasonalNaive-24,BE_BLOCK_OHT,2026-03-15,21.87,33.69,32.961395261167844,24,24,100.0,11.091395261167843
SeasonalNaive-24,BE_BLOCK_OHT,2026-03-16,19.19,14.73,14.411438177411766,14,24,58.333333333333336,-4.778561822588236
SeasonalNaive-24,BE_BLOCK_OHT,2026-03-17,36.19,32.89714285714285,32.18568503049541,24,24,100.0,-4.004314969504591
SeasonalNaive-24,BE_BLOCK_OHT,2026-03-18,40.11,36.19,35.40732842094581,24,24,100.0,-4.70267157905419
SeasonalNaive-24,BE_BLOCK_OHT,2026-03-19,25.88,40.11,39.24255161547766,24,24,100.0,13.36255161547766
SeasonalNaive-24,BE_BLOCK_OHT,2026-03-20,35.96,25.88,25.320300070021485,24,24,100.0,-10.639699929978516
SeasonalNaive-24,BE_BLOCK_OHT,2026-03-21,16.07,35.96,35.182302570246236,24,24,100.0,19.112302570246236
SeasonalNaive-24,BE_BLOCK_OHT,2026-03-22,13.57,16.07,15.722458351052754,24,24,100.0,2.152458351052754
SeasonalNaive-24,BE_BLOCK_OHT,2026-03-23,42.75,13.57,13.276525191274791,24,24,100.0,-29.473474808725207
SeasonalNaive-24,BE_BLOCK_OHT,2026-03-24,38.89,42.75,41.82545703220319,24,24,100.0,2.935457032203189
SeasonalNaive-24,BE_BLOCK_OHT,2026-03-25,23.46,25.99,25.427921129051718,13,24,54.166666666666664,1.9679211290517173
SeasonalNaive-24,BE_BLOCK_OHT,2026-03-26,69.67,43.31076923076923,42.374098654811846,24,24,100.0,-27.295901345188156
SeasonalNaive-24,BE_BLOCK_OHT,2026-03-27,47.07,69.67,68.16326529669232,24,24,100.0,21.093265296692316
SeasonalNaive-24,BE_BLOCK_OHT,2026-03-28,48.38,47.07,46.052029532299514,24,24,100.0,-2.3279704677004887
SeasonalNaive-24,BE_BLOCK_OHT,2026-03-29,35.89,48.38,47.33369850802317,24,24,100.0,11.443698508023168
SeasonalNaive-24,BE_BLOCK_OHT,2026-03-30,64.01,35.89,35.11381644177246,24,24,100.0,-28.89618355822755
SeasonalNaive-24,BE_BLOCK_OHT,2026-03-31,48.9,64.01,62.625672622955,24,24,100.0,13.725672622955003
SeasonalNaive-24,BE_BLOCK_OHT,2026-04-01,37.800000000000004,48.9,47.84245260525698,24,24,100.0,10.042452605256976
SeasonalNaive-24,BE_BLOCK_OHT,2026-04-02,42.96,37.800000000000004,36.982509375842824,24,24,100.0,-5.977490624157177
SeasonalNaive-24,BE_BLOCK_OHT,2026-04-03,34.88,42.96,42.03091541762454,24,24,100.0,7.150915417624539
SeasonalNaive-24,BE_BLOCK_OHT,2026-04-04,46.78,34.88,34.125659445222155,24,24,100.0,-12.654340554777846
SeasonalNaive-24,BE_BLOCK_OHT,2026-04-05,31.39,46.78,45.76830128576527,24,24,100.0,14.378301285765268
SeasonalNaive-24,BE_BLOCK_OHT,2026-04-06,44.87,31.39,30.71113675417212,24,24,100.0,-14.158863245827877
SeasonalNaive-24,BE_BLOCK_OHT,2026-04-07,44.28,44.87,43.8996083516949,24,24,100.0,-0.38039164830509975
SeasonalNaive-24,BE_BLOCK_OHT,2026-04-08,43.76,44.28,43.3223681259873,24,24,100.0,-0.43763187401269477
SeasonalNaive-24,BE_BLOCK_OHT,2026-04-09,41.69,43.76,42.813614028753484,24,24,100.0,1.1236140287534866
SeasonalNaive-24,BE_BLOCK_OHT,2026-04-10,50.27,41.69,40.78838137245734,24,24,100.0,-9.481618627542666
SeasonalNaive-24,BE_BLOCK_OHT,2026-04-11,57.52,50.27,49.18282397681531,24,24,100.0,-8.337176023184696
SeasonalNaive-24,BE_BLOCK_OHT,2026-04-12,33.46,57.52,56.2760301401714,24,24,100.0,22.8160301401714
SeasonalNaive-24,BE_BLOCK_OHT,2026-04-13,46.93,33.46,32.73636941046827,24,24,100.0,-14.193630589531729
SeasonalNaive-24,BE_BLOCK_OHT,2026-04-14,45.53,46.93,45.91505727535195,24,24,100.0,0.3850572753519472
SeasonalNaive-24,BE_BLOCK_OHT,2026-04-15,53.9,45.53,44.545334705876286,24,24,100.0,-9.354665294123713
SeasonalNaive-24,BE_BLOCK_OHT,2026-04-16,57.38,53.9,52.73431892481291,24,24,100.0,-4.645681075187092
SeasonalNaive-24,BE_BLOCK_OHT,2026-04-17,38.49,57.38,56.139057883223835,24,24,100.0,17.649057883223833
SeasonalNaive-24,BE_BLOCK_OHT,2026-04-18,35.75,38.49,37.65758692794154,24,24,100.0,1.9075869279415372
SeasonalNaive-24,BE_BLOCK_OHT,2026-04-19,45.81,35.75,34.97684418482489,24,24,100.0,-10.833155815175111
SeasonalNaive-24,BE_BLOCK_OHT,2026-04-20,47.88,45.81,44.81927921977142,24,24,100.0,-3.0607207802285856
SeasonalNaive-24,BE_BLOCK_OHT,2026-04-21,42.81,47.88,46.84451187606757,24,24,100.0,4.034511876067569
SeasonalNaive-24,BE_BLOCK_OHT,2026-04-22,32.72,42.81,41.88415942803786,24,24,100.0,9.164159428037863
SeasonalNaive-24,BE_BLOCK_RO,2026-03-09,0.18,0.04,0.038185574657940716,24,24,100.0,-0.1418144253420593
SeasonalNaive-24,BE_BLOCK_RO,2026-03-10,0.19,0.18,0.1718350859607332,24,24,100.0,-0.01816491403926679
SeasonalNaive-24,BE_BLOCK_RO,2026-03-11,0.0,0.19,0.18138147962521842,24,24,100.0,0.18138147962521842
SeasonalNaive-24,BE_BLOCK_RO,2026-03-12,0.0,0.0,0.0,24,24,100.0,0.0
SeasonalNaive-24,BE_BLOCK_RO,2026-03-13,0.0,0.0,0.0,24,24,100.0,0.0
SeasonalNaive-24,BE_BLOCK_RO,2026-03-14,0.11,0.0,0.0,13,24,54.166666666666664,-0.11
SeasonalNaive-24,BE_BLOCK_RO,2026-03-15,0.44,0.20307692307692307,0.19386522518646826,19,24,79.16666666666667,-0.24613477481353174
SeasonalNaive-24,BE_BLOCK_RO,2026-03-16,0.79,0.5457894736842106,0.5210321173721648,16,24,66.66666666666667,-0.2689678826278352
SeasonalNaive-24,BE_BLOCK_RO,2026-03-17,0.67,1.185,1.1312476492414938,24,24,100.0,0.46124764924149375
SeasonalNaive-24,BE_BLOCK_RO,2026-03-18,0.88,0.67,0.639608375520507,24,24,100.0,-0.24039162447949303
SeasonalNaive-24,BE_BLOCK_RO,2026-03-19,0.16,0.88,0.8400826424746958,24,24,100.0,0.6800826424746957
SeasonalNaive-24,BE_BLOCK_RO,2026-03-20,0.97,0.16,0.15274229863176286,24,24,100.0,-0.8172577013682372
SeasonalNaive-24,BE_BLOCK_RO,2026-03-21,0.18,0.97,0.9260001854550624,24,24,100.0,0.7460001854550624
SeasonalNaive-24,BE_BLOCK_RO,2026-03-22,0.02,0.18,0.1718350859607332,24,24,100.0,0.15183508596073322
SeasonalNaive-24,BE_BLOCK_RO,2026-03-23,1.3499999999999999,0.02,0.019092787328970358,24,24,100.0,-1.3309072126710295
SeasonalNaive-24,BE_BLOCK_RO,2026-03-24,0.51,1.3499999999999999,1.288763144705499,24,24,100.0,0.778763144705499
SeasonalNaive-24,BE_BLOCK_RO,2026-03-25,0.29000000000000004,0.33,0.3150309909280109,13,24,54.166666666666664,0.025030990928010866
SeasonalNaive-24,BE_BLOCK_RO,2026-03-26,0.53,0.5353846153846155,0.5110992300370527,24,24,100.0,-0.018900769962947317
SeasonalNaive-24,BE_BLOCK_RO,2026-03-27,0.29,0.53,0.5059588642177145,24,24,100.0,0.21595886421771454
SeasonalNaive-24,BE_BLOCK_RO,2026-03-28,0.22,0.29,0.2768454162700702,24,24,100.0,0.0568454162700702
SeasonalNaive-24,BE_BLOCK_RO,2026-03-29,0.02,0.22,0.21002066061867394,24,24,100.0,0.19002066061867395
SeasonalNaive-24,BE_BLOCK_RO,2026-03-30,0.27,0.02,0.019092787328970358,24,24,100.0,-0.25090721267102967
SeasonalNaive-24,BE_BLOCK_RO,2026-03-31,0.32,0.27,0.25775262894109985,24,24,100.0,-0.06224737105890016
SeasonalNaive-24,BE_BLOCK_RO,2026-04-01,0.25,0.32,0.3054845972635257,24,24,100.0,0.055484597263525726
SeasonalNaive-24,BE_BLOCK_RO,2026-04-02,0.38,0.25,0.23865984161212947,24,24,100.0,-0.14134015838787053
SeasonalNaive-24,BE_BLOCK_RO,2026-04-03,0.17,0.38,0.36276295925043683,24,24,100.0,0.19276295925043682
SeasonalNaive-24,BE_BLOCK_RO,2026-04-04,0.05,0.17,0.16228869229624804,24,24,100.0,0.11228869229624804
SeasonalNaive-24,BE_BLOCK_RO,2026-04-05,0.02,0.05,0.04773196832242589,24,24,100.0,0.02773196832242589
SeasonalNaive-24,BE_BLOCK_RO,2026-04-06,0.45,0.02,0.019092787328970358,24,24,100.0,-0.43090721267102966
SeasonalNaive-24,BE_BLOCK_RO,2026-04-07,0.49,0.45,0.42958771490183306,24,24,100.0,-0.06041228509816693
SeasonalNaive-24,BE_BLOCK_RO,2026-04-08,0.37,0.49,0.46777328955977376,24,24,100.0,0.09777328955977377
SeasonalNaive-24,BE_BLOCK_RO,2026-04-09,0.33,0.37,0.3532165655859516,24,24,100.0,0.023216565585951587
SeasonalNaive-24,BE_BLOCK_RO,2026-04-10,0.39,0.33,0.3150309909280109,24,24,100.0,-0.07496900907198911
SeasonalNaive-24,BE_BLOCK_RO,2026-04-11,0.15,0.39,0.372309352914922,24,24,100.0,0.22230935291492201
SeasonalNaive-24,BE_BLOCK_RO,2026-04-12,0.06,0.15,0.1431959049672777,24,24,100.0,0.08319590496727769
SeasonalNaive-24,BE_BLOCK_RO,2026-04-13,0.36,0.06,0.057278361986911074,24,24,100.0,-0.30272163801308893
SeasonalNaive-24,BE_BLOCK_RO,2026-04-14,0.07,0.36,0.3436701719214664,24,24,100.0,0.2736701719214664
SeasonalNaive-24,BE_BLOCK_RO,2026-04-15,0.36,0.07,0.06682475565139626,24,24,100.0,-0.29317524434860376
SeasonalNaive-24,BE_BLOCK_RO,2026-04-16,0.4,0.36,0.3436701719214664,24,24,100.0,-0.056329828078533595
SeasonalNaive-24,BE_BLOCK_RO,2026-04-17,0.35000000000000003,0.4,0.38185574657940713,24,24,100.0,0.031855746579407096
SeasonalNaive-24,BE_BLOCK_RO,2026-04-18,0.14,0.35000000000000003,0.3341237782569813,24,24,100.0,0.1941237782569813
SeasonalNaive-24,BE_BLOCK_RO,2026-04-19,0.04,0.14,0.1336495113027925,24,24,100.0,0.0936495113027925
SeasonalNaive-24,BE_BLOCK_RO,2026-04-20,0.36000000000000004,0.04,0.038185574657940716,24,24,100.0,-0.32181442534205934
SeasonalNaive-24,BE_BLOCK_RO,2026-04-21,0.4,0.36000000000000004,0.3436701719214664,24,24,100.0,-0.056329828078533595
SeasonalNaive-24,BE_BLOCK_RO,2026-04-22,0.3,0.4,0.38185574657940713,24,24,100.0,0.08185574657940714
SeasonalNaive-24,CRICKET_GROUND_OHT,2026-03-09,0.1,0.01,0.009554874434935936,24,24,100.0,-0.09044512556506407
SeasonalNaive-24,CRICKET_GROUND_OHT,2026-03-10,0.16000000000000003,0.1,0.09554874434935935,24,24,100.0,-0.06445125565064068
SeasonalNaive-24,CRICKET_GROUND_OHT,2026-03-11,0.25,0.16000000000000003,0.15287799095897497,24,24,100.0,-0.09712200904102503
SeasonalNaive-24,CRICKET_GROUND_OHT,2026-03-12,0.16,0.25,0.23887186087339837,24,24,100.0,0.07887186087339837
SeasonalNaive-24,CRICKET_GROUND_OHT,2026-03-13,0.1,0.16,0.15287799095897497,24,24,100.0,0.05287799095897497
SeasonalNaive-24,CRICKET_GROUND_OHT,2026-03-14,0.0,0.1,0.09554874434935937,24,24,100.0,0.09554874434935937
SeasonalNaive-24,CRICKET_GROUND_OHT,2026-03-15,0.19,0.0,0.0,24,24,100.0,-0.19
SeasonalNaive-24,CRICKET_GROUND_OHT,2026-03-16,0.11000000000000001,0.19,0.18154261426378276,15,24,62.5,0.07154261426378275
SeasonalNaive-24,CRICKET_GROUND_OHT,2026-03-17,0.19,0.17600000000000002,0.16816579005487248,24,24,100.0,-0.021834209945127525
SeasonalNaive-24,CRICKET_GROUND_OHT,2026-03-18,0.12,0.19,0.18154261426378276,24,24,100.0,0.06154261426378277
SeasonalNaive-24,CRICKET_GROUND_OHT,2026-03-19,0.11,0.12,0.11465849321923122,24,24,100.0,0.004658493219231216
SeasonalNaive-24,CRICKET_GROUND_OHT,2026-03-20,0.16,0.11,0.10510361878429529,24,24,100.0,-0.05489638121570471
SeasonalNaive-24,CRICKET_GROUND_OHT,2026-03-21,0.07,0.16,0.15287799095897497,24,24,100.0,0.08287799095897497
SeasonalNaive-24,CRICKET_GROUND_OHT,2026-03-22,0.06,0.07,0.06688412104455155,24,24,100.0,0.00688412104455155
SeasonalNaive-24,CRICKET_GROUND_OHT,2026-03-23,0.11,0.06,0.057329246609615615,24,24,100.0,-0.052670753390384385
SeasonalNaive-24,CRICKET_GROUND_OHT,2026-03-24,0.8400000000000001,0.11,0.10510361878429529,24,24,100.0,-0.7348963812157048
SeasonalNaive-24,CRICKET_GROUND_OHT,2026-03-25,0.03,0.81,0.7739448292298108,13,24,54.166666666666664,0.7439448292298108
SeasonalNaive-24,CRICKET_GROUND_OHT,2026-03-26,0.02,0.05538461538461538,0.052919304562722105,24,24,100.0,0.0329193045627221
SeasonalNaive-24,CRICKET_GROUND_OHT,2026-03-27,0.1,0.02,0.019109748869871872,24,24,100.0,-0.08089025113012813
SeasonalNaive-24,CRICKET_GROUND_OHT,2026-03-28,1.1600000000000001,0.1,0.09554874434935937,24,24,100.0,-1.0644512556506407
SeasonalNaive-24,CRICKET_GROUND_OHT,2026-03-29,0.65,1.1600000000000001,1.1083654344525684,24,24,100.0,0.4583654344525684
SeasonalNaive-24,CRICKET_GROUND_OHT,2026-03-30,0.04,0.65,0.6210668382708358,24,24,100.0,0.5810668382708357
SeasonalNaive-24,CRICKET_GROUND_OHT,2026-03-31,0.37,0.04,0.038219497739743744,24,24,100.0,-0.33178050226025624
SeasonalNaive-24,CRICKET_GROUND_OHT,2026-04-01,0.5700000000000001,0.37,0.3535303540926296,24,24,100.0,-0.21646964590737044
SeasonalNaive-24,CRICKET_GROUND_OHT,2026-04-02,0.05,0.5700000000000001,0.5446278427913483,24,24,100.0,0.49462784279134836
SeasonalNaive-24,CRICKET_GROUND_OHT,2026-04-03,0.1,0.05,0.04777437217467968,24,24,100.0,-0.05222562782532032
SeasonalNaive-24,CRICKET_GROUND_OHT,2026-04-04,0.33,0.1,0.09554874434935935,24,24,100.0,-0.23445125565064068
SeasonalNaive-24,CRICKET_GROUND_OHT,2026-04-05,0.13,0.33,0.31531085635288586,24,24,100.0,0.18531085635288586
SeasonalNaive-24,CRICKET_GROUND_OHT,2026-04-06,0.28,0.13,0.12421336765416716,24,24,100.0,-0.15578663234583287
SeasonalNaive-24,CRICKET_GROUND_OHT,2026-04-07,0.05,0.28,0.2675364841782062,24,24,100.0,0.2175364841782062
SeasonalNaive-24,CRICKET_GROUND_OHT,2026-04-08,0.03,0.05,0.04777437217467968,24,24,100.0,0.017774372174679684
SeasonalNaive-24,CRICKET_GROUND_OHT,2026-04-09,0.14,0.03,0.028664623304807808,24,24,100.0,-0.11133537669519221
SeasonalNaive-24,CRICKET_GROUND_OHT,2026-04-10,0.1,0.14,0.1337682420891031,24,24,100.0,0.03376824208910309
SeasonalNaive-24,CRICKET_GROUND_OHT,2026-04-11,0.16,0.1,0.09554874434935935,24,24,100.0,-0.06445125565064065
SeasonalNaive-24,CRICKET_GROUND_OHT,2026-04-12,0.04,0.16,0.15287799095897497,24,24,100.0,0.11287799095897497
SeasonalNaive-24,CRICKET_GROUND_OHT,2026-04-13,0.04,0.04,0.038219497739743744,24,24,100.0,-0.0017805022602562573
SeasonalNaive-24,CRICKET_GROUND_OHT,2026-04-14,0.02,0.04,0.038219497739743744,24,24,100.0,0.018219497739743743
SeasonalNaive-24,CRICKET_GROUND_OHT,2026-04-15,0.05,0.02,0.019109748869871872,24,24,100.0,-0.03089025113012813
SeasonalNaive-24,CRICKET_GROUND_OHT,2026-04-16,0.05,0.05,0.04777437217467968,24,24,100.0,-0.00222562782532032
SeasonalNaive-24,CRICKET_GROUND_OHT,2026-04-17,0.42,0.05,0.04777437217467968,24,24,100.0,-0.3722256278253203
SeasonalNaive-24,CRICKET_GROUND_OHT,2026-04-18,0.66,0.42,0.4013047262673093,24,24,100.0,-0.25869527373269074
SeasonalNaive-24,CRICKET_GROUND_OHT,2026-04-19,0.08,0.66,0.6306217127057717,24,24,100.0,0.5506217127057718
SeasonalNaive-24,CRICKET_GROUND_OHT,2026-04-20,0.08,0.08,0.07643899547948749,24,24,100.0,-0.0035610045205125146
SeasonalNaive-24,CRICKET_GROUND_OHT,2026-04-21,0.05,0.08,0.07643899547948749,24,24,100.0,0.026438995479487484
SeasonalNaive-24,CRICKET_GROUND_OHT,2026-04-22,0.07,0.05,0.04777437217467968,24,24,100.0,-0.022225627825320324
SeasonalNaive-24,F_BLOCK,2026-03-09,21.21,7.6499999999999995,7.613040237261921,24,24,100.0,-13.59695976273808
SeasonalNaive-24,F_BLOCK,2026-03-10,26.98,21.21,21.1075272460556,24,24,100.0,-5.8724727539444
SeasonalNaive-24,F_BLOCK,2026-03-11,19.37,26.98,26.849650405402173,24,24,100.0,7.479650405402172
SeasonalNaive-24,F_BLOCK,2026-03-12,23.529999999999998,19.37,19.27641691447888,24,24,100.0,-4.253583085521118
SeasonalNaive-24,F_BLOCK,2026-03-13,21.44,23.529999999999998,23.41631853369582,24,24,100.0,1.9763185336958173
SeasonalNaive-24,F_BLOCK,2026-03-14,13.27,21.44,21.336416037502694,24,24,100.0,8.066416037502695
SeasonalNaive-24,F_BLOCK,2026-03-15,8.290000000000001,13.27,13.205888097838653,24,24,100.0,4.915888097838652
SeasonalNaive-24,F_BLOCK,2026-03-16,15.61,6.55,6.518354712949749,15,24,62.5,-9.09164528705025
SeasonalNaive-24,F_BLOCK,2026-03-17,22.28,24.976,24.855332413837093,24,24,100.0,2.575332413837092
SeasonalNaive-24,F_BLOCK,2026-03-18,26.59,22.28,22.172357710613806,24,24,100.0,-4.417642289386194
SeasonalNaive-24,F_BLOCK,2026-03-19,31.88,26.59,26.461534628600585,24,24,100.0,-5.418465371399414
SeasonalNaive-24,F_BLOCK,2026-03-20,30.42,31.88,31.725976831883667,24,24,100.0,1.3059768318836653
SeasonalNaive-24,F_BLOCK,2026-03-21,8.86,30.42,30.273030590523877,24,24,100.0,21.413030590523878
SeasonalNaive-24,F_BLOCK,2026-03-22,10.67,8.86,8.81719431400531,24,24,100.0,-1.8528056859946904
SeasonalNaive-24,F_BLOCK,2026-03-23,14.21,10.67,10.618449585828065,24,24,100.0,-3.5915504141719357
SeasonalNaive-24,F_BLOCK,2026-03-24,13.549999999999999,14.21,14.141346636796326,24,24,100.0,0.5913466367963274
SeasonalNaive-24,F_BLOCK,2026-03-25,8.0,8.27,8.2300448055106,13,24,54.166666666666664,0.23004480551059991
SeasonalNaive-24,F_BLOCK,2026-03-26,14.12,14.76923076923077,14.697875571184404,24,24,100.0,0.5778755711844052
SeasonalNaive-24,F_BLOCK,2026-03-27,18.64,14.12,14.051781457534421,24,24,100.0,-4.5882185424655795
SeasonalNaive-24,F_BLOCK,2026-03-28,24.51,18.64,18.54994379379898,24,24,100.0,-5.9600562062010205
SeasonalNaive-24,F_BLOCK,2026-03-29,1.39,24.51,24.39158381899212,24,24,100.0,23.00158381899212
SeasonalNaive-24,F_BLOCK,2026-03-30,16.69,1.39,1.3832844352671987,24,24,100.0,-15.306715564732803
SeasonalNaive-24,F_BLOCK,2026-03-31,17.23,16.69,16.60936490979104,24,24,100.0,-0.6206350902089603
SeasonalNaive-24,F_BLOCK,2026-04-01,18.34,17.23,17.14675598536247,24,24,100.0,-1.1932440146375285
SeasonalNaive-24,F_BLOCK,2026-04-02,23.98,18.34,18.2513931962593,24,24,100.0,-5.7286068037407
SeasonalNaive-24,F_BLOCK,2026-04-03,21.96,23.98,23.864144430005343,24,24,100.0,1.904144430005342
SeasonalNaive-24,F_BLOCK,2026-04-04,17.08,21.96,21.853903739904812,24,24,100.0,4.773903739904814
SeasonalNaive-24,F_BLOCK,2026-04-05,4.34,17.08,16.99748068659263,24,24,100.0,12.657480686592631
SeasonalNaive-24,F_BLOCK,2026-04-06,18.23,4.34,4.3190319777407495,24,24,100.0,-13.91096802225925
SeasonalNaive-24,F_BLOCK,2026-04-07,22.28,18.23,18.14192464382808,24,24,100.0,-4.138075356171921
SeasonalNaive-24,F_BLOCK,2026-04-08,18.39,22.28,22.172357710613806,24,24,100.0,3.7823577106138053
SeasonalNaive-24,F_BLOCK,2026-04-09,20.9,18.39,18.30115162918258,24,24,100.0,-2.598848370817418
SeasonalNaive-24,F_BLOCK,2026-04-10,19.97,20.9,20.799024961931263,24,24,100.0,0.829024961931264
SeasonalNaive-24,F_BLOCK,2026-04-11,11.95,19.97,19.873518109558244,24,24,100.0,7.923518109558245
SeasonalNaive-24,F_BLOCK,2026-04-12,8.959999999999999,11.95,11.892265468664046,24,24,100.0,2.9322654686640472
SeasonalNaive-24,F_BLOCK,2026-04-13,28.22,8.959999999999999,8.916711179851871,24,24,100.0,-19.303288820148126
SeasonalNaive-24,F_BLOCK,2026-04-14,17.03,28.22,28.083659541899532,24,24,100.0,11.053659541899531
SeasonalNaive-24,F_BLOCK,2026-04-15,16.83,17.03,16.94772225366935,24,24,100.0,0.11772225366935274
SeasonalNaive-24,F_BLOCK,2026-04-16,17.76,16.83,16.748688521976227,24,24,100.0,-1.0113114780237744
SeasonalNaive-24,F_BLOCK,2026-04-17,19.49,17.76,17.674195374349246,24,24,100.0,-1.8158046256507525
SeasonalNaive-24,F_BLOCK,2026-04-18,13.9,19.49,19.395837153494753,24,24,100.0,5.495837153494753
SeasonalNaive-24,F_BLOCK,2026-04-19,7.109999999999999,13.9,13.832844352671987,24,24,100.0,6.722844352671988
SeasonalNaive-24,F_BLOCK,2026-04-20,20.21,7.109999999999999,7.0756491616904915,24,24,100.0,-13.134350838309508
SeasonalNaive-24,F_BLOCK,2026-04-21,17.93,20.21,20.11235858758999,24,24,100.0,2.1823585875899916
SeasonalNaive-24,F_BLOCK,2026-04-22,19.18,17.93,17.8433740462884,24,24,100.0,-1.3366259537116
SeasonalNaive-24,GJBC_BLOCK_1_A1_BOYS,2026-03-09,4.14,4.55,4.585260598693208,24,24,100.0,0.4452605986932081
SeasonalNaive-24,GJBC_BLOCK_1_A1_BOYS,2026-03-10,3.2600000000000002,4.14,4.172083270019754,24,24,100.0,0.9120832700197536
SeasonalNaive-24,GJBC_BLOCK_1_A1_BOYS,2026-03-11,3.7600000000000002,3.2600000000000002,3.2852636377450235,24,24,100.0,-0.47473636225497673
SeasonalNaive-24,GJBC_BLOCK_1_A1_BOYS,2026-03-12,3.79,3.7600000000000002,3.7891384288102112,24,24,100.0,-0.0008615711897888012
SeasonalNaive-24,GJBC_BLOCK_1_A1_BOYS,2026-03-13,3.2800000000000002,3.79,3.819370916274122,24,24,100.0,0.5393709162741218
SeasonalNaive-24,GJBC_BLOCK_1_A1_BOYS,2026-03-14,4.1000000000000005,3.2800000000000002,3.305418629387631,24,24,100.0,-0.7945813706123697
SeasonalNaive-24,GJBC_BLOCK_1_A1_BOYS,2026-03-15,2.1999999999999997,4.1000000000000005,4.131773286734538,24,24,100.0,1.9317732867345385
SeasonalNaive-24,GJBC_BLOCK_1_A1_BOYS,2026-03-16,4.12,2.1999999999999997,2.2170490806868255,24,24,100.0,-1.9029509193131746
SeasonalNaive-24,GJBC_BLOCK_1_A1_BOYS,2026-03-17,2.83,4.12,4.151928278377146,24,24,100.0,1.321928278377146
SeasonalNaive-24,GJBC_BLOCK_1_A1_BOYS,2026-03-18,2.84,2.83,2.8519313174289618,24,24,100.0,0.011931317428961918
SeasonalNaive-24,GJBC_BLOCK_1_A1_BOYS,2026-03-19,2.14,2.84,2.8620088132502657,24,24,100.0,0.7220088132502656
SeasonalNaive-24,GJBC_BLOCK_1_A1_BOYS,2026-03-20,3.8000000000000003,2.14,2.156584105759003,24,24,100.0,-1.6434158942409973
SeasonalNaive-24,GJBC_BLOCK_1_A1_BOYS,2026-03-21,2.03,3.8000000000000003,3.829448412095426,24,24,100.0,1.7994484120954262
SeasonalNaive-24,GJBC_BLOCK_1_A1_BOYS,2026-03-22,1.25,2.03,2.0457316517246618,24,24,100.0,0.7957316517246618
SeasonalNaive-24,GJBC_BLOCK_1_A1_BOYS,2026-03-23,3.45,1.25,1.259686977662969,24,24,100.0,-2.190313022337031
SeasonalNaive-24,GJBC_BLOCK_1_A1_BOYS,2026-03-24,3.34,3.45,3.4767360583497946,24,24,100.0,0.13673605834979474
SeasonalNaive-24,GJBC_BLOCK_1_A1_BOYS,2026-03-25,1.24,1.33,1.340306944233399,13,24,54.166666666666664,0.10030694423339903
SeasonalNaive-24,GJBC_BLOCK_1_A1_BOYS,2026-03-26,2.6,2.289230769230769,2.3069713510923053,24,24,100.0,-0.29302864890769476
SeasonalNaive-24,GJBC_BLOCK_1_A1_BOYS,2026-03-27,3.67,2.6,2.6201489135389755,24,24,100.0,-1.0498510864610244
SeasonalNaive-24,GJBC_BLOCK_1_A1_BOYS,2026-03-28,3.79,3.67,3.698440966418477,24,24,100.0,-0.09155903358152306
SeasonalNaive-24,GJBC_BLOCK_1_A1_BOYS,2026-03-29,4.09,3.79,3.819370916274122,24,24,100.0,-0.2706290837258778
SeasonalNaive-24,GJBC_BLOCK_1_A1_BOYS,2026-03-30,2.87,4.09,4.121695790913234,24,24,100.0,1.2516957909132342
SeasonalNaive-24,GJBC_BLOCK_1_A1_BOYS,2026-03-31,3.3000000000000003,2.87,2.892241300714177,24,24,100.0,-0.4077586992858233
SeasonalNaive-24,GJBC_BLOCK_1_A1_BOYS,2026-04-01,3.44,3.3000000000000003,3.3255736210302382,24,24,100.0,-0.11442637896976171
SeasonalNaive-24,GJBC_BLOCK_1_A1_BOYS,2026-04-02,3.75,3.44,3.4666585625284907,24,24,100.0,-0.2833414374715093
SeasonalNaive-24,GJBC_BLOCK_1_A1_BOYS,2026-04-03,3.66,3.75,3.7790609329889073,24,24,100.0,0.11906093298890719
SeasonalNaive-24,GJBC_BLOCK_1_A1_BOYS,2026-04-04,3.48,3.66,3.6883634705971735,24,24,100.0,0.20836347059717353
SeasonalNaive-24,GJBC_BLOCK_1_A1_BOYS,2026-04-05,2.84,3.48,3.506968545813706,24,24,100.0,0.666968545813706
SeasonalNaive-24,GJBC_BLOCK_1_A1_BOYS,2026-04-06,4.3,2.84,2.8620088132502657,24,24,100.0,-1.4379911867497341
SeasonalNaive-24,GJBC_BLOCK_1_A1_BOYS,2026-04-07,4.9,4.3,4.333323203160614,24,24,100.0,-0.5666767968393867
SeasonalNaive-24,GJBC_BLOCK_1_A1_BOYS,2026-04-08,5.49,4.9,4.937972952438839,24,24,100.0,-0.552027047561161
SeasonalNaive-24,GJBC_BLOCK_1_A1_BOYS,2026-04-09,4.17,5.49,5.53254520589576,24,24,100.0,1.36254520589576
SeasonalNaive-24,GJBC_BLOCK_1_A1_BOYS,2026-04-10,5.24,4.17,4.202315757483665,24,24,100.0,-1.0376842425163355
SeasonalNaive-24,GJBC_BLOCK_1_A1_BOYS,2026-04-11,4.64,5.24,5.280607810363167,24,24,100.0,0.6406078103631669
SeasonalNaive-24,GJBC_BLOCK_1_A1_BOYS,2026-04-12,5.86,4.64,4.675958061084941,24,24,100.0,-1.1840419389150592
SeasonalNaive-24,GJBC_BLOCK_1_A1_BOYS,2026-04-13,3.92,5.86,5.905412551283999,24,24,100.0,1.985412551283999
SeasonalNaive-24,GJBC_BLOCK_1_A1_BOYS,2026-04-14,4.45,3.92,3.950378361951071,24,24,100.0,-0.4996216380489291
SeasonalNaive-24,GJBC_BLOCK_1_A1_BOYS,2026-04-15,2.38,4.45,4.48448564048017,24,24,100.0,2.1044856404801697
SeasonalNaive-24,GJBC_BLOCK_1_A1_BOYS,2026-04-16,2.31,2.38,2.398444005470293,24,24,100.0,0.08844400547029307
SeasonalNaive-24,GJBC_BLOCK_1_A1_BOYS,2026-04-17,2.71,2.31,2.3279015347211667,24,24,100.0,-0.3820984652788333
SeasonalNaive-24,GJBC_BLOCK_1_A1_BOYS,2026-04-18,2.45,2.71,2.7310013675733167,24,24,100.0,0.2810013675733165
SeasonalNaive-24,GJBC_BLOCK_1_A1_BOYS,2026-04-19,3.98,2.45,2.4689864762194196,24,24,100.0,-1.5110135237805804
SeasonalNaive-24,GJBC_BLOCK_1_A1_BOYS,2026-04-20,2.85,3.98,4.010843336878893,24,24,100.0,1.160843336878893
SeasonalNaive-24,GJBC_BLOCK_1_A1_BOYS,2026-04-21,4.0600000000000005,2.85,2.8720863090715696,24,24,100.0,-1.187913690928431
SeasonalNaive-24,GJBC_BLOCK_1_A1_BOYS,2026-04-22,2.83,4.0600000000000005,4.0914633034493235,24,24,100.0,1.2614633034493234
SeasonalNaive-24,GJBC_BLOCK_1_A2_GIRLS,2026-03-09,3.98,4.44,4.4723328998699605,24,24,100.0,0.49233289986996054
SeasonalNaive-24,GJBC_BLOCK_1_A2_GIRLS,2026-03-10,2.73,3.98,4.008983094928478,24,24,100.0,1.2789830949284782
SeasonalNaive-24,GJBC_BLOCK_1_A2_GIRLS,2026-03-11,3.27,2.73,2.7498803641092326,24,24,100.0,-0.5201196358907674
SeasonalNaive-24,GJBC_BLOCK_1_A2_GIRLS,2026-03-12,3.73,3.27,3.2938127438231466,24,24,100.0,-0.4361872561768534
SeasonalNaive-24,GJBC_BLOCK_1_A2_GIRLS,2026-03-13,3.0,3.73,3.757162548764629,24,24,100.0,0.757162548764629
SeasonalNaive-24,GJBC_BLOCK_1_A2_GIRLS,2026-03-14,4.08,3.0,3.0218465539661894,24,24,100.0,-1.0581534460338107
SeasonalNaive-24,GJBC_BLOCK_1_A2_GIRLS,2026-03-15,2.08,4.08,4.109711313394018,24,24,100.0,2.029711313394018
SeasonalNaive-24,GJBC_BLOCK_1_A2_GIRLS,2026-03-16,4.0600000000000005,2.08,2.0951469440832247,24,24,100.0,-1.9648530559167758
SeasonalNaive-24,GJBC_BLOCK_1_A2_GIRLS,2026-03-17,2.9,4.0600000000000005,4.08956566970091,24,24,100.0,1.1895656697009103
SeasonalNaive-24,GJBC_BLOCK_1_A2_GIRLS,2026-03-18,2.8,2.9,2.92111833550065,24,24,100.0,0.12111833550064999
SeasonalNaive-24,GJBC_BLOCK_1_A2_GIRLS,2026-03-19,2.04,2.8,2.8203901170351102,24,24,100.0,0.7803901170351102
SeasonalNaive-24,GJBC_BLOCK_1_A2_GIRLS,2026-03-20,3.96,2.04,2.054855656697009,24,24,100.0,-1.9051443433029909
SeasonalNaive-24,GJBC_BLOCK_1_A2_GIRLS,2026-03-21,1.96,3.96,3.98883745123537,24,24,100.0,2.02883745123537
SeasonalNaive-24,GJBC_BLOCK_1_A2_GIRLS,2026-03-22,0.97,1.96,1.974273081924577,24,24,100.0,1.004273081924577
SeasonalNaive-24,GJBC_BLOCK_1_A2_GIRLS,2026-03-23,3.81,0.97,0.9770637191157346,24,24,100.0,-2.8329362808842653
SeasonalNaive-24,GJBC_BLOCK_1_A2_GIRLS,2026-03-24,3.1,3.81,3.8377451235370605,24,24,100.0,0.7377451235370605
SeasonalNaive-24,GJBC_BLOCK_1_A2_GIRLS,2026-03-25,1.56,1.12,1.1281560468140441,13,24,54.166666666666664,-0.4318439531859559
SeasonalNaive-24,GJBC_BLOCK_1_A2_GIRLS,2026-03-26,2.43,2.8800000000000003,2.9009726918075422,24,24,100.0,0.4709726918075421
SeasonalNaive-24,GJBC_BLOCK_1_A2_GIRLS,2026-03-27,3.59,2.43,2.4476957087126134,24,24,100.0,-1.1423042912873864
SeasonalNaive-24,GJBC_BLOCK_1_A2_GIRLS,2026-03-28,4.33,3.59,3.6161430429128734,24,24,100.0,-0.7138569570871267
SeasonalNaive-24,GJBC_BLOCK_1_A2_GIRLS,2026-03-29,3.96,4.33,4.361531859557867,24,24,100.0,0.40153185955786697
SeasonalNaive-24,GJBC_BLOCK_1_A2_GIRLS,2026-03-30,3.1,3.96,3.98883745123537,24,24,100.0,0.8888374512353701
SeasonalNaive-24,GJBC_BLOCK_1_A2_GIRLS,2026-03-31,3.25,3.1,3.122574772431729,24,24,100.0,-0.12742522756827102
SeasonalNaive-24,GJBC_BLOCK_1_A2_GIRLS,2026-04-01,3.58,3.25,3.2736671001300386,24,24,100.0,-0.3063328998699615
SeasonalNaive-24,GJBC_BLOCK_1_A2_GIRLS,2026-04-02,3.81,3.58,3.6060702210663194,24,24,100.0,-0.2039297789336807
SeasonalNaive-24,GJBC_BLOCK_1_A2_GIRLS,2026-04-03,3.64,3.81,3.8377451235370605,24,24,100.0,0.19774512353706042
SeasonalNaive-24,GJBC_BLOCK_1_A2_GIRLS,2026-04-04,4.0,3.64,3.6665071521456434,24,24,100.0,-0.3334928478543566
SeasonalNaive-24,GJBC_BLOCK_1_A2_GIRLS,2026-04-05,2.7600000000000002,4.0,4.029128738621586,24,24,100.0,1.269128738621586
SeasonalNaive-24,GJBC_BLOCK_1_A2_GIRLS,2026-04-06,4.6,2.7600000000000002,2.780098829648894,24,24,100.0,-1.8199011703511054
SeasonalNaive-24,GJBC_BLOCK_1_A2_GIRLS,2026-04-07,5.36,4.6,4.633498049414824,24,24,100.0,-0.7265019505851766
SeasonalNaive-24,GJBC_BLOCK_1_A2_GIRLS,2026-04-08,5.35,5.36,5.399032509752925,24,24,100.0,0.04903250975292561
SeasonalNaive-24,GJBC_BLOCK_1_A2_GIRLS,2026-04-09,4.54,5.35,5.388959687906372,24,24,100.0,0.8489596879063717
SeasonalNaive-24,GJBC_BLOCK_1_A2_GIRLS,2026-04-10,5.19,4.54,4.5730611183355006,24,24,100.0,-0.6169388816644998
SeasonalNaive-24,GJBC_BLOCK_1_A2_GIRLS,2026-04-11,4.71,5.19,5.227794538361508,24,24,100.0,0.5177945383615077
SeasonalNaive-24,GJBC_BLOCK_1_A2_GIRLS,2026-04-12,6.49,4.71,4.744299089726917,24,24,100.0,-1.745700910273083
SeasonalNaive-24,GJBC_BLOCK_1_A2_GIRLS,2026-04-13,3.83,6.49,6.537261378413524,24,24,100.0,2.7072613784135235
SeasonalNaive-24,GJBC_BLOCK_1_A2_GIRLS,2026-04-14,4.22,3.83,3.8578907672301685,24,24,100.0,-0.3621092327698312
SeasonalNaive-24,GJBC_BLOCK_1_A2_GIRLS,2026-04-15,2.59,4.22,4.250730819245773,24,24,100.0,1.6607308192457735
SeasonalNaive-24,GJBC_BLOCK_1_A2_GIRLS,2026-04-16,2.62,2.59,2.608860858257477,24,24,100.0,-0.011139141742523062
SeasonalNaive-24,GJBC_BLOCK_1_A2_GIRLS,2026-04-17,2.74,2.62,2.639079323797139,24,24,100.0,-0.10092067620286116
SeasonalNaive-24,GJBC_BLOCK_1_A2_GIRLS,2026-04-18,2.55,2.74,2.759953185955786,24,24,100.0,0.20995318595578638
SeasonalNaive-24,GJBC_BLOCK_1_A2_GIRLS,2026-04-19,3.98,2.55,2.568569570871261,24,24,100.0,-1.411430429128739
SeasonalNaive-24,GJBC_BLOCK_1_A2_GIRLS,2026-04-20,3.25,3.98,4.008983094928478,24,24,100.0,0.7589830949284782
SeasonalNaive-24,GJBC_BLOCK_1_A2_GIRLS,2026-04-21,4.06,3.25,3.2736671001300386,24,24,100.0,-0.786332899869961
SeasonalNaive-24,GJBC_BLOCK_1_A2_GIRLS,2026-04-22,3.87,4.06,4.08956566970091,24,24,100.0,0.21956566970091007
SeasonalNaive-24,GJBC_BLOCK_1_A3,2026-03-09,4.98,5.45,5.4853953206938275,24,24,100.0,0.5053953206938271
SeasonalNaive-24,GJBC_BLOCK_1_A3,2026-03-10,4.01,4.98,5.012342880193626,24,24,100.0,1.002342880193626
SeasonalNaive-24,GJBC_BLOCK_1_A3,2026-03-11,4.43,4.01,4.036043162565551,24,24,100.0,-0.3939568374344491
SeasonalNaive-24,GJBC_BLOCK_1_A3,2026-03-12,4.44,4.43,4.458770875352965,24,24,100.0,0.01877087535296429
SeasonalNaive-24,GJBC_BLOCK_1_A3,2026-03-13,4.08,4.44,4.468835820895522,24,24,100.0,0.3888358208955216
SeasonalNaive-24,GJBC_BLOCK_1_A3,2026-03-14,4.93,4.08,4.106497781363452,24,24,100.0,-0.8235022186365475
SeasonalNaive-24,GJBC_BLOCK_1_A3,2026-03-15,2.95,4.93,4.962018152480838,24,24,100.0,2.012018152480838
SeasonalNaive-24,GJBC_BLOCK_1_A3,2026-03-16,2.4,2.16,2.1740282371924162,15,24,62.5,-0.2259717628075837
SeasonalNaive-24,GJBC_BLOCK_1_A3,2026-03-17,3.54,3.8400000000000003,3.8649390883420733,24,24,100.0,0.3249390883420733
SeasonalNaive-24,GJBC_BLOCK_1_A3,2026-03-18,3.5100000000000002,3.54,3.5629907220653485,24,24,100.0,0.05299072206534827
SeasonalNaive-24,GJBC_BLOCK_1_A3,2026-03-19,2.5700000000000003,3.5100000000000002,3.532795885437676,24,24,100.0,0.9627958854376759
SeasonalNaive-24,GJBC_BLOCK_1_A3,2026-03-20,4.6,2.5700000000000003,2.586691004437273,24,24,100.0,-2.013308995562727
SeasonalNaive-24,GJBC_BLOCK_1_A3,2026-03-21,2.43,4.6,4.6298749495764415,24,24,100.0,2.1998749495764414
SeasonalNaive-24,GJBC_BLOCK_1_A3,2026-03-22,1.23,2.43,2.4457817668414683,24,24,100.0,1.2157817668414683
SeasonalNaive-24,GJBC_BLOCK_1_A3,2026-03-23,4.4,1.23,1.2379883017345703,24,24,100.0,-3.16201169826543
SeasonalNaive-24,GJBC_BLOCK_1_A3,2026-03-24,3.7,4.4,4.428576038725292,24,24,100.0,0.7285760387252918
SeasonalNaive-24,GJBC_BLOCK_1_A3,2026-03-25,1.44,1.22,1.2279233561920129,13,24,54.166666666666664,-0.21207664380798708
SeasonalNaive-24,GJBC_BLOCK_1_A3,2026-03-26,2.94,2.6584615384615384,2.6757270611598964,24,24,100.0,-0.2642729388401035
SeasonalNaive-24,GJBC_BLOCK_1_A3,2026-03-27,4.37,2.94,2.9590939895118997,24,24,100.0,-1.4109060104881004
SeasonalNaive-24,GJBC_BLOCK_1_A3,2026-03-28,4.54,4.37,4.39838120209762,24,24,100.0,-0.14161879790237997
SeasonalNaive-24,GJBC_BLOCK_1_A3,2026-03-29,4.9,4.54,4.569485276321097,24,24,100.0,-0.33051472367890344
SeasonalNaive-24,GJBC_BLOCK_1_A3,2026-03-30,3.54,4.9,4.931823315853166,24,24,100.0,1.3918233158531663
SeasonalNaive-24,GJBC_BLOCK_1_A3,2026-03-31,3.91,3.54,3.5629907220653485,24,24,100.0,-0.34700927793465164
SeasonalNaive-24,GJBC_BLOCK_1_A3,2026-04-01,4.37,3.91,3.9353937071399754,24,24,100.0,-0.4346062928600247
SeasonalNaive-24,GJBC_BLOCK_1_A3,2026-04-02,4.49,4.37,4.398381202097619,24,24,100.0,-0.09161879790238103
SeasonalNaive-24,GJBC_BLOCK_1_A3,2026-04-03,4.14,4.49,4.519160548608309,24,24,100.0,0.3791605486083096
SeasonalNaive-24,GJBC_BLOCK_1_A3,2026-04-04,3.73,4.14,4.166887454618798,24,24,100.0,0.43688745461879774
SeasonalNaive-24,GJBC_BLOCK_1_A3,2026-04-05,3.36,3.73,3.7542246873739407,24,24,100.0,0.3942246873739408
SeasonalNaive-24,GJBC_BLOCK_1_A3,2026-04-06,5.7299999999999995,3.36,3.381821702299314,24,24,100.0,-2.3481782977006858
SeasonalNaive-24,GJBC_BLOCK_1_A3,2026-04-07,5.4,5.7299999999999995,5.7672137958854375,24,24,100.0,0.3672137958854371
SeasonalNaive-24,GJBC_BLOCK_1_A3,2026-04-08,6.63,5.4,5.43507059298104,24,24,100.0,-1.19492940701896
SeasonalNaive-24,GJBC_BLOCK_1_A3,2026-04-09,4.92,6.63,6.67305889471561,24,24,100.0,1.7530588947156103
SeasonalNaive-24,GJBC_BLOCK_1_A3,2026-04-10,6.55,4.92,4.951953206938281,24,24,100.0,-1.5980467930617186
SeasonalNaive-24,GJBC_BLOCK_1_A3,2026-04-11,5.4,6.55,6.592539330375151,24,24,100.0,1.1925393303751504
SeasonalNaive-24,GJBC_BLOCK_1_A3,2026-04-12,7.41,5.4,5.43507059298104,24,24,100.0,-1.9749294070189602
SeasonalNaive-24,GJBC_BLOCK_1_A3,2026-04-13,4.68,7.41,7.458124647035094,24,24,100.0,2.778124647035094
SeasonalNaive-24,GJBC_BLOCK_1_A3,2026-04-14,5.3100000000000005,4.68,4.710394513916902,24,24,100.0,-0.5996054860830986
SeasonalNaive-24,GJBC_BLOCK_1_A3,2026-04-15,2.71,5.3100000000000005,5.3444860830980225,24,24,100.0,2.6344860830980226
SeasonalNaive-24,GJBC_BLOCK_1_A3,2026-04-16,2.67,2.71,2.7276002420330774,24,24,100.0,0.05760024203307745
SeasonalNaive-24,GJBC_BLOCK_1_A3,2026-04-17,3.2600000000000002,2.67,2.6873404598628476,24,24,100.0,-0.5726595401371526
SeasonalNaive-24,GJBC_BLOCK_1_A3,2026-04-18,2.6700000000000004,3.2600000000000002,3.281172246873739,24,24,100.0,0.6111722468737386
SeasonalNaive-24,GJBC_BLOCK_1_A3,2026-04-19,4.66,2.6700000000000004,2.6873404598628476,24,24,100.0,-1.9726595401371525
SeasonalNaive-24,GJBC_BLOCK_1_A3,2026-04-20,3.2,4.66,4.690264622831786,24,24,100.0,1.490264622831786
SeasonalNaive-24,GJBC_BLOCK_1_A3,2026-04-21,4.93,3.2,3.2207825736183944,24,24,100.0,-1.7092174263816053
SeasonalNaive-24,GJBC_BLOCK_1_A3,2026-04-22,3.59,4.93,4.962018152480838,24,24,100.0,1.3720181524808384
SeasonalNaive-24,GJBC_BLOCK_1_A4_RO,2026-03-09,0.02,0.0,0.0,24,24,100.0,-0.02
SeasonalNaive-24,GJBC_BLOCK_1_A4_RO,2026-03-10,0.01,0.02,0.02,24,24,100.0,0.01
SeasonalNaive-24,GJBC_BLOCK_1_A4_RO,2026-03-11,0.01,0.01,0.01,24,24,100.0,0.0
SeasonalNaive-24,GJBC_BLOCK_1_A4_RO,2026-03-12,0.01,0.01,0.01,24,24,100.0,0.0
SeasonalNaive-24,GJBC_BLOCK_1_A4_RO,2026-03-13,0.01,0.01,0.01,24,24,100.0,0.0
SeasonalNaive-24,GJBC_BLOCK_1_A4_RO,2026-03-14,0.0,0.01,0.01,24,24,100.0,0.01
SeasonalNaive-24,GJBC_BLOCK_1_A4_RO,2026-03-15,0.03,0.0,0.0,24,24,100.0,-0.03
SeasonalNaive-24,GJBC_BLOCK_1_A4_RO,2026-03-16,0.0,0.01,0.01,15,24,62.5,0.01
SeasonalNaive-24,GJBC_BLOCK_1_A4_RO,2026-03-17,0.03,0.0,0.0,24,24,100.0,-0.03
SeasonalNaive-24,GJBC_BLOCK_1_A4_RO,2026-03-18,0.02,0.03,0.03,24,24,100.0,0.009999999999999998
SeasonalNaive-24,GJBC_BLOCK_1_A4_RO,2026-03-19,0.08,0.02,0.02,24,24,100.0,-0.06
SeasonalNaive-24,GJBC_BLOCK_1_A4_RO,2026-03-20,0.09,0.08,0.08,24,24,100.0,-0.009999999999999995
SeasonalNaive-24,GJBC_BLOCK_1_A4_RO,2026-03-21,0.08,0.09,0.09,24,24,100.0,0.009999999999999995
SeasonalNaive-24,GJBC_BLOCK_1_A4_RO,2026-03-22,0.07,0.08,0.08,24,24,100.0,0.009999999999999995
SeasonalNaive-24,GJBC_BLOCK_1_A4_RO,2026-03-23,0.07,0.07,0.07,24,24,100.0,0.0
SeasonalNaive-24,GJBC_BLOCK_1_A4_RO,2026-03-24,0.11,0.07,0.07,24,24,100.0,-0.039999999999999994
SeasonalNaive-24,GJBC_BLOCK_1_A4_RO,2026-03-25,0.060000000000000005,0.07,0.07,13,24,54.166666666666664,0.010000000000000002
SeasonalNaive-24,GJBC_BLOCK_1_A4_RO,2026-03-26,0.09,0.11076923076923077,0.11076923076923077,24,24,100.0,0.020769230769230776
SeasonalNaive-24,GJBC_BLOCK_1_A4_RO,2026-03-27,0.07,0.09,0.09,24,24,100.0,0.01999999999999999
SeasonalNaive-24,GJBC_BLOCK_1_A4_RO,2026-03-28,0.06,0.07,0.07,24,24,100.0,0.010000000000000009
SeasonalNaive-24,GJBC_BLOCK_1_A4_RO,2026-03-29,0.05,0.06,0.06,24,24,100.0,0.009999999999999995
SeasonalNaive-24,GJBC_BLOCK_1_A4_RO,2026-03-30,0.08,0.05,0.05,24,24,100.0,-0.03
SeasonalNaive-24,GJBC_BLOCK_1_A4_RO,2026-03-31,0.08,0.08,0.08,24,24,100.0,0.0
SeasonalNaive-24,GJBC_BLOCK_1_A4_RO,2026-04-01,0.1,0.08,0.08,24,24,100.0,-0.020000000000000004
SeasonalNaive-24,GJBC_BLOCK_1_A4_RO,2026-04-02,0.08,0.1,0.1,24,24,100.0,0.020000000000000004
SeasonalNaive-24,GJBC_BLOCK_1_A4_RO,2026-04-03,0.04,0.08,0.08,24,24,100.0,0.04
SeasonalNaive-24,GJBC_BLOCK_1_A4_RO,2026-04-04,0.48,0.04,0.04,24,24,100.0,-0.44
SeasonalNaive-24,GJBC_BLOCK_1_A4_RO,2026-04-05,0.06,0.48,0.48,24,24,100.0,0.42
SeasonalNaive-24,GJBC_BLOCK_1_A4_RO,2026-04-06,0.06,0.06,0.06,24,24,100.0,0.0
SeasonalNaive-24,GJBC_BLOCK_1_A4_RO,2026-04-07,0.06,0.06,0.06,24,24,100.0,0.0
SeasonalNaive-24,GJBC_BLOCK_1_A4_RO,2026-04-08,0.13,0.06,0.06,24,24,100.0,-0.07
SeasonalNaive-24,GJBC_BLOCK_1_A4_RO,2026-04-09,0.05,0.13,0.13,24,24,100.0,0.08
SeasonalNaive-24,GJBC_BLOCK_1_A4_RO,2026-04-10,0.07,0.05,0.05,24,24,100.0,-0.020000000000000004
SeasonalNaive-24,GJBC_BLOCK_1_A4_RO,2026-04-11,0.13,0.07,0.07,24,24,100.0,-0.06
SeasonalNaive-24,GJBC_BLOCK_1_A4_RO,2026-04-12,0.09,0.13,0.13,24,24,100.0,0.04000000000000001
SeasonalNaive-24,GJBC_BLOCK_1_A4_RO,2026-04-13,0.09,0.09,0.09,24,24,100.0,0.0
SeasonalNaive-24,GJBC_BLOCK_1_A4_RO,2026-04-14,0.1,0.09,0.09,24,24,100.0,-0.010000000000000009
SeasonalNaive-24,GJBC_BLOCK_1_A4_RO,2026-04-15,0.08,0.1,0.1,24,24,100.0,0.020000000000000004
SeasonalNaive-24,GJBC_BLOCK_1_A4_RO,2026-04-16,0.08,0.08,0.08,24,24,100.0,0.0
SeasonalNaive-24,GJBC_BLOCK_1_A4_RO,2026-04-17,0.11,0.08,0.08,24,24,100.0,-0.03
SeasonalNaive-24,GJBC_BLOCK_1_A4_RO,2026-04-18,0.08,0.11,0.11,24,24,100.0,0.03
SeasonalNaive-24,GJBC_BLOCK_1_A4_RO,2026-04-19,0.07,0.08,0.08,24,24,100.0,0.009999999999999995
SeasonalNaive-24,GJBC_BLOCK_1_A4_RO,2026-04-20,0.08,0.07,0.07,24,24,100.0,-0.009999999999999995
SeasonalNaive-24,GJBC_BLOCK_1_A4_RO,2026-04-21,0.12,0.08,0.08,24,24,100.0,-0.039999999999999994
SeasonalNaive-24,GJBC_BLOCK_1_A4_RO,2026-04-22,0.05,0.12,0.12,24,24,100.0,0.06999999999999999
SeasonalNaive-24,GJBC_BLOCK_2_A1,2026-03-09,11.52,2.23,2.2064556303208294,24,24,100.0,-9.313544369679171
SeasonalNaive-24,GJBC_BLOCK_2_A1,2026-03-10,12.47,11.52,11.398371686679802,24,24,100.0,-1.0716283133201987
SeasonalNaive-24,GJBC_BLOCK_2_A1,2026-03-11,11.86,12.47,12.338341574036209,24,24,100.0,0.47834157403620914
SeasonalNaive-24,GJBC_BLOCK_2_A1,2026-03-12,10.77,11.86,11.734781962154726,24,24,100.0,0.964781962154726
SeasonalNaive-24,GJBC_BLOCK_2_A1,2026-03-13,14.18,10.77,10.656290196661585,24,24,100.0,-3.5237098033384147
SeasonalNaive-24,GJBC_BLOCK_2_A1,2026-03-14,9.25,14.18,14.030287371277742,24,24,100.0,4.780287371277742
SeasonalNaive-24,GJBC_BLOCK_2_A1,2026-03-15,2.31,9.25,9.152338376891333,24,24,100.0,6.842338376891332
SeasonalNaive-24,GJBC_BLOCK_2_A1,2026-03-16,9.459999999999999,1.05,1.0389140860255028,15,24,62.5,-8.421085913974496
SeasonalNaive-24,GJBC_BLOCK_2_A1,2026-03-17,12.91,15.136,14.976193910554295,24,24,100.0,2.0661939105542952
SeasonalNaive-24,GJBC_BLOCK_2_A1,2026-03-18,12.03,12.91,12.773696048180229,24,24,100.0,0.7436960481802295
SeasonalNaive-24,GJBC_BLOCK_2_A1,2026-03-19,2.07,12.03,11.902987099892188,24,24,100.0,9.832987099892188
SeasonalNaive-24,GJBC_BLOCK_2_A1,2026-03-20,9.69,2.07,2.048144912450277,24,24,100.0,-7.641855087549723
SeasonalNaive-24,GJBC_BLOCK_2_A1,2026-03-21,1.12,9.69,9.587692851035353,24,24,100.0,8.467692851035352
SeasonalNaive-24,GJBC_BLOCK_2_A1,2026-03-22,0.47000000000000003,1.12,1.1081750250938696,24,24,100.0,0.6381750250938696
SeasonalNaive-24,GJBC_BLOCK_2_A1,2026-03-23,11.59,0.47000000000000003,0.46503773374474877,24,24,100.0,-11.12496226625525
SeasonalNaive-24,GJBC_BLOCK_2_A1,2026-03-24,12.49,11.59,11.467632625748168,24,24,100.0,-1.0223673742518322
SeasonalNaive-24,GJBC_BLOCK_2_A1,2026-03-25,5.81,6.0,5.93665192014573,13,24,54.166666666666664,0.12665192014573012
SeasonalNaive-24,GJBC_BLOCK_2_A1,2026-03-26,12.39,10.726153846153846,10.61290697109129,24,24,100.0,-1.7770930289087108
SeasonalNaive-24,GJBC_BLOCK_2_A1,2026-03-27,13.45,12.39,12.259186215100932,24,24,100.0,-1.190813784899067
SeasonalNaive-24,GJBC_BLOCK_2_A1,2026-03-28,7.69,13.45,13.307994720993344,24,24,100.0,5.617994720993344
SeasonalNaive-24,GJBC_BLOCK_2_A1,2026-03-29,3.92,7.69,7.608808877653444,24,24,100.0,3.688808877653444
SeasonalNaive-24,GJBC_BLOCK_2_A1,2026-03-30,11.7,3.92,3.878612587828543,24,24,100.0,-7.821387412171456
SeasonalNaive-24,GJBC_BLOCK_2_A1,2026-03-31,11.93,11.7,11.576471244284173,24,24,100.0,-0.35352875571582665
SeasonalNaive-24,GJBC_BLOCK_2_A1,2026-04-01,11.89,11.93,11.804042901223093,24,24,100.0,-0.08595709877690716
SeasonalNaive-24,GJBC_BLOCK_2_A1,2026-04-02,11.97,11.89,11.764465221755454,24,24,100.0,-0.20553477824454625
SeasonalNaive-24,GJBC_BLOCK_2_A1,2026-04-03,6.15,11.97,11.84362058069073,24,24,100.0,5.69362058069073
SeasonalNaive-24,GJBC_BLOCK_2_A1,2026-04-04,8.47,6.15,6.085068218149373,24,24,100.0,-2.3849317818506277
SeasonalNaive-24,GJBC_BLOCK_2_A1,2026-04-05,3.87,8.47,8.380573627272389,24,24,100.0,4.510573627272389
SeasonalNaive-24,GJBC_BLOCK_2_A1,2026-04-06,12.55,3.87,3.8291404884939957,24,24,100.0,-8.720859511506005
SeasonalNaive-24,GJBC_BLOCK_2_A1,2026-04-07,10.74,12.55,12.417496932971485,24,24,100.0,1.6774969329714846
SeasonalNaive-24,GJBC_BLOCK_2_A1,2026-04-08,11.77,10.74,10.626606937060856,24,24,100.0,-1.1433930629391433
SeasonalNaive-24,GJBC_BLOCK_2_A1,2026-04-09,11.7,11.77,11.64573218335254,24,24,100.0,-0.054267816647460165
SeasonalNaive-24,GJBC_BLOCK_2_A1,2026-04-10,10.07,11.7,11.576471244284173,24,24,100.0,1.5064712442841728
SeasonalNaive-24,GJBC_BLOCK_2_A1,2026-04-11,6.6,10.07,9.963680805977916,24,24,100.0,3.363680805977916
SeasonalNaive-24,GJBC_BLOCK_2_A1,2026-04-12,4.05,6.6,6.5303171121603025,24,24,100.0,2.4803171121603027
SeasonalNaive-24,GJBC_BLOCK_2_A1,2026-04-13,12.27,4.05,4.007240046098367,24,24,100.0,-8.262759953901632
SeasonalNaive-24,GJBC_BLOCK_2_A1,2026-04-14,4.42,12.27,12.140453176698017,24,24,100.0,7.720453176698017
SeasonalNaive-24,GJBC_BLOCK_2_A1,2026-04-15,11.33,4.42,4.373333581174021,24,24,100.0,-6.9566664188259795
SeasonalNaive-24,GJBC_BLOCK_2_A1,2026-04-16,13.11,11.33,11.210377709208519,24,24,100.0,-1.8996222907914806
SeasonalNaive-24,GJBC_BLOCK_2_A1,2026-04-17,11.83,13.08,12.94190118591769,23,24,95.83333333333333,1.1119011859176897
SeasonalNaive-24,GJBC_BLOCK_2_A1,2026-04-18,9.0,12.344347826086956,12.214016037447648,24,24,100.0,3.2140160374476476
SeasonalNaive-24,GJBC_BLOCK_2_A1,2026-04-19,5.51,9.0,8.904977880218595,24,24,100.0,3.3949778802185957
SeasonalNaive-24,GJBC_BLOCK_2_A1,2026-04-20,11.42,5.51,5.451825346667162,24,24,100.0,-5.968174653332838
SeasonalNaive-24,GJBC_BLOCK_2_A1,2026-04-21,10.31,11.42,11.299427488010705,24,24,100.0,0.9894274880107048
SeasonalNaive-24,GJBC_BLOCK_2_A1,2026-04-22,11.44,10.31,10.201146882783746,24,24,100.0,-1.2388531172162534
SeasonalNaive-24,GJBC_LAW_BLOCK_3_A4_BOYS,2026-03-09,33.6,19.96,19.90115972426494,24,24,100.0,-13.698840275735062
SeasonalNaive-24,GJBC_LAW_BLOCK_3_A4_BOYS,2026-03-10,33.63,33.6,33.50095023723958,24,24,100.0,-0.1290497627604239
SeasonalNaive-24,GJBC_LAW_BLOCK_3_A4_BOYS,2026-03-11,32.6,33.63,33.5308617999514,24,24,100.0,0.9308617999514013
SeasonalNaive-24,GJBC_LAW_BLOCK_3_A4_BOYS,2026-03-12,32.36,32.6,32.50389814684554,24,24,100.0,0.1438981468455438
SeasonalNaive-24,GJBC_LAW_BLOCK_3_A4_BOYS,2026-03-13,30.94,32.36,32.26460564515097,24,24,100.0,1.324605645150971
SeasonalNaive-24,GJBC_LAW_BLOCK_3_A4_BOYS,2026-03-14,22.31,30.94,30.848791676791446,24,24,100.0,8.538791676791448
SeasonalNaive-24,GJBC_LAW_BLOCK_3_A4_BOYS,2026-03-15,27.04,22.31,22.244232136690922,24,24,100.0,-4.795767863309077
SeasonalNaive-24,GJBC_LAW_BLOCK_3_A4_BOYS,2026-03-16,23.05,16.53,16.4812710542134,15,24,62.5,-6.568728945786599
SeasonalNaive-24,GJBC_LAW_BLOCK_3_A4_BOYS,2026-03-17,33.01,36.88,36.771281093732014,24,24,100.0,3.7612810937320162
SeasonalNaive-24,GJBC_LAW_BLOCK_3_A4_BOYS,2026-03-18,30.13,33.01,32.912689503907096,24,24,100.0,2.782689503907097
SeasonalNaive-24,GJBC_LAW_BLOCK_3_A4_BOYS,2026-03-19,7.86,30.13,30.04117948357228,24,24,100.0,22.18117948357228
SeasonalNaive-24,GJBC_LAW_BLOCK_3_A4_BOYS,2026-03-20,34.68,7.86,7.836829430497116,24,24,100.0,-26.843170569502885
SeasonalNaive-24,GJBC_LAW_BLOCK_3_A4_BOYS,2026-03-21,17.42,34.68,34.57776649486514,24,24,100.0,17.157766494865136
SeasonalNaive-24,GJBC_LAW_BLOCK_3_A4_BOYS,2026-03-22,16.9,17.42,17.368647414664093,24,24,100.0,0.468647414664094
SeasonalNaive-24,GJBC_LAW_BLOCK_3_A4_BOYS,2026-03-23,27.02,16.9,16.850180327659192,24,24,100.0,-10.169819672340807
SeasonalNaive-24,GJBC_LAW_BLOCK_3_A4_BOYS,2026-03-24,29.12,27.02,26.94034748244683,24,24,100.0,-2.1796525175531727
SeasonalNaive-24,GJBC_LAW_BLOCK_3_A4_BOYS,2026-03-25,13.19,17.27,17.219089601104987,13,24,54.166666666666664,4.029089601104987
SeasonalNaive-24,GJBC_LAW_BLOCK_3_A4_BOYS,2026-03-26,34.69,24.35076923076923,24.278985364241212,24,24,100.0,-10.411014635758786
SeasonalNaive-24,GJBC_LAW_BLOCK_3_A4_BOYS,2026-03-27,29.12,34.69,34.58773701576908,24,24,100.0,5.467737015769078
SeasonalNaive-24,GJBC_LAW_BLOCK_3_A4_BOYS,2026-03-28,28.25,29.12,29.034156872274302,24,24,100.0,0.784156872274302
SeasonalNaive-24,GJBC_LAW_BLOCK_3_A4_BOYS,2026-03-29,11.03,28.25,28.166721553631493,24,24,100.0,17.136721553631496
SeasonalNaive-24,GJBC_LAW_BLOCK_3_A4_BOYS,2026-03-30,37.95,11.03,10.997484557046207,24,24,100.0,-26.952515442953796
SeasonalNaive-24,GJBC_LAW_BLOCK_3_A4_BOYS,2026-03-31,34.72,37.95,37.83812683045363,24,24,100.0,3.118126830453633
SeasonalNaive-24,GJBC_LAW_BLOCK_3_A4_BOYS,2026-04-01,32.82,34.72,34.617648578480896,24,24,100.0,1.7976485784808958
SeasonalNaive-24,GJBC_LAW_BLOCK_3_A4_BOYS,2026-04-02,25.56,32.82,32.72324960673223,24,24,100.0,7.163249606732233
SeasonalNaive-24,GJBC_LAW_BLOCK_3_A4_BOYS,2026-04-03,38.97,25.56,25.484651430471537,24,24,100.0,-13.485348569528462
SeasonalNaive-24,GJBC_LAW_BLOCK_3_A4_BOYS,2026-04-04,23.27,38.97,38.85511996265555,24,24,100.0,15.58511996265555
SeasonalNaive-24,GJBC_LAW_BLOCK_3_A4_BOYS,2026-04-05,9.09,23.27,23.201402143469195,24,24,100.0,14.111402143469196
SeasonalNaive-24,GJBC_LAW_BLOCK_3_A4_BOYS,2026-04-06,30.77,9.09,9.063203501681778,24,24,100.0,-21.70679649831822
SeasonalNaive-24,GJBC_LAW_BLOCK_3_A4_BOYS,2026-04-07,37.1,30.77,30.679292821424458,24,24,100.0,-6.420707178575544
SeasonalNaive-24,GJBC_LAW_BLOCK_3_A4_BOYS,2026-04-08,33.65,37.1,36.9906325536187,24,24,100.0,3.340632553618704
SeasonalNaive-24,GJBC_LAW_BLOCK_3_A4_BOYS,2026-04-09,25.78,33.65,33.55080284175928,24,24,100.0,7.770802841759277
SeasonalNaive-24,GJBC_LAW_BLOCK_3_A4_BOYS,2026-04-10,34.8,25.78,25.704002890358225,24,24,100.0,-9.095997109641772
SeasonalNaive-24,GJBC_LAW_BLOCK_3_A4_BOYS,2026-04-11,39.64,34.8,34.69741274571242,24,24,100.0,-4.942587254287581
SeasonalNaive-24,GJBC_LAW_BLOCK_3_A4_BOYS,2026-04-12,26.74,39.64,39.52314486321955,24,24,100.0,12.783144863219551
SeasonalNaive-24,GJBC_LAW_BLOCK_3_A4_BOYS,2026-04-13,37.57,26.74,26.6611728971365,24,24,100.0,-10.908827102863501
SeasonalNaive-24,GJBC_LAW_BLOCK_3_A4_BOYS,2026-04-14,19.95,37.57,37.459247036103896,24,24,100.0,17.509247036103897
SeasonalNaive-24,GJBC_LAW_BLOCK_3_A4_BOYS,2026-04-15,39.96,19.95,19.891189203360998,24,24,100.0,-20.068810796639003
SeasonalNaive-24,GJBC_LAW_BLOCK_3_A4_BOYS,2026-04-16,41.94,39.96,39.842201532145644,24,24,100.0,-2.0977984678543535
SeasonalNaive-24,GJBC_LAW_BLOCK_3_A4_BOYS,2026-04-17,35.74,41.94,41.81636467112583,24,24,100.0,6.07636467112583
SeasonalNaive-24,GJBC_LAW_BLOCK_3_A4_BOYS,2026-04-18,39.37,35.74,35.634641710682814,24,24,100.0,-3.7353582893171833
SeasonalNaive-24,GJBC_LAW_BLOCK_3_A4_BOYS,2026-04-19,14.27,39.37,39.25394079881316,24,24,100.0,24.983940798813162
SeasonalNaive-24,GJBC_LAW_BLOCK_3_A4_BOYS,2026-04-20,38.21,14.27,14.22793332992288,24,24,100.0,-23.98206667007712
SeasonalNaive-24,GJBC_LAW_BLOCK_3_A4_BOYS,2026-04-21,31.84,38.21,38.09736037395608,24,24,100.0,6.257360373956079
SeasonalNaive-24,GJBC_LAW_BLOCK_3_A4_BOYS,2026-04-22,24.56,31.84,31.74613855814608,24,24,100.0,7.18613855814608
SeasonalNaive-24,GJBC_LAW_BLOCK_3__A1,2026-03-09,11.96,11.6,11.605938305039961,24,24,100.0,-0.3540616949600395
SeasonalNaive-24,GJBC_LAW_BLOCK_3__A1,2026-03-10,13.31,11.96,11.96612259726534,24,24,100.0,-1.3438774027346607
SeasonalNaive-24,GJBC_LAW_BLOCK_3__A1,2026-03-11,11.79,13.31,13.31681369311051,24,24,100.0,1.52681369311051
SeasonalNaive-24,GJBC_LAW_BLOCK_3__A1,2026-03-12,10.79,11.79,11.796035570381134,24,24,100.0,1.006035570381135
SeasonalNaive-24,GJBC_LAW_BLOCK_3__A1,2026-03-13,10.69,10.79,10.795523647532862,24,24,100.0,0.1055236475328627
SeasonalNaive-24,GJBC_LAW_BLOCK_3__A1,2026-03-14,14.18,10.69,10.695472455248034,24,24,100.0,-3.484527544751966
SeasonalNaive-24,GJBC_LAW_BLOCK_3__A1,2026-03-15,14.09,14.18,14.187259065988505,24,24,100.0,0.09725906598850464
SeasonalNaive-24,GJBC_LAW_BLOCK_3__A1,2026-03-16,14.719999999999999,5.32,5.32272342955281,16,24,66.66666666666667,-9.39727657044719
SeasonalNaive-24,GJBC_LAW_BLOCK_3__A1,2026-03-17,17.04,22.08,22.09130325648986,24,24,100.0,5.0513032564898595
SeasonalNaive-24,GJBC_LAW_BLOCK_3__A1,2026-03-18,8.79,17.04,17.048723165334565,24,24,100.0,8.258723165334565
SeasonalNaive-24,GJBC_LAW_BLOCK_3__A1,2026-03-19,6.2700000000000005,8.79,8.794499801836317,24,24,100.0,2.524499801836316
SeasonalNaive-24,GJBC_LAW_BLOCK_3__A1,2026-03-20,7.76,6.2700000000000005,6.2732097562586695,24,24,100.0,-1.4867902437413303
SeasonalNaive-24,GJBC_LAW_BLOCK_3__A1,2026-03-21,15.79,7.76,7.763972521302596,24,24,100.0,-8.026027478697404
SeasonalNaive-24,GJBC_LAW_BLOCK_3__A1,2026-03-22,35.14,15.79,15.798083261774226,24,24,100.0,-19.341916738225777
SeasonalNaive-24,GJBC_LAW_BLOCK_3__A1,2026-03-23,13.879999999999999,35.14,35.157988968888304,24,24,100.0,21.277988968888305
SeasonalNaive-24,GJBC_LAW_BLOCK_3__A1,2026-03-24,19.71,13.879999999999999,13.887105489134024,24,24,100.0,-5.822894510865977
SeasonalNaive-24,GJBC_LAW_BLOCK_3__A1,2026-03-25,5.6899999999999995,5.4399999999999995,5.442784860294603,13,24,54.166666666666664,-0.24721513970539633
SeasonalNaive-24,GJBC_LAW_BLOCK_3__A1,2026-03-26,21.08,10.504615384615384,10.509992937243085,24,24,100.0,-10.570007062756913
SeasonalNaive-24,GJBC_LAW_BLOCK_3__A1,2026-03-27,14.61,21.08,21.090791333641587,24,24,100.0,6.480791333641587
SeasonalNaive-24,GJBC_LAW_BLOCK_3__A1,2026-03-28,9.65,14.61,14.617479192813263,24,24,100.0,4.967479192813263
SeasonalNaive-24,GJBC_LAW_BLOCK_3__A1,2026-03-29,8.15,9.65,9.654940055485831,24,24,100.0,1.5049400554858305
SeasonalNaive-24,GJBC_LAW_BLOCK_3__A1,2026-03-30,10.5,8.15,8.154172171213421,24,24,100.0,-2.345827828786579
SeasonalNaive-24,GJBC_LAW_BLOCK_3__A1,2026-03-31,9.99,10.5,10.505375189906863,24,24,100.0,0.5153751899068624
SeasonalNaive-24,GJBC_LAW_BLOCK_3__A1,2026-04-01,16.46,9.99,9.995114109254244,24,24,100.0,-6.464885890745757
SeasonalNaive-24,GJBC_LAW_BLOCK_3__A1,2026-04-02,12.09,16.46,16.46842625008257,24,24,100.0,4.378426250082569
SeasonalNaive-24,GJBC_LAW_BLOCK_3__A1,2026-04-03,22.259999999999998,12.09,12.096189147235616,24,24,100.0,-10.163810852764382
SeasonalNaive-24,GJBC_LAW_BLOCK_3__A1,2026-04-04,6.55,22.259999999999998,22.27139540260255,24,24,100.0,15.72139540260255
SeasonalNaive-24,GJBC_LAW_BLOCK_3__A1,2026-04-05,5.75,6.55,6.5533530946561855,24,24,100.0,0.8033530946561855
SeasonalNaive-24,GJBC_LAW_BLOCK_3__A1,2026-04-06,6.95,4.86,4.862487945042605,21,24,87.5,-2.0875120549573953
SeasonalNaive-24,GJBC_LAW_BLOCK_3__A1,2026-04-07,15.29,7.942857142857143,7.946923272909137,24,24,100.0,-7.343076727090862
SeasonalNaive-24,GJBC_LAW_BLOCK_3__A1,2026-04-08,17.07,15.29,15.297827300350088,24,24,100.0,-1.7721726996499125
SeasonalNaive-24,GJBC_LAW_BLOCK_3__A1,2026-04-09,17.1,17.07,17.078738523020014,24,24,100.0,-0.021261476979987037
SeasonalNaive-24,GJBC_LAW_BLOCK_3__A1,2026-04-10,17.68,17.1,17.108753880705464,24,24,100.0,-0.5712461192945355
SeasonalNaive-24,GJBC_LAW_BLOCK_3__A1,2026-04-11,15.08,17.68,17.68905079595746,24,24,100.0,2.60905079595746
SeasonalNaive-24,GJBC_LAW_BLOCK_3__A1,2026-04-12,36.5,15.08,15.087719796551951,24,24,100.0,-21.41228020344805
SeasonalNaive-24,GJBC_LAW_BLOCK_3__A1,2026-04-13,17.27,36.5,36.51868518396195,24,24,100.0,19.24868518396195
SeasonalNaive-24,GJBC_LAW_BLOCK_3__A1,2026-04-14,9.14,17.27,17.278840907589668,24,24,100.0,8.138840907589667
SeasonalNaive-24,GJBC_LAW_BLOCK_3__A1,2026-04-15,28.3,9.14,9.144678974833212,24,24,100.0,-19.15532102516679
SeasonalNaive-24,GJBC_LAW_BLOCK_3__A1,2026-04-16,15.799999999999999,28.3,28.314487416606113,24,24,100.0,12.514487416606114
SeasonalNaive-24,GJBC_LAW_BLOCK_3__A1,2026-04-17,14.56,15.799999999999999,15.808088381002706,24,24,100.0,1.248088381002706
SeasonalNaive-24,GJBC_LAW_BLOCK_3__A1,2026-04-18,18.82,14.56,14.567453596670848,24,24,100.0,-4.252546403329152
SeasonalNaive-24,GJBC_LAW_BLOCK_3__A1,2026-04-19,29.32,18.82,18.829634388004493,24,24,100.0,-10.490365611995507
SeasonalNaive-24,GJBC_LAW_BLOCK_3__A1,2026-04-20,19.5,29.32,29.335009577911354,24,24,100.0,9.835009577911354
SeasonalNaive-24,GJBC_LAW_BLOCK_3__A1,2026-04-21,15.719999999999999,19.5,19.509982495541315,24,24,100.0,3.7899824955413166
SeasonalNaive-24,GJBC_LAW_BLOCK_3__A1,2026-04-22,14.469999999999999,15.719999999999999,15.728047427174847,24,24,100.0,1.2580474271748479
SeasonalNaive-24,GJBC_LAW_BLOCK_3__A2,2026-03-09,17.18,11.24,11.184149562713184,24,24,100.0,-5.9958504372868155
SeasonalNaive-24,GJBC_LAW_BLOCK_3__A2,2026-03-10,17.27,17.18,17.094634296033142,24,24,100.0,-0.17536570396685747
SeasonalNaive-24,GJBC_LAW_BLOCK_3__A2,2026-03-11,15.62,17.27,17.18418709502284,24,24,100.0,1.5641870950228398
SeasonalNaive-24,GJBC_LAW_BLOCK_3__A2,2026-03-12,15.22,15.62,15.542385780211738,24,24,100.0,0.3223857802117376
SeasonalNaive-24,GJBC_LAW_BLOCK_3__A2,2026-03-13,15.28,15.22,15.144373340257532,24,24,100.0,-0.13562665974246713
SeasonalNaive-24,GJBC_LAW_BLOCK_3__A2,2026-03-14,13.1,15.28,15.204075206250664,24,24,100.0,2.1040752062506645
SeasonalNaive-24,GJBC_LAW_BLOCK_3__A2,2026-03-15,12.15,13.1,13.034907408500242,24,24,100.0,0.8849074085002417
SeasonalNaive-24,GJBC_LAW_BLOCK_3__A2,2026-03-16,9.43,9.33,9.283640161931851,16,24,66.66666666666667,-0.14635983806814856
SeasonalNaive-24,GJBC_LAW_BLOCK_3__A2,2026-03-17,15.16,14.145,14.074714907880605,24,24,100.0,-1.0852850921193955
SeasonalNaive-24,GJBC_LAW_BLOCK_3__A2,2026-03-18,14.07,15.16,15.084671474264402,24,24,100.0,1.0146714742644019
SeasonalNaive-24,GJBC_LAW_BLOCK_3__A2,2026-03-19,5.97,14.07,14.000087575389191,24,24,100.0,8.030087575389192
SeasonalNaive-24,GJBC_LAW_BLOCK_3__A2,2026-03-20,13.36,5.97,5.940335666316522,24,24,100.0,-7.419664333683477
SeasonalNaive-24,GJBC_LAW_BLOCK_3__A2,2026-03-21,5.18,13.36,13.293615494470476,24,24,100.0,8.113615494470476
SeasonalNaive-24,GJBC_LAW_BLOCK_3__A2,2026-03-22,7.78,5.18,5.154261097406966,24,24,100.0,-2.625738902593034
SeasonalNaive-24,GJBC_LAW_BLOCK_3__A2,2026-03-23,14.14,7.78,7.741341957109304,24,24,100.0,-6.3986580428906965
SeasonalNaive-24,GJBC_LAW_BLOCK_3__A2,2026-03-24,15.22,14.14,14.069739752381176,24,24,100.0,-1.1502602476188244
SeasonalNaive-24,GJBC_LAW_BLOCK_3__A2,2026-03-25,10.7,10.08,10.029913486845988,13,24,54.166666666666664,-0.6700865131540112
SeasonalNaive-24,GJBC_LAW_BLOCK_3__A2,2026-03-26,14.45,19.753846153846155,19.655691265430782,24,24,100.0,5.205691265430783
SeasonalNaive-24,GJBC_LAW_BLOCK_3__A2,2026-03-27,15.43,14.45,14.378199393345687,24,24,100.0,-1.0518006066543126
SeasonalNaive-24,GJBC_LAW_BLOCK_3__A2,2026-03-28,13.799999999999999,15.43,15.353329871233491,24,24,100.0,1.5533298712334922
SeasonalNaive-24,GJBC_LAW_BLOCK_3__A2,2026-03-29,8.01,13.799999999999999,13.731429178420102,24,24,100.0,5.721429178420102
SeasonalNaive-24,GJBC_LAW_BLOCK_3__A2,2026-03-30,15.6,8.01,7.970199110082972,24,24,100.0,-7.6298008899170275
SeasonalNaive-24,GJBC_LAW_BLOCK_3__A2,2026-03-31,13.44,15.6,15.522485158214028,24,24,100.0,2.0824851582140287
SeasonalNaive-24,GJBC_LAW_BLOCK_3__A2,2026-04-01,13.0,13.44,13.373217982461316,24,24,100.0,0.3732179824613162
SeasonalNaive-24,GJBC_LAW_BLOCK_3__A2,2026-04-02,11.46,13.0,12.93540429851169,24,24,100.0,1.4754042985116893
SeasonalNaive-24,GJBC_LAW_BLOCK_3__A2,2026-04-03,10.97,11.46,11.403056404687998,24,24,100.0,0.43305640468799744
SeasonalNaive-24,GJBC_LAW_BLOCK_3__A2,2026-04-04,6.17,10.97,10.915491165744095,24,24,100.0,4.745491165744095
SeasonalNaive-24,GJBC_LAW_BLOCK_3__A2,2026-04-05,5.65,6.17,6.139341886293625,24,24,100.0,0.48934188629362474
SeasonalNaive-24,GJBC_LAW_BLOCK_3__A2,2026-04-06,11.18,5.65,5.621925714353158,24,24,100.0,-5.558074285646842
SeasonalNaive-24,GJBC_LAW_BLOCK_3__A2,2026-04-07,6.33,11.18,11.124447696720054,24,24,100.0,4.794447696720054
SeasonalNaive-24,GJBC_LAW_BLOCK_3__A2,2026-04-08,6.890000000000001,6.33,6.298546862275308,24,24,100.0,-0.5914531377246925
SeasonalNaive-24,GJBC_LAW_BLOCK_3__A2,2026-04-09,7.1000000000000005,6.890000000000001,6.855764278211196,24,24,100.0,-0.24423572178880448
SeasonalNaive-24,GJBC_LAW_BLOCK_3__A2,2026-04-10,11.72,7.1000000000000005,7.064720809187154,24,24,100.0,-4.655279190812847
SeasonalNaive-24,GJBC_LAW_BLOCK_3__A2,2026-04-11,5.97,11.72,11.661764490658232,24,24,100.0,5.691764490658232
SeasonalNaive-24,GJBC_LAW_BLOCK_3__A2,2026-04-12,8.0,5.97,5.940335666316522,24,24,100.0,-2.059664333683478
SeasonalNaive-24,GJBC_LAW_BLOCK_3__A2,2026-04-13,8.89,8.0,7.960248799084117,24,24,100.0,-0.9297512009158835
SeasonalNaive-24,GJBC_LAW_BLOCK_3__A2,2026-04-14,6.79,8.89,8.845826477982225,24,24,100.0,2.055826477982225
SeasonalNaive-24,GJBC_LAW_BLOCK_3__A2,2026-04-15,12.5,6.79,6.756261168222644,24,24,100.0,-5.743738831777356
SeasonalNaive-24,GJBC_LAW_BLOCK_3__A2,2026-04-16,12.32,12.5,12.437888748568934,24,24,100.0,0.11788874856893372
SeasonalNaive-24,GJBC_LAW_BLOCK_3__A2,2026-04-17,11.82,12.32,12.25878315058954,24,24,100.0,0.43878315058953987
SeasonalNaive-24,GJBC_LAW_BLOCK_3__A2,2026-04-18,7.83,11.82,11.761267600646784,24,24,100.0,3.931267600646784
SeasonalNaive-24,GJBC_LAW_BLOCK_3__A2,2026-04-19,9.35,7.83,7.79109351210358,24,24,100.0,-1.5589064878964196
SeasonalNaive-24,GJBC_LAW_BLOCK_3__A2,2026-04-20,11.61,9.35,9.303540783929561,24,24,100.0,-2.3064592160704382
SeasonalNaive-24,GJBC_LAW_BLOCK_3__A2,2026-04-21,9.39,11.61,11.552311069670825,24,24,100.0,2.1623110696708245
SeasonalNaive-24,GJBC_LAW_BLOCK_3__A2,2026-04-22,5.91,9.39,9.343342027924983,24,24,100.0,3.433342027924983
SeasonalNaive-24,GJBC_LAW_BLOCK_3__A3_GIRLS,2026-03-09,15.33,12.459999999999999,12.463017588472132,24,24,100.0,-2.866982411527868
SeasonalNaive-24,GJBC_LAW_BLOCK_3__A3_GIRLS,2026-03-10,12.75,15.33,15.333712650985376,24,24,100.0,2.583712650985376
SeasonalNaive-24,GJBC_LAW_BLOCK_3__A3_GIRLS,2026-03-11,10.780000000000001,12.75,12.753087821269638,24,24,100.0,1.9730878212696368
SeasonalNaive-24,GJBC_LAW_BLOCK_3__A3_GIRLS,2026-03-12,12.16,10.780000000000001,10.782610722610722,24,24,100.0,-1.3773892773892786
SeasonalNaive-24,GJBC_LAW_BLOCK_3__A3_GIRLS,2026-03-13,11.64,12.16,12.162944933854023,24,24,100.0,0.5229449338540224
SeasonalNaive-24,GJBC_LAW_BLOCK_3__A3_GIRLS,2026-03-14,9.4,11.64,11.642818999182634,24,24,100.0,2.2428189991826333
SeasonalNaive-24,GJBC_LAW_BLOCK_3__A3_GIRLS,2026-03-15,10.1,9.4,9.40227651136742,24,24,100.0,-0.6977234886325796
SeasonalNaive-24,GJBC_LAW_BLOCK_3__A3_GIRLS,2026-03-16,5.92,5.69,5.69137801592347,14,24,58.333333333333336,-0.22862198407653
SeasonalNaive-24,GJBC_LAW_BLOCK_3__A3_GIRLS,2026-03-17,11.75,10.14857142857143,10.151029230509748,24,24,100.0,-1.5989707694902524
SeasonalNaive-24,GJBC_LAW_BLOCK_3__A3_GIRLS,2026-03-18,9.7,11.75,11.752845639209275,24,24,100.0,2.0528456392092753
SeasonalNaive-24,GJBC_LAW_BLOCK_3__A3_GIRLS,2026-03-19,6.0200000000000005,9.7,9.70234916598553,24,24,100.0,3.6823491659855287
SeasonalNaive-24,GJBC_LAW_BLOCK_3__A3_GIRLS,2026-03-20,11.540000000000001,6.0200000000000005,6.02145793600339,24,24,100.0,-5.518542063996611
SeasonalNaive-24,GJBC_LAW_BLOCK_3__A3_GIRLS,2026-03-21,5.41,11.540000000000001,11.542794780976598,24,24,100.0,6.132794780976598
SeasonalNaive-24,GJBC_LAW_BLOCK_3__A3_GIRLS,2026-03-22,7.56,5.41,5.411310204946568,24,24,100.0,-2.148689795053432
SeasonalNaive-24,GJBC_LAW_BLOCK_3__A3_GIRLS,2026-03-23,10.55,7.56,7.56183089637635,24,24,100.0,-2.988169103623651
SeasonalNaive-24,GJBC_LAW_BLOCK_3__A3_GIRLS,2026-03-24,11.24,10.55,10.552555020736838,24,24,100.0,-0.6874449792631623
SeasonalNaive-24,GJBC_LAW_BLOCK_3__A3_GIRLS,2026-03-25,6.0600000000000005,5.67,5.671373172282262,13,24,54.166666666666664,-0.38862682771773827
SeasonalNaive-24,GJBC_LAW_BLOCK_3__A3_GIRLS,2026-03-26,11.33,11.187692307692307,11.1904017660661,24,24,100.0,-0.13959823393389925
SeasonalNaive-24,GJBC_LAW_BLOCK_3__A3_GIRLS,2026-03-27,12.07,11.33,11.332743922743921,24,24,100.0,-0.7372560772560792
SeasonalNaive-24,GJBC_LAW_BLOCK_3__A3_GIRLS,2026-03-28,10.14,12.07,12.07292313746859,24,24,100.0,1.93292313746859
SeasonalNaive-24,GJBC_LAW_BLOCK_3__A3_GIRLS,2026-03-29,8.21,10.14,10.142455726092088,24,24,100.0,1.932455726092087
SeasonalNaive-24,GJBC_LAW_BLOCK_3__A3_GIRLS,2026-03-30,12.46,8.21,8.211988314715587,24,24,100.0,-4.248011685284414
SeasonalNaive-24,GJBC_LAW_BLOCK_3__A3_GIRLS,2026-03-31,15.08,12.46,12.463017588472132,24,24,100.0,-2.616982411527868
SeasonalNaive-24,GJBC_LAW_BLOCK_3__A3_GIRLS,2026-04-01,10.74,15.08,15.083652105470286,24,24,100.0,4.3436521054702855
SeasonalNaive-24,GJBC_LAW_BLOCK_3__A3_GIRLS,2026-04-02,7.93,10.74,10.742601035328306,24,24,100.0,2.8126010353283064
SeasonalNaive-24,GJBC_LAW_BLOCK_3__A3_GIRLS,2026-04-03,6.43,7.93,7.931920503738684,24,24,100.0,1.5019205037386847
SeasonalNaive-24,GJBC_LAW_BLOCK_3__A3_GIRLS,2026-04-04,3.72,6.43,6.4315572306481394,24,24,100.0,2.7115572306481392
SeasonalNaive-24,GJBC_LAW_BLOCK_3__A3_GIRLS,2026-04-05,5.84,3.72,3.720900917264553,24,24,100.0,-2.119099082735447
SeasonalNaive-24,GJBC_LAW_BLOCK_3__A3_GIRLS,2026-04-06,6.14,5.84,5.8414143432325245,24,24,100.0,-0.29858565676747517
SeasonalNaive-24,GJBC_LAW_BLOCK_3__A3_GIRLS,2026-04-07,7.3,6.14,6.141486997850634,24,24,100.0,-1.1585130021493661
SeasonalNaive-24,GJBC_LAW_BLOCK_3__A3_GIRLS,2026-04-08,6.19,7.3,7.301767929040655,24,24,100.0,1.1117679290406546
SeasonalNaive-24,GJBC_LAW_BLOCK_3__A3_GIRLS,2026-04-09,4.74,6.19,6.191499106953652,24,24,100.0,1.4514991069536514
SeasonalNaive-24,GJBC_LAW_BLOCK_3__A3_GIRLS,2026-04-10,5.62,4.74,4.7411479429661245,24,24,100.0,-0.8788520570338756
SeasonalNaive-24,GJBC_LAW_BLOCK_3__A3_GIRLS,2026-04-11,6.5,5.62,5.621361063179244,24,24,100.0,-0.8786389368207557
SeasonalNaive-24,GJBC_LAW_BLOCK_3__A3_GIRLS,2026-04-12,8.32,6.5,6.501574183392364,24,24,100.0,-1.8184258166076361
SeasonalNaive-24,GJBC_LAW_BLOCK_3__A3_GIRLS,2026-04-13,6.3500000000000005,8.32,8.322014954742226,24,24,100.0,1.9720149547422254
SeasonalNaive-24,GJBC_LAW_BLOCK_3__A3_GIRLS,2026-04-14,7.15,6.3500000000000005,6.35153785608331,24,24,100.0,-0.7984621439166908
SeasonalNaive-24,GJBC_LAW_BLOCK_3__A3_GIRLS,2026-04-15,8.44,7.15,7.151731601731601,24,24,100.0,-1.2882683982683982
SeasonalNaive-24,GJBC_LAW_BLOCK_3__A3_GIRLS,2026-04-16,7.67,8.44,8.44204401658947,24,24,100.0,0.7720440165894704
SeasonalNaive-24,GJBC_LAW_BLOCK_3__A3_GIRLS,2026-04-17,6.26,7.67,7.67185753640299,24,24,100.0,1.41185753640299
SeasonalNaive-24,GJBC_LAW_BLOCK_3__A3_GIRLS,2026-04-18,8.74,6.26,6.261516059697877,24,24,100.0,-2.478483940302123
SeasonalNaive-24,GJBC_LAW_BLOCK_3__A3_GIRLS,2026-04-19,9.08,8.74,8.74211667120758,24,24,100.0,-0.33788332879242056
SeasonalNaive-24,GJBC_LAW_BLOCK_3__A3_GIRLS,2026-04-20,8.03,9.08,9.082199013108102,24,24,100.0,1.052199013108103
SeasonalNaive-24,GJBC_LAW_BLOCK_3__A3_GIRLS,2026-04-21,5.33,8.03,8.031944721944722,24,24,100.0,2.701944721944722
SeasonalNaive-24,GJBC_LAW_BLOCK_3__A3_GIRLS,2026-04-22,3.98,5.33,5.331290830381739,24,24,100.0,1.3512908303817386
SeasonalNaive-24,G_BLOCK,2026-03-09,9.08,21.84,21.710532280077754,24,24,100.0,12.630532280077754
SeasonalNaive-24,G_BLOCK,2026-03-10,12.18,9.08,9.026173676882143,24,24,100.0,-3.1538263231178565
SeasonalNaive-24,G_BLOCK,2026-03-11,14.71,12.18,12.1077968485049,24,24,100.0,-2.6022031514951003
SeasonalNaive-24,G_BLOCK,2026-03-12,21.11,14.71,14.62279898534541,24,24,100.0,-6.487201014654589
SeasonalNaive-24,G_BLOCK,2026-03-13,17.42,21.11,20.98485972676014,24,24,100.0,3.5648597267601367
SeasonalNaive-24,G_BLOCK,2026-03-14,7.95,17.42,17.316734080538208,24,24,100.0,9.366734080538208
SeasonalNaive-24,G_BLOCK,2026-03-15,13.84,7.95,7.902872327226106,24,24,100.0,-5.937127672773894
SeasonalNaive-24,G_BLOCK,2026-03-16,21.04,10.37,10.30852654507355,15,24,62.5,-10.73147345492645
SeasonalNaive-24,G_BLOCK,2026-03-17,23.07,33.664,33.46443949984146,24,24,100.0,10.39443949984146
SeasonalNaive-24,G_BLOCK,2026-03-18,19.02,23.07,22.933240828818395,24,24,100.0,3.9132408288183953
SeasonalNaive-24,G_BLOCK,2026-03-19,27.169999999999998,19.02,18.907249265891892,24,24,100.0,-8.262750734108106
SeasonalNaive-24,G_BLOCK,2026-03-20,22.45,27.169999999999998,27.008935991287206,24,24,100.0,4.558935991287207
SeasonalNaive-24,G_BLOCK,2026-03-21,17.59,22.45,22.316916194493846,24,24,100.0,4.726916194493846
SeasonalNaive-24,G_BLOCK,2026-03-22,22.7,17.59,17.48572631898204,24,24,100.0,-5.214273681017961
SeasonalNaive-24,G_BLOCK,2026-03-23,22.38,22.7,22.56543419220536,24,24,100.0,0.18543419220535995
SeasonalNaive-24,G_BLOCK,2026-03-24,21.330000000000002,22.38,22.24733115513462,24,24,100.0,0.9173311551346188
SeasonalNaive-24,G_BLOCK,2026-03-25,14.47,7.82,7.7736429684161195,13,24,54.166666666666664,-6.696357031583881
SeasonalNaive-24,G_BLOCK,2026-03-26,25.83,26.713846153846156,26.55548622930897,24,24,100.0,0.7254862293089701
SeasonalNaive-24,G_BLOCK,2026-03-27,20.02,25.83,25.6768795235535,24,24,100.0,5.656879523553499
SeasonalNaive-24,G_BLOCK,2026-03-28,20.94,20.02,19.90132125673794,24,24,100.0,-1.0386787432620608
SeasonalNaive-24,G_BLOCK,2026-03-29,26.05,20.94,20.815867488316307,24,24,100.0,-5.234132511683693
SeasonalNaive-24,G_BLOCK,2026-03-30,23.65,26.05,25.89557536153963,24,24,100.0,2.2455753615396326
SeasonalNaive-24,G_BLOCK,2026-03-31,25.28,23.65,23.509802583509106,24,24,100.0,-1.7701974164908947
SeasonalNaive-24,G_BLOCK,2026-04-01,19.79,25.28,25.13013992858817,24,24,100.0,5.340139928588172
SeasonalNaive-24,G_BLOCK,2026-04-02,19.35,19.79,19.67268469884335,24,24,100.0,0.32268469884335005
SeasonalNaive-24,G_BLOCK,2026-04-03,40.67,19.35,19.235293022871087,24,24,100.0,-21.434706977128915
SeasonalNaive-24,G_BLOCK,2026-04-04,20.419999999999998,40.67,40.428907867708894,24,24,100.0,20.008907867708896
SeasonalNaive-24,G_BLOCK,2026-04-05,25.61,20.419999999999998,20.29895005307636,24,24,100.0,-5.311049946923639
SeasonalNaive-24,G_BLOCK,2026-04-06,17.77,25.61,25.458183685567366,24,24,100.0,7.688183685567367
SeasonalNaive-24,G_BLOCK,2026-04-07,28.22,17.77,17.664659277334327,24,24,100.0,-10.555340722665672
SeasonalNaive-24,G_BLOCK,2026-04-08,23.58,28.22,28.05271158167556,24,24,100.0,4.472711581675561
SeasonalNaive-24,G_BLOCK,2026-04-09,17.53,23.58,23.440217544149885,24,24,100.0,5.910217544149884
SeasonalNaive-24,G_BLOCK,2026-04-10,29.89,17.53,17.426081999531274,24,24,100.0,-12.463918000468727
SeasonalNaive-24,G_BLOCK,2026-04-11,26.060000000000002,29.89,29.712811806388466,24,24,100.0,3.6528118063884634
SeasonalNaive-24,G_BLOCK,2026-04-12,22.84,26.060000000000002,25.90551608144809,24,24,100.0,3.0655160814480915
SeasonalNaive-24,G_BLOCK,2026-04-13,35.82,22.84,22.704604270923806,24,24,100.0,-13.115395729076194
SeasonalNaive-24,G_BLOCK,2026-04-14,22.13,35.82,35.60765871210555,24,24,100.0,13.477658712105548
SeasonalNaive-24,G_BLOCK,2026-04-15,23.81,22.13,21.998813157423108,24,24,100.0,-1.811186842576891
SeasonalNaive-24,G_BLOCK,2026-04-16,26.36,23.81,23.668854102044474,24,24,100.0,-2.6911458979555256
SeasonalNaive-24,G_BLOCK,2026-04-17,19.66,26.36,26.203737678701906,24,24,100.0,6.5437376787019055
SeasonalNaive-24,G_BLOCK,2026-04-18,22.53,19.66,19.54345534003336,24,24,100.0,-2.98654465996664
SeasonalNaive-24,G_BLOCK,2026-04-19,25.349999999999998,22.53,22.396441953761528,24,24,100.0,-2.95355804623847
SeasonalNaive-24,G_BLOCK,2026-04-20,19.65,25.349999999999998,25.199724967947393,24,24,100.0,5.549724967947395
SeasonalNaive-24,G_BLOCK,2026-04-21,27.69,19.65,19.533514620124905,24,24,100.0,-8.156485379875097
SeasonalNaive-24,G_BLOCK,2026-04-22,26.419999999999998,27.69,27.525853426527153,24,24,100.0,1.1058534265271547
SeasonalNaive-24,I&H_BLOCK,2026-03-09,2.91,17.61,17.989051639984385,24,24,100.0,15.079051639984385
SeasonalNaive-24,I&H_BLOCK,2026-03-10,0.3,2.91,2.972637153455682,24,24,100.0,2.6726371534556823
SeasonalNaive-24,I&H_BLOCK,2026-03-11,0.27,0.3,0.30645743850058577,24,24,100.0,0.03645743850058575
SeasonalNaive-24,I&H_BLOCK,2026-03-12,0.19,0.27,0.27581169465052724,24,24,100.0,0.08581169465052724
SeasonalNaive-24,I&H_BLOCK,2026-03-13,0.18,0.19,0.19408971105037098,24,24,100.0,0.01408971105037099
SeasonalNaive-24,I&H_BLOCK,2026-03-14,0.06,0.18,0.18387446310035144,24,24,100.0,0.12387446310035144
SeasonalNaive-24,I&H_BLOCK,2026-03-15,9.23,0.06,0.06129148770011715,24,24,100.0,-9.168708512299883
SeasonalNaive-24,I&H_BLOCK,2026-03-16,9.79,2.45,2.502735747754784,15,24,62.5,-7.287264252245215
SeasonalNaive-24,I&H_BLOCK,2026-03-17,5.9,15.664,16.001164388910585,24,24,100.0,10.101164388910584
SeasonalNaive-24,I&H_BLOCK,2026-03-18,0.03,5.9,6.026996290511521,24,24,100.0,5.996996290511521
SeasonalNaive-24,I&H_BLOCK,2026-03-19,0.15,0.03,0.030645743850058575,24,24,100.0,-0.11935425614994141
SeasonalNaive-24,I&H_BLOCK,2026-03-20,15.02,0.15,0.15322871925029288,24,24,100.0,-14.866771280749706
SeasonalNaive-24,I&H_BLOCK,2026-03-21,6.01,15.02,15.343302420929328,24,24,100.0,9.333302420929328
SeasonalNaive-24,I&H_BLOCK,2026-03-22,23.46,6.01,6.139364017961735,24,24,100.0,-17.320635982038265
SeasonalNaive-24,I&H_BLOCK,2026-03-23,9.59,23.46,23.96497169074581,24,24,100.0,14.37497169074581
SeasonalNaive-24,I&H_BLOCK,2026-03-24,22.31,9.59,9.796422784068724,24,24,100.0,-12.513577215931274
SeasonalNaive-24,I&H_BLOCK,2026-03-25,16.75,13.29,13.57606452557595,13,24,54.166666666666664,-3.1739354744240504
SeasonalNaive-24,I&H_BLOCK,2026-03-26,4.93,30.923076923076923,31.588689814675764,24,24,100.0,26.658689814675764
SeasonalNaive-24,I&H_BLOCK,2026-03-27,6.319999999999999,4.93,5.036117239359626,24,24,100.0,-1.283882760640373
SeasonalNaive-24,I&H_BLOCK,2026-03-28,0.16999999999999998,6.319999999999999,6.45603670441234,24,24,100.0,6.28603670441234
SeasonalNaive-24,I&H_BLOCK,2026-03-29,11.709999999999999,0.16999999999999998,0.17365921515033192,24,24,100.0,-11.536340784849667
SeasonalNaive-24,I&H_BLOCK,2026-03-30,0.18,11.709999999999999,11.962055349472864,24,24,100.0,11.782055349472865
SeasonalNaive-24,I&H_BLOCK,2026-03-31,30.439999999999998,0.18,0.18387446310035144,24,24,100.0,-30.256125536899646
SeasonalNaive-24,I&H_BLOCK,2026-04-01,14.64,30.439999999999998,31.095214759859434,24,24,100.0,16.455214759859434
SeasonalNaive-24,I&H_BLOCK,2026-04-02,41.46,14.64,14.955122998828585,24,24,100.0,-26.504877001171415
SeasonalNaive-24,I&H_BLOCK,2026-04-03,5.630000000000001,41.46,42.35241800078096,24,24,100.0,36.722418000780955
SeasonalNaive-24,I&H_BLOCK,2026-04-04,0.47,5.630000000000001,5.751184595860994,24,24,100.0,5.281184595860994
SeasonalNaive-24,I&H_BLOCK,2026-04-05,0.22999999999999998,0.47,0.4801166536509177,24,24,100.0,0.25011665365091773
SeasonalNaive-24,I&H_BLOCK,2026-04-06,0.18,0.22999999999999998,0.23495070285044908,24,24,100.0,0.05495070285044909
SeasonalNaive-24,I&H_BLOCK,2026-04-07,0.21,0.18,0.18387446310035144,24,24,100.0,-0.026125536899648555
SeasonalNaive-24,I&H_BLOCK,2026-04-08,13.030000000000001,0.21,0.21452020695041002,24,24,100.0,-12.81547979304959
SeasonalNaive-24,I&H_BLOCK,2026-04-09,8.719999999999999,13.030000000000001,13.310468078875443,24,24,100.0,4.590468078875444
SeasonalNaive-24,I&H_BLOCK,2026-04-10,0.24,8.719999999999999,8.907696212417026,24,24,100.0,8.667696212417026
SeasonalNaive-24,I&H_BLOCK,2026-04-11,0.38,0.24,0.2451659508004686,24,24,100.0,-0.1348340491995314
SeasonalNaive-24,I&H_BLOCK,2026-04-12,5.79,0.38,0.38817942210074197,24,24,100.0,-5.401820577899258
SeasonalNaive-24,I&H_BLOCK,2026-04-13,3.05,5.79,5.914628563061306,24,24,100.0,2.8646285630613058
SeasonalNaive-24,I&H_BLOCK,2026-04-14,5.4799999999999995,3.05,3.115650624755955,24,24,100.0,-2.3643493752440445
SeasonalNaive-24,I&H_BLOCK,2026-04-15,0.32999999999999996,5.4799999999999995,5.5979558766107,24,24,100.0,5.2679558766107
SeasonalNaive-24,I&H_BLOCK,2026-04-16,0.32999999999999996,0.32999999999999996,0.33710318235064435,24,24,100.0,0.007103182350644388
SeasonalNaive-24,I&H_BLOCK,2026-04-17,0.24,0.32999999999999996,0.33710318235064435,24,24,100.0,0.09710318235064436
SeasonalNaive-24,I&H_BLOCK,2026-04-18,1.4000000000000001,0.24,0.2451659508004686,24,24,100.0,-1.1548340491995315
SeasonalNaive-24,I&H_BLOCK,2026-04-19,11.01,1.4000000000000001,1.4301347130027338,24,24,100.0,-9.579865286997267
SeasonalNaive-24,I&H_BLOCK,2026-04-20,14.25,11.01,11.2469879929715,24,24,100.0,-3.0030120070285005
SeasonalNaive-24,I&H_BLOCK,2026-04-21,22.35,14.25,14.556728328777824,24,24,100.0,-7.793271671222177
SeasonalNaive-24,I&H_BLOCK,2026-04-22,0.18,22.35,22.83107916829364,24,24,100.0,22.65107916829364
SeasonalNaive-24,INFORMATION_CENTRE,2026-03-09,0.64,0.55,0.55,24,24,100.0,-0.08999999999999997
SeasonalNaive-24,INFORMATION_CENTRE,2026-03-10,0.5,0.64,0.64,24,24,100.0,0.14
SeasonalNaive-24,INFORMATION_CENTRE,2026-03-11,1.12,0.5,0.5,24,24,100.0,-0.6200000000000001
SeasonalNaive-24,INFORMATION_CENTRE,2026-03-12,0.79,1.12,1.12,24,24,100.0,0.33000000000000007
SeasonalNaive-24,INFORMATION_CENTRE,2026-03-13,0.8300000000000001,0.79,0.79,24,24,100.0,-0.040000000000000036
SeasonalNaive-24,INFORMATION_CENTRE,2026-03-14,0.66,0.8300000000000001,0.8300000000000001,24,24,100.0,0.17000000000000004
SeasonalNaive-24,INFORMATION_CENTRE,2026-03-15,0.5700000000000001,0.66,0.66,24,24,100.0,0.08999999999999997
SeasonalNaive-24,INFORMATION_CENTRE,2026-03-16,0.44,0.56,0.56,15,24,62.5,0.12000000000000005
SeasonalNaive-24,INFORMATION_CENTRE,2026-03-17,0.7,0.704,0.704,24,24,100.0,0.0040000000000000036
SeasonalNaive-24,INFORMATION_CENTRE,2026-03-18,1.06,0.7,0.7,24,24,100.0,-0.3600000000000001
SeasonalNaive-24,INFORMATION_CENTRE,2026-03-19,0.0,1.06,1.06,24,24,100.0,1.06
SeasonalNaive-24,INFORMATION_CENTRE,2026-03-20,0.8800000000000001,0.0,0.0,24,24,100.0,-0.8800000000000001
SeasonalNaive-24,INFORMATION_CENTRE,2026-03-21,0.58,0.8800000000000001,0.8800000000000001,24,24,100.0,0.30000000000000016
SeasonalNaive-24,INFORMATION_CENTRE,2026-03-22,0.0,0.58,0.58,24,24,100.0,0.58
SeasonalNaive-24,INFORMATION_CENTRE,2026-03-23,0.68,0.0,0.0,24,24,100.0,-0.68
SeasonalNaive-24,INFORMATION_CENTRE,2026-03-24,0.6900000000000001,0.68,0.68,24,24,100.0,-0.010000000000000009
SeasonalNaive-24,INFORMATION_CENTRE,2026-03-25,0.48,0.51,0.51,13,24,54.166666666666664,0.030000000000000027
SeasonalNaive-24,INFORMATION_CENTRE,2026-03-26,0.82,0.8861538461538461,0.8861538461538461,24,24,100.0,0.06615384615384612
SeasonalNaive-24,INFORMATION_CENTRE,2026-03-27,0.9500000000000001,0.82,0.82,24,24,100.0,-0.13000000000000012
SeasonalNaive-24,INFORMATION_CENTRE,2026-03-28,1.1099999999999999,0.9500000000000001,0.9500000000000001,24,24,100.0,-0.1599999999999998
SeasonalNaive-24,INFORMATION_CENTRE,2026-03-29,0.05,1.1099999999999999,1.1099999999999999,24,24,100.0,1.0599999999999998
SeasonalNaive-24,INFORMATION_CENTRE,2026-03-30,0.23,0.05,0.05,24,24,100.0,-0.18
SeasonalNaive-24,INFORMATION_CENTRE,2026-03-31,0.19999999999999998,0.23,0.23,24,24,100.0,0.030000000000000027
SeasonalNaive-24,INFORMATION_CENTRE,2026-04-01,0.72,0.19999999999999998,0.19999999999999998,24,24,100.0,-0.52
SeasonalNaive-24,INFORMATION_CENTRE,2026-04-02,0.01,0.72,0.72,24,24,100.0,0.71
SeasonalNaive-24,INFORMATION_CENTRE,2026-04-03,0.33999999999999997,0.01,0.01,24,24,100.0,-0.32999999999999996
SeasonalNaive-24,INFORMATION_CENTRE,2026-04-04,0.43,0.33999999999999997,0.33999999999999997,24,24,100.0,-0.09000000000000002
SeasonalNaive-24,INFORMATION_CENTRE,2026-04-05,0.12000000000000001,0.43,0.43,24,24,100.0,0.31
SeasonalNaive-24,INFORMATION_CENTRE,2026-04-06,0.51,0.12000000000000001,0.12000000000000001,24,24,100.0,-0.39
SeasonalNaive-24,INFORMATION_CENTRE,2026-04-07,0.54,0.51,0.51,24,24,100.0,-0.030000000000000027
SeasonalNaive-24,INFORMATION_CENTRE,2026-04-08,0.19999999999999998,0.54,0.54,24,24,100.0,0.3400000000000001
SeasonalNaive-24,INFORMATION_CENTRE,2026-04-09,0.38,0.19999999999999998,0.19999999999999998,24,24,100.0,-0.18000000000000002
SeasonalNaive-24,INFORMATION_CENTRE,2026-04-10,0.84,0.38,0.38,24,24,100.0,-0.45999999999999996
SeasonalNaive-24,INFORMATION_CENTRE,2026-04-11,0.01,0.84,0.84,24,24,100.0,0.83
SeasonalNaive-24,INFORMATION_CENTRE,2026-04-12,0.43999999999999995,0.01,0.01,24,24,100.0,-0.42999999999999994
SeasonalNaive-24,INFORMATION_CENTRE,2026-04-13,0.32,0.43999999999999995,0.43999999999999995,24,24,100.0,0.11999999999999994
SeasonalNaive-24,INFORMATION_CENTRE,2026-04-14,0.22999999999999998,0.32,0.32,24,24,100.0,0.09000000000000002
SeasonalNaive-24,INFORMATION_CENTRE,2026-04-15,0.34,0.22999999999999998,0.22999999999999998,24,24,100.0,-0.11000000000000004
SeasonalNaive-24,INFORMATION_CENTRE,2026-04-16,0.38,0.34,0.34,24,24,100.0,-0.03999999999999998
SeasonalNaive-24,INFORMATION_CENTRE,2026-04-17,0.42000000000000004,0.38,0.38,24,24,100.0,-0.040000000000000036
SeasonalNaive-24,INFORMATION_CENTRE,2026-04-18,0.19,0.42000000000000004,0.42000000000000004,24,24,100.0,0.23000000000000004
SeasonalNaive-24,INFORMATION_CENTRE,2026-04-19,0.060000000000000005,0.19,0.19,24,24,100.0,0.13
SeasonalNaive-24,INFORMATION_CENTRE,2026-04-20,0.4,0.060000000000000005,0.060000000000000005,24,24,100.0,-0.34
SeasonalNaive-24,INFORMATION_CENTRE,2026-04-21,0.36,0.4,0.4,24,24,100.0,0.040000000000000036
SeasonalNaive-24,INFORMATION_CENTRE,2026-04-22,0.75,0.36,0.36,24,24,100.0,-0.39
SeasonalNaive-24,IT_BLOCK,2026-03-09,1.56,1.1500000000000001,1.1538219584569733,24,24,100.0,-0.4061780415430267
SeasonalNaive-24,IT_BLOCK,2026-03-10,1.81,1.56,1.5651845697329376,24,24,100.0,-0.24481543026706243
SeasonalNaive-24,IT_BLOCK,2026-03-11,1.28,1.81,1.8160154302670624,24,24,100.0,0.5360154302670623
SeasonalNaive-24,IT_BLOCK,2026-03-12,1.65,1.28,1.284254005934718,24,24,100.0,-0.36574599406528185
SeasonalNaive-24,IT_BLOCK,2026-03-13,1.45,1.65,1.6554836795252226,24,24,100.0,0.20548367952522262
SeasonalNaive-24,IT_BLOCK,2026-03-14,0.99,1.45,1.4548189910979228,24,24,100.0,0.4648189910979228
SeasonalNaive-24,IT_BLOCK,2026-03-15,1.01,0.99,0.9932902077151335,24,24,100.0,-0.016709792284866465
SeasonalNaive-24,IT_BLOCK,2026-03-16,1.03,0.67,0.672226706231454,14,24,58.333333333333336,-0.35777329376854605
SeasonalNaive-24,IT_BLOCK,2026-03-17,1.4100000000000001,1.765714285714286,1.7715825349724463,24,24,100.0,0.3615825349724462
SeasonalNaive-24,IT_BLOCK,2026-03-18,1.6500000000000001,1.4100000000000001,1.4146860534124628,24,24,100.0,-0.23531394658753735
SeasonalNaive-24,IT_BLOCK,2026-03-19,1.11,1.6500000000000001,1.6554836795252226,24,24,100.0,0.5454836795252225
SeasonalNaive-24,IT_BLOCK,2026-03-20,4.47,1.11,1.1136890207715133,24,24,100.0,-3.3563109792284864
SeasonalNaive-24,IT_BLOCK,2026-03-21,1.35,4.47,4.484855786350148,24,24,100.0,3.134855786350148
SeasonalNaive-24,IT_BLOCK,2026-03-22,1.1400000000000001,1.35,1.3544866468842731,24,24,100.0,0.214486646884273
SeasonalNaive-24,IT_BLOCK,2026-03-23,2.97,1.1400000000000001,1.1437887240356084,24,24,100.0,-1.8262112759643918
SeasonalNaive-24,IT_BLOCK,2026-03-24,2.86,2.97,2.9798706231454006,24,24,100.0,0.11987062314540076
SeasonalNaive-24,IT_BLOCK,2026-03-25,1.51,2.18,2.187245103857567,13,24,54.166666666666664,0.6772451038575669
SeasonalNaive-24,IT_BLOCK,2026-03-26,2.8400000000000003,2.787692307692308,2.796957041771285,24,24,100.0,-0.04304295822871529
SeasonalNaive-24,IT_BLOCK,2026-03-27,1.69,2.8400000000000003,2.849438575667656,24,24,100.0,1.159438575667656
SeasonalNaive-24,IT_BLOCK,2026-03-28,0.8200000000000001,1.69,1.6956166172106826,24,24,100.0,0.8756166172106825
SeasonalNaive-24,IT_BLOCK,2026-03-29,1.49,0.8200000000000001,0.8227252225519288,24,24,100.0,-0.6672747774480712
SeasonalNaive-24,IT_BLOCK,2026-03-30,2.36,1.49,1.4949519287833828,24,24,100.0,-0.8650480712166171
SeasonalNaive-24,IT_BLOCK,2026-03-31,4.82,2.36,2.3678433234421363,24,24,100.0,-2.452156676557864
SeasonalNaive-24,IT_BLOCK,2026-04-01,2.88,4.82,4.836018991097923,24,24,100.0,1.956018991097923
SeasonalNaive-24,IT_BLOCK,2026-04-02,3.73,2.88,2.8895715133531152,24,24,100.0,-0.8404284866468847
SeasonalNaive-24,IT_BLOCK,2026-04-03,3.32,3.73,3.742396439169139,24,24,100.0,0.42239643916913927
SeasonalNaive-24,IT_BLOCK,2026-04-04,1.97,3.32,3.331033827893175,24,24,100.0,1.361033827893175
SeasonalNaive-24,IT_BLOCK,2026-04-05,0.98,1.97,1.976547181008902,24,24,100.0,0.9965471810089019
SeasonalNaive-24,IT_BLOCK,2026-04-06,2.14,0.98,0.9832569732937686,24,24,100.0,-1.1567430267062315
SeasonalNaive-24,IT_BLOCK,2026-04-07,2.22,2.14,2.1471121661721067,24,24,100.0,-0.07288783382789354
SeasonalNaive-24,IT_BLOCK,2026-04-08,3.86,2.22,2.2273780415430267,24,24,100.0,-1.6326219584569732
SeasonalNaive-24,IT_BLOCK,2026-04-09,2.48,3.86,3.872828486646884,24,24,100.0,1.3928284866468839
SeasonalNaive-24,IT_BLOCK,2026-04-10,1.73,2.48,2.4882421364985166,24,24,100.0,0.7582421364985166
SeasonalNaive-24,IT_BLOCK,2026-04-11,1.6,1.73,1.7357495548961426,24,24,100.0,0.1357495548961425
SeasonalNaive-24,IT_BLOCK,2026-04-12,1.12,1.6,1.6053175074183976,24,24,100.0,0.4853175074183975
SeasonalNaive-24,IT_BLOCK,2026-04-13,1.54,1.12,1.1237222551928783,24,24,100.0,-0.41627774480712176
SeasonalNaive-24,IT_BLOCK,2026-04-14,1.15,1.54,1.5451181008902077,24,24,100.0,0.3951181008902078
SeasonalNaive-24,IT_BLOCK,2026-04-15,1.6,1.15,1.1538219584569733,24,24,100.0,-0.44617804154302676
SeasonalNaive-24,IT_BLOCK,2026-04-16,2.39,1.6,1.6053175074183976,24,24,100.0,-0.7846824925816025
SeasonalNaive-24,IT_BLOCK,2026-04-17,2.23,2.39,2.397943026706231,24,24,100.0,0.16794302670623118
SeasonalNaive-24,IT_BLOCK,2026-04-18,1.3800000000000001,2.23,2.2374112759643916,24,24,100.0,0.8574112759643915
SeasonalNaive-24,IT_BLOCK,2026-04-19,1.0,1.3800000000000001,1.384586350148368,24,24,100.0,0.38458635014836795
SeasonalNaive-24,IT_BLOCK,2026-04-20,2.49,1.0,1.0033234421364985,24,24,100.0,-1.4866765578635017
SeasonalNaive-24,IT_BLOCK,2026-04-21,2.9,2.49,2.498275370919881,24,24,100.0,-0.40172462908011886
SeasonalNaive-24,IT_BLOCK,2026-04-22,2.21,2.9,2.9096379821958456,24,24,100.0,0.6996379821958456
SeasonalNaive-24,ME_WORKSHOP_BLOCK,2026-03-09,0.51,1.58,1.5217096119309965,24,24,100.0,1.0117096119309965
SeasonalNaive-24,ME_WORKSHOP_BLOCK,2026-03-10,0.6900000000000001,0.51,0.4911847481549419,24,24,100.0,-0.19881525184505816
SeasonalNaive-24,ME_WORKSHOP_BLOCK,2026-03-11,0.7200000000000001,0.6900000000000001,0.6645440710331567,24,24,100.0,-0.05545592896684337
SeasonalNaive-24,ME_WORKSHOP_BLOCK,2026-03-12,0.65,0.7200000000000001,0.6934372915128592,24,24,100.0,0.04343729151285913
SeasonalNaive-24,ME_WORKSHOP_BLOCK,2026-03-13,0.76,0.65,0.62601977706022,24,24,100.0,-0.13398022293977996
SeasonalNaive-24,ME_WORKSHOP_BLOCK,2026-03-14,0.77,0.76,0.7319615854857957,24,24,100.0,-0.03803841451420431
SeasonalNaive-24,ME_WORKSHOP_BLOCK,2026-03-15,1.13,0.77,0.7415926589790299,24,24,100.0,-0.38840734102096997
SeasonalNaive-24,ME_WORKSHOP_BLOCK,2026-03-16,0.44,0.9199999999999999,0.8860587613775422,15,24,62.5,0.44605876137754225
SeasonalNaive-24,ME_WORKSHOP_BLOCK,2026-03-17,6.63,0.704,0.6780275739236845,24,24,100.0,-5.951972426076315
SeasonalNaive-24,ME_WORKSHOP_BLOCK,2026-03-18,14.31,6.63,6.385401726014245,24,24,100.0,-7.9245982739857554
SeasonalNaive-24,ME_WORKSHOP_BLOCK,2026-03-19,8.8,14.31,13.782066168818076,24,24,100.0,4.982066168818076
SeasonalNaive-24,ME_WORKSHOP_BLOCK,2026-03-20,0.76,8.8,8.475344674046056,24,24,100.0,7.715344674046056
SeasonalNaive-24,ME_WORKSHOP_BLOCK,2026-03-21,0.93,0.76,0.7319615854857958,24,24,100.0,-0.19803841451420423
SeasonalNaive-24,ME_WORKSHOP_BLOCK,2026-03-22,0.78,0.93,0.8956898348707764,24,24,100.0,0.11568983487077633
SeasonalNaive-24,ME_WORKSHOP_BLOCK,2026-03-23,0.92,0.78,0.751223732472264,24,24,100.0,-0.168776267527736
SeasonalNaive-24,ME_WORKSHOP_BLOCK,2026-03-24,0.96,0.92,0.8860587613775422,24,24,100.0,-0.07394123862245772
SeasonalNaive-24,ME_WORKSHOP_BLOCK,2026-03-25,1.11,0.33,0.31782542527672714,13,24,54.166666666666664,-0.7921745747232729
SeasonalNaive-24,ME_WORKSHOP_BLOCK,2026-03-26,0.62,2.0492307692307694,1.9736292143058298,24,24,100.0,1.3536292143058297
SeasonalNaive-24,ME_WORKSHOP_BLOCK,2026-03-27,0.71,0.62,0.5971265565805176,24,24,100.0,-0.11287344341948236
SeasonalNaive-24,ME_WORKSHOP_BLOCK,2026-03-28,0.96,0.71,0.6838062180196249,24,24,100.0,-0.27619378198037503
SeasonalNaive-24,ME_WORKSHOP_BLOCK,2026-03-29,1.12,0.96,0.9245830553504788,24,24,100.0,-0.1954169446495213
SeasonalNaive-24,ME_WORKSHOP_BLOCK,2026-03-30,0.75,1.12,1.0786802312422255,24,24,100.0,0.32868023124222545
SeasonalNaive-24,ME_WORKSHOP_BLOCK,2026-03-31,0.98,0.75,0.7223305119925616,24,24,100.0,-0.2576694880074384
SeasonalNaive-24,ME_WORKSHOP_BLOCK,2026-04-01,0.79,0.98,0.9438452023369472,24,24,100.0,0.1538452023369472
SeasonalNaive-24,ME_WORKSHOP_BLOCK,2026-04-02,0.68,0.79,0.7608548059654983,24,24,100.0,0.08085480596549821
SeasonalNaive-24,ME_WORKSHOP_BLOCK,2026-04-03,0.65,0.68,0.6549129975399225,24,24,100.0,0.00491299753992247
SeasonalNaive-24,ME_WORKSHOP_BLOCK,2026-04-04,0.97,0.65,0.62601977706022,24,24,100.0,-0.3439802229397799
SeasonalNaive-24,ME_WORKSHOP_BLOCK,2026-04-05,1.76,0.97,0.934214128843713,24,24,100.0,-0.825785871156287
SeasonalNaive-24,ME_WORKSHOP_BLOCK,2026-04-06,0.51,1.76,1.6950689348092112,24,24,100.0,1.1850689348092112
SeasonalNaive-24,ME_WORKSHOP_BLOCK,2026-04-07,0.74,0.51,0.4911847481549419,24,24,100.0,-0.2488152518450581
SeasonalNaive-24,ME_WORKSHOP_BLOCK,2026-04-08,0.68,0.74,0.7126994384993275,24,24,100.0,0.03269943849932744
SeasonalNaive-24,ME_WORKSHOP_BLOCK,2026-04-09,1.24,0.68,0.6549129975399225,24,24,100.0,-0.5850870024600775
SeasonalNaive-24,ME_WORKSHOP_BLOCK,2026-04-10,0.72,1.24,1.1942531131610352,24,24,100.0,0.47425311316103524
SeasonalNaive-24,ME_WORKSHOP_BLOCK,2026-04-11,0.97,0.72,0.6934372915128592,24,24,100.0,-0.2765627084871408
SeasonalNaive-24,ME_WORKSHOP_BLOCK,2026-04-12,0.86,0.97,0.934214128843713,24,24,100.0,0.07421412884371303
SeasonalNaive-24,ME_WORKSHOP_BLOCK,2026-04-13,0.9500000000000001,0.86,0.8282723204181373,24,24,100.0,-0.12172767958186281
SeasonalNaive-24,ME_WORKSHOP_BLOCK,2026-04-14,1.05,0.9500000000000001,0.9149519818572447,24,24,100.0,-0.13504801814275535
SeasonalNaive-24,ME_WORKSHOP_BLOCK,2026-04-15,0.91,1.05,1.0112627167895862,24,24,100.0,0.1012627167895862
SeasonalNaive-24,ME_WORKSHOP_BLOCK,2026-04-16,0.5700000000000001,0.91,0.8764276878843081,24,24,100.0,0.3064276878843081
SeasonalNaive-24,ME_WORKSHOP_BLOCK,2026-04-17,0.63,0.5700000000000001,0.5489711891143468,24,24,100.0,-0.08102881088565317
SeasonalNaive-24,ME_WORKSHOP_BLOCK,2026-04-18,0.63,0.63,0.6067576300737517,24,24,100.0,-0.023242369926248285
SeasonalNaive-24,ME_WORKSHOP_BLOCK,2026-04-19,0.47000000000000003,0.63,0.6067576300737517,24,24,100.0,0.1367576300737517
SeasonalNaive-24,ME_WORKSHOP_BLOCK,2026-04-20,0.49000000000000005,0.47000000000000003,0.4526604541820053,24,24,100.0,-0.03733954581799476
SeasonalNaive-24,ME_WORKSHOP_BLOCK,2026-04-21,0.43,0.49000000000000005,0.47192260116847357,24,24,100.0,0.04192260116847357
SeasonalNaive-24,ME_WORKSHOP_BLOCK,2026-04-22,0.8400000000000001,0.43,0.4141361602090687,24,24,100.0,-0.4258638397909314
SeasonalNaive-24,MM_BLOCK,2026-03-09,27.81,26.67,26.645449593303933,24,24,100.0,-1.1645504066960655
SeasonalNaive-24,MM_BLOCK,2026-03-10,29.3,27.81,27.784400194592518,24,24,100.0,-1.5155998054074828
SeasonalNaive-24,MM_BLOCK,2026-03-11,27.22,29.3,29.273028612066188,24,24,100.0,2.053028612066189
SeasonalNaive-24,MM_BLOCK,2026-03-12,22.31,27.22,27.194943304451936,24,24,100.0,4.884943304451937
SeasonalNaive-24,MM_BLOCK,2026-03-13,27.34,22.31,22.289463083112516,24,24,100.0,-5.050536916887484
SeasonalNaive-24,MM_BLOCK,2026-03-14,23.4,27.34,27.31483284142968,24,24,100.0,3.914832841429682
SeasonalNaive-24,MM_BLOCK,2026-03-15,24.59,23.4,23.37845971066037,24,24,100.0,-1.2115402893396308
SeasonalNaive-24,MM_BLOCK,2026-03-16,16.3,13.73,13.717361189203713,15,24,62.5,-2.582638810796288
SeasonalNaive-24,MM_BLOCK,2026-03-17,25.31,26.08,26.05599270316335,24,24,100.0,0.7459927031633526
SeasonalNaive-24,MM_BLOCK,2026-03-18,28.130000000000003,25.31,25.286701507556153,24,24,100.0,-2.84329849244385
SeasonalNaive-24,MM_BLOCK,2026-03-19,26.689999999999998,28.130000000000003,28.104105626533173,24,24,100.0,1.4141056265331748
SeasonalNaive-24,MM_BLOCK,2026-03-20,28.25,26.689999999999998,26.665431182800226,24,24,100.0,-1.5845688171997736
SeasonalNaive-24,MM_BLOCK,2026-03-21,29.22,28.25,28.223995163510917,24,24,100.0,-0.9960048364890817
SeasonalNaive-24,MM_BLOCK,2026-03-22,25.99,29.22,29.193102254081026,24,24,100.0,3.2031022540810277
SeasonalNaive-24,MM_BLOCK,2026-03-23,26.99,25.99,25.966075550430045,24,24,100.0,-1.0239244495699538
SeasonalNaive-24,MM_BLOCK,2026-03-24,36.42,26.99,26.965155025244588,24,24,100.0,-9.454844974755414
SeasonalNaive-24,MM_BLOCK,2026-03-25,17.919999999999998,20.98,20.96068738160917,13,24,54.166666666666664,3.040687381609171
SeasonalNaive-24,MM_BLOCK,2026-03-26,28.509999999999998,33.08307692307692,33.052623117556905,24,24,100.0,4.542623117556907
SeasonalNaive-24,MM_BLOCK,2026-03-27,26.57,28.509999999999998,28.4837558269627,24,24,100.0,1.9137558269626993
SeasonalNaive-24,MM_BLOCK,2026-03-28,30.64,26.57,26.545541645822478,24,24,100.0,-4.094458354177522
SeasonalNaive-24,MM_BLOCK,2026-03-29,33.63,30.64,30.61179510831768,24,24,100.0,-3.0182048916823234
SeasonalNaive-24,MM_BLOCK,2026-03-30,28.87,33.63,33.599042738013175,24,24,100.0,4.729042738013174
SeasonalNaive-24,MM_BLOCK,2026-03-31,26.23,28.87,28.843424437895933,24,24,100.0,2.613424437895933
SeasonalNaive-24,MM_BLOCK,2026-04-01,26.93,26.23,26.205854624385534,24,24,100.0,-0.7241453756144658
SeasonalNaive-24,MM_BLOCK,2026-04-02,26.8,26.93,26.905210256755716,24,24,100.0,0.10521025675571494
SeasonalNaive-24,MM_BLOCK,2026-04-03,26.8,26.8,26.775329925029826,24,24,100.0,-0.024670074970174483
SeasonalNaive-24,MM_BLOCK,2026-04-04,26.45,26.8,26.775329925029826,24,24,100.0,0.32532992502982694
SeasonalNaive-24,MM_BLOCK,2026-04-05,24.51,26.45,26.425652108844734,24,24,100.0,1.915652108844732
SeasonalNaive-24,MM_BLOCK,2026-04-06,26.85,24.51,24.487437927704516,24,24,100.0,-2.3625620722954856
SeasonalNaive-24,MM_BLOCK,2026-04-07,27.31,26.85,26.825283898770554,24,24,100.0,-0.484716101229445
SeasonalNaive-24,MM_BLOCK,2026-04-08,27.11,27.31,27.284860457185246,24,24,100.0,0.1748604571852468
SeasonalNaive-24,MM_BLOCK,2026-04-09,26.54,27.11,27.085044562222336,24,24,100.0,0.545044562222337
SeasonalNaive-24,MM_BLOCK,2026-04-10,26.19,26.54,26.515569261578044,24,24,100.0,0.32556926157804256
SeasonalNaive-24,MM_BLOCK,2026-04-11,27.96,26.19,26.16589144539295,24,24,100.0,-1.7941085546070497
SeasonalNaive-24,MM_BLOCK,2026-04-12,25.02,27.96,27.9342621158147,24,24,100.0,2.914262115814701
SeasonalNaive-24,MM_BLOCK,2026-04-13,27.53,25.02,24.996968459859936,24,24,100.0,-2.5330315401400654
SeasonalNaive-24,MM_BLOCK,2026-04-14,26.24,27.53,27.504657941644442,24,24,100.0,1.264657941644444
SeasonalNaive-24,MM_BLOCK,2026-04-15,27.35,26.24,26.21584541913368,24,24,100.0,-1.1341545808663227
SeasonalNaive-24,MM_BLOCK,2026-04-16,28.04,27.35,27.324823636177825,24,24,100.0,-0.7151763638221738
SeasonalNaive-24,MM_BLOCK,2026-04-17,25.84,28.04,28.014188473799862,24,24,100.0,2.1741884737998625
SeasonalNaive-24,MM_BLOCK,2026-04-18,26.45,25.84,25.816213629207862,24,24,100.0,-0.6337863707921372
SeasonalNaive-24,MM_BLOCK,2026-04-19,28.34,26.45,26.425652108844734,24,24,100.0,-1.9143478911552663
SeasonalNaive-24,MM_BLOCK,2026-04-20,24.37,28.34,28.313912316244227,24,24,100.0,3.9439123162442264
SeasonalNaive-24,MM_BLOCK,2026-04-21,24.91,24.37,24.347566801230478,24,24,100.0,-0.5624331987695221
SeasonalNaive-24,MM_BLOCK,2026-04-22,24.35,24.91,24.887069717630332,24,24,100.0,0.537069717630331
SeasonalNaive-24,MRD_BLOCK,2026-03-09,27.259999999999998,14.36,14.204450729400586,24,24,100.0,-13.055549270599412
SeasonalNaive-24,MRD_BLOCK,2026-03-10,40.64,27.259999999999998,26.964716356786905,24,24,100.0,-13.675283643213096
SeasonalNaive-24,MRD_BLOCK,2026-03-11,26.14,40.64,40.19978256565737,24,24,100.0,14.059782565657372
SeasonalNaive-24,MRD_BLOCK,2026-03-12,33.91,26.14,25.85684833332391,24,24,100.0,-8.053151666676087
SeasonalNaive-24,MRD_BLOCK,2026-03-13,30.76,33.91,33.54268274609846,24,24,100.0,2.7826827460984553
SeasonalNaive-24,MRD_BLOCK,2026-03-14,26.5,30.76,30.426803930108775,24,24,100.0,3.9268039301087754
SeasonalNaive-24,MRD_BLOCK,2026-03-15,11.24,26.5,26.212948769437016,24,24,100.0,14.972948769437016
SeasonalNaive-24,MRD_BLOCK,2026-03-16,23.79,7.61,7.527567552279836,16,24,66.66666666666667,-16.262432447720162
SeasonalNaive-24,MRD_BLOCK,2026-03-17,23.48,35.685,35.29845572971169,24,24,100.0,11.81845572971169
SeasonalNaive-24,MRD_BLOCK,2026-03-18,15.29,23.48,23.22566177759929,24,24,100.0,7.9356617775992895
SeasonalNaive-24,MRD_BLOCK,2026-03-19,0.04,15.29,15.12437685602611,24,24,100.0,15.084376856026111
SeasonalNaive-24,MRD_BLOCK,2026-03-20,14.93,0.04,0.039566715123678514,24,24,100.0,-14.890433284876321
SeasonalNaive-24,MRD_BLOCK,2026-03-21,18.38,14.93,14.768276419913004,24,24,100.0,-3.611723580086995
SeasonalNaive-24,MRD_BLOCK,2026-03-22,26.900000000000002,18.38,18.180905599330277,24,24,100.0,-8.719094400669725
SeasonalNaive-24,MRD_BLOCK,2026-03-23,38.92,26.900000000000002,26.608615920673802,24,24,100.0,-12.3113840793262
SeasonalNaive-24,MRD_BLOCK,2026-03-24,27.01,38.92,38.49841381533919,24,24,100.0,11.48841381533919
SeasonalNaive-24,MRD_BLOCK,2026-03-25,10.08,12.52,12.384381833711375,13,24,54.166666666666664,2.304381833711375
SeasonalNaive-24,MRD_BLOCK,2026-03-26,41.93,18.60923076923077,18.407653312923664,24,24,100.0,-23.522346687076336
SeasonalNaive-24,MRD_BLOCK,2026-03-27,35.980000000000004,41.93,41.475809128396,24,24,100.0,5.495809128395997
SeasonalNaive-24,MRD_BLOCK,2026-03-28,31.37,35.980000000000004,35.59026025374882,24,24,100.0,4.2202602537488225
SeasonalNaive-24,MRD_BLOCK,2026-03-29,13.78,31.37,31.030196335744876,24,24,100.0,17.250196335744874
SeasonalNaive-24,MRD_BLOCK,2026-03-30,27.18,13.78,13.630733360107248,24,24,100.0,-13.549266639892751
SeasonalNaive-24,MRD_BLOCK,2026-03-31,37.0,27.18,26.88558292653955,24,24,100.0,-10.114417073460451
SeasonalNaive-24,MRD_BLOCK,2026-04-01,70.24,37.0,36.59921148940263,24,24,100.0,-33.64078851059737
SeasonalNaive-24,MRD_BLOCK,2026-04-02,82.68,70.24,69.47915175717947,24,24,100.0,-13.200848242820541
SeasonalNaive-24,MRD_BLOCK,2026-04-03,53.93,82.68,81.78440016064349,24,24,100.0,27.854400160643486
SeasonalNaive-24,MRD_BLOCK,2026-04-04,33.25,53.93,53.34582366549955,24,24,100.0,20.09582366549955
SeasonalNaive-24,MRD_BLOCK,2026-04-05,11.63,33.25,32.88983194655776,24,24,100.0,21.25983194655776
SeasonalNaive-24,MRD_BLOCK,2026-04-06,24.8,11.63,11.504022422209527,24,24,100.0,-13.295977577790474
SeasonalNaive-24,MRD_BLOCK,2026-04-07,4.98,24.8,24.531363376680677,24,24,100.0,19.551363376680676
SeasonalNaive-24,MRD_BLOCK,2026-04-08,26.32,4.98,4.926056032897975,24,24,100.0,-21.393943967102025
SeasonalNaive-24,MRD_BLOCK,2026-04-09,31.880000000000003,26.32,26.03489855138046,24,24,100.0,-5.845101448619541
SeasonalNaive-24,MRD_BLOCK,2026-04-10,22.63,31.880000000000003,31.534671953571774,24,24,100.0,8.904671953571775
SeasonalNaive-24,MRD_BLOCK,2026-04-11,29.74,22.63,22.38486908122112,24,24,100.0,-7.35513091877888
SeasonalNaive-24,MRD_BLOCK,2026-04-12,12.76,29.74,29.41785269445497,24,24,100.0,16.657852694454974
SeasonalNaive-24,MRD_BLOCK,2026-04-13,34.74,12.76,12.621782124453444,24,24,100.0,-22.118217875546556
SeasonalNaive-24,MRD_BLOCK,2026-04-14,14.15,34.74,34.36369208491479,24,24,100.0,20.21369208491479
SeasonalNaive-24,MRD_BLOCK,2026-04-15,39.9,14.15,13.996725475001274,24,24,100.0,-25.903274524998725
SeasonalNaive-24,MRD_BLOCK,2026-04-16,59.43,39.9,39.46779833586932,24,24,100.0,-19.96220166413068
SeasonalNaive-24,MRD_BLOCK,2026-04-17,46.38,59.43,58.78624699500535,24,24,100.0,12.406246995005347
SeasonalNaive-24,MRD_BLOCK,2026-04-18,51.65,46.38,45.877606185905236,24,24,100.0,-5.772393814094762
SeasonalNaive-24,MRD_BLOCK,2026-04-19,24.830000000000002,51.65,51.09052090344988,24,24,100.0,26.260520903449876
SeasonalNaive-24,MRD_BLOCK,2026-04-20,34.96,24.830000000000002,24.561038413023436,24,24,100.0,-10.398961586976565
SeasonalNaive-24,MRD_BLOCK,2026-04-21,32.46,34.96,34.58130901809502,24,24,100.0,2.121309018095019
SeasonalNaive-24,MRD_BLOCK,2026-04-22,39.17,32.46,32.108389322865115,24,24,100.0,-7.061610677134887
SeasonalNaive-24,NBX,2026-03-09,37.07,13.74,13.700611411895338,24,24,100.0,-23.369388588104663
SeasonalNaive-24,NBX,2026-03-10,32.15,37.07,36.963731079982544,24,24,100.0,4.813731079982546
SeasonalNaive-24,NBX,2026-03-11,21.8,32.15,32.05783529057024,24,24,100.0,10.257835290570238
SeasonalNaive-24,NBX,2026-03-12,14.88,21.8,21.737505733574842,24,24,100.0,6.8575057335748415
SeasonalNaive-24,NBX,2026-03-13,23.53,14.88,14.837343363100628,24,24,100.0,-8.692656636899374
SeasonalNaive-24,NBX,2026-03-14,20.59,23.53,23.462546326193397,24,24,100.0,2.8725463261933974
SeasonalNaive-24,NBX,2026-03-15,18.44,20.59,20.530974452032385,24,24,100.0,2.090974452032384
SeasonalNaive-24,NBX,2026-03-16,8.46,11.09,11.058208191988303,16,24,66.66666666666667,2.598208191988302
SeasonalNaive-24,NBX,2026-03-17,19.99,12.690000000000001,12.653621456837833,24,24,100.0,-7.336378543162166
SeasonalNaive-24,NBX,2026-03-18,15.84,19.99,19.932694477713813,24,24,100.0,4.092694477713813
SeasonalNaive-24,NBX,2026-03-19,17.810000000000002,15.84,15.794591322010344,24,24,100.0,-2.015408677989658
SeasonalNaive-24,NBX,2026-03-20,25.84,17.810000000000002,17.75894390435633,24,24,100.0,-8.081056095643671
SeasonalNaive-24,NBX,2026-03-21,17.15,25.84,25.765924227319907,24,24,100.0,8.615924227319908
SeasonalNaive-24,NBX,2026-03-22,17.66,17.15,17.100835932605897,24,24,100.0,-0.5591640673941036
SeasonalNaive-24,NBX,2026-03-23,26.549999999999997,17.66,17.609373910776686,24,24,100.0,-8.940626089223311
SeasonalNaive-24,NBX,2026-03-24,24.14,26.549999999999997,26.473888863596883,24,24,100.0,2.333888863596883
SeasonalNaive-24,NBX,2026-03-25,15.58,10.790000000000001,10.759068204829017,13,24,54.166666666666664,-4.820931795170983
SeasonalNaive-24,NBX,2026-03-26,28.51,28.763076923076923,28.6806215381027,24,24,100.0,0.1706215381026972
SeasonalNaive-24,NBX,2026-03-27,35.93,28.51,28.42827011303756,24,24,100.0,-7.5017298869624405
SeasonalNaive-24,NBX,2026-03-28,26.02,35.93,35.82699912877725,24,24,100.0,9.806999128777253
SeasonalNaive-24,NBX,2026-03-29,20.26,26.02,25.945408219615476,24,24,100.0,5.685408219615475
SeasonalNaive-24,NBX,2026-03-30,21.27,20.26,20.201920466157173,24,24,100.0,-1.0680795338428268
SeasonalNaive-24,NBX,2026-03-31,16.91,21.27,21.209025089593435,24,24,100.0,4.299025089593435
SeasonalNaive-24,NBX,2026-04-01,19.669999999999998,16.91,16.861523942878467,24,24,100.0,-2.8084760571215313
SeasonalNaive-24,NBX,2026-04-02,17.13,19.669999999999998,19.613611824743906,24,24,100.0,2.4836118247439067
SeasonalNaive-24,NBX,2026-04-03,19.95,17.13,17.08089326679528,24,24,100.0,-2.8691067332047204
SeasonalNaive-24,NBX,2026-04-04,15.7,19.95,19.892809146092574,24,24,100.0,4.192809146092575
SeasonalNaive-24,NBX,2026-04-05,15.23,15.7,15.65499266133601,24,24,100.0,0.42499266133600955
SeasonalNaive-24,NBX,2026-04-06,16.73,15.23,15.186340014786461,24,24,100.0,-1.543659985213539
SeasonalNaive-24,NBX,2026-04-07,13.8,16.73,16.682039950582894,24,24,100.0,2.882039950582893
SeasonalNaive-24,NBX,2026-04-08,19.46,13.8,13.760439409327194,24,24,100.0,-5.699560590672807
SeasonalNaive-24,NBX,2026-04-09,21.01,19.46,19.404213833732406,24,24,100.0,-1.6057861662675954
SeasonalNaive-24,NBX,2026-04-10,16.09,21.01,20.949770434055388,24,24,100.0,4.859770434055388
SeasonalNaive-24,NBX,2026-04-11,13.43,16.09,16.043874644643083,24,24,100.0,2.613874644643083
SeasonalNaive-24,NBX,2026-04-12,12.56,13.43,13.391500091830741,24,24,100.0,0.8315000918307405
SeasonalNaive-24,NBX,2026-04-13,13.12,12.56,12.523994129068809,24,24,100.0,-0.5960058709311902
SeasonalNaive-24,NBX,2026-04-14,13.57,13.12,13.082388771766144,24,24,100.0,-0.48761122823385605
SeasonalNaive-24,NBX,2026-04-15,18.22,13.57,13.531098752505075,24,24,100.0,-4.688901247494924
SeasonalNaive-24,NBX,2026-04-16,14.55,15.86,15.814533987820964,21,24,87.5,1.264533987820963
SeasonalNaive-24,NBX,2026-04-17,14.27,16.62857142857143,16.58090214540047,24,24,100.0,2.310902145400469
SeasonalNaive-24,NBX,2026-04-18,16.83,14.27,14.229092055876743,24,24,100.0,-2.6009079441232554
SeasonalNaive-24,NBX,2026-04-19,18.73,16.83,16.781753279635993,24,24,100.0,-1.9482467203640077
SeasonalNaive-24,NBX,2026-04-20,15.51,18.73,18.67630653164481,24,24,100.0,3.1663065316448087
SeasonalNaive-24,NBX,2026-04-21,18.36,15.51,15.46553733613513,24,24,100.0,-2.8944626638648696
SeasonalNaive-24,NBX,2026-04-22,20.98,18.36,18.307367214148353,24,24,100.0,-2.672632785851647
SeasonalNaive-24,NEW_BLOCK,2026-03-09,3.5,4.34,4.3623308610294655,24,24,100.0,0.8623308610294655
SeasonalNaive-24,NEW_BLOCK,2026-03-10,3.7,3.5,3.51800875889473,24,24,100.0,-0.18199124110526999
SeasonalNaive-24,NEW_BLOCK,2026-03-11,2.93,3.7,3.7190378308315717,24,24,100.0,0.7890378308315715
SeasonalNaive-24,NEW_BLOCK,2026-03-12,3.94,2.93,2.945075903874731,24,24,100.0,-0.9949240961252688
SeasonalNaive-24,NEW_BLOCK,2026-03-13,3.66,3.94,3.9602727171557817,24,24,100.0,0.3002727171557815
SeasonalNaive-24,NEW_BLOCK,2026-03-14,4.19,3.66,3.6788320164442037,24,24,100.0,-0.5111679835557967
SeasonalNaive-24,NEW_BLOCK,2026-03-15,3.58,4.19,4.211559057076834,24,24,100.0,0.6315590570768341
SeasonalNaive-24,NEW_BLOCK,2026-03-16,2.55,2.21,2.2213712449021012,16,24,66.66666666666667,-0.3286287550978986
SeasonalNaive-24,NEW_BLOCK,2026-03-17,3.8,3.8249999999999997,3.8446810007920975,24,24,100.0,0.04468100079209769
SeasonalNaive-24,NEW_BLOCK,2026-03-18,3.83,3.8,3.819552366799993,24,24,100.0,-0.01044763320000719
SeasonalNaive-24,NEW_BLOCK,2026-03-19,2.69,3.83,3.849706727590519,24,24,100.0,1.1597067275905188
SeasonalNaive-24,NEW_BLOCK,2026-03-20,2.63,2.69,2.703841017550521,24,24,100.0,0.0738410175505213
SeasonalNaive-24,NEW_BLOCK,2026-03-21,2.58,2.63,2.6435322959694685,24,24,100.0,0.06353229596946841
SeasonalNaive-24,NEW_BLOCK,2026-03-22,3.16,2.58,2.5932750279852583,24,24,100.0,-0.5667249720147418
SeasonalNaive-24,NEW_BLOCK,2026-03-23,3.89,3.16,3.176259336602099,24,24,100.0,-0.7137406633979011
SeasonalNaive-24,NEW_BLOCK,2026-03-24,4.3,3.89,3.9100154491715715,24,24,100.0,-0.3899845508284283
SeasonalNaive-24,NEW_BLOCK,2026-03-25,1.89,2.0,2.010290719368417,13,24,54.166666666666664,0.12029071936841729
SeasonalNaive-24,NEW_BLOCK,2026-03-26,3.72,3.4892307692307694,3.5071841165596696,24,24,100.0,-0.21281588344033064
SeasonalNaive-24,NEW_BLOCK,2026-03-27,4.49,3.72,3.739140738025256,24,24,100.0,-0.7508592619747443
SeasonalNaive-24,NEW_BLOCK,2026-03-28,4.39,4.49,4.513102664982097,24,24,100.0,0.12310266498209721
SeasonalNaive-24,NEW_BLOCK,2026-03-29,4.42,4.39,4.412588129013676,24,24,100.0,-0.007411870986324232
SeasonalNaive-24,NEW_BLOCK,2026-03-30,4.31,4.42,4.4427424898042025,24,24,100.0,0.1327424898042029
SeasonalNaive-24,NEW_BLOCK,2026-03-31,4.37,4.31,4.332176500238939,24,24,100.0,-0.03782349976106136
SeasonalNaive-24,NEW_BLOCK,2026-04-01,4.72,4.37,4.3924852218199915,24,24,100.0,-0.3275147781800083
SeasonalNaive-24,NEW_BLOCK,2026-04-02,4.1,4.72,4.744286097709464,24,24,100.0,0.6442860977094647
SeasonalNaive-24,NEW_BLOCK,2026-04-03,4.54,4.1,4.121095974705256,24,24,100.0,-0.41890402529474446
SeasonalNaive-24,NEW_BLOCK,2026-04-04,4.32,4.54,4.563359932966307,24,24,100.0,0.24335993296630676
SeasonalNaive-24,NEW_BLOCK,2026-04-05,4.07,4.32,4.342227953835781,24,24,100.0,0.272227953835781
SeasonalNaive-24,NEW_BLOCK,2026-04-06,4.36,4.07,4.090941613914729,24,24,100.0,-0.26905838608527155
SeasonalNaive-24,NEW_BLOCK,2026-04-07,4.53,4.36,4.38243376822315,24,24,100.0,-0.14756623177685046
SeasonalNaive-24,NEW_BLOCK,2026-04-08,4.15,4.53,4.553308479369465,24,24,100.0,0.403308479369465
SeasonalNaive-24,NEW_BLOCK,2026-04-09,4.01,4.15,4.171353242689466,24,24,100.0,0.16135324268946594
SeasonalNaive-24,NEW_BLOCK,2026-04-10,4.2700000000000005,4.01,4.030632892333676,24,24,100.0,-0.2393671076663244
SeasonalNaive-24,NEW_BLOCK,2026-04-11,4.26,4.2700000000000005,4.291970685851571,24,24,100.0,0.03197068585157137
SeasonalNaive-24,NEW_BLOCK,2026-04-12,4.08,4.26,4.281919232254729,24,24,100.0,0.20191923225472852
SeasonalNaive-24,NEW_BLOCK,2026-04-13,4.08,4.08,4.100993067511571,24,24,100.0,0.02099306751157126
SeasonalNaive-24,NEW_BLOCK,2026-04-14,3.92,4.08,4.100993067511571,24,24,100.0,0.1809930675115714
SeasonalNaive-24,NEW_BLOCK,2026-04-15,3.81,3.92,3.940169809962098,24,24,100.0,0.13016980996209782
SeasonalNaive-24,NEW_BLOCK,2026-04-16,4.33,3.81,3.829603820396835,24,24,100.0,-0.5003961796031651
SeasonalNaive-24,NEW_BLOCK,2026-04-17,4.12,4.33,4.352279407432623,24,24,100.0,0.23227940743262288
SeasonalNaive-24,NEW_BLOCK,2026-04-18,3.9,4.12,4.14119888189894,24,24,100.0,0.2411988818989399
SeasonalNaive-24,NEW_BLOCK,2026-04-19,3.92,3.9,3.9200669027684136,24,24,100.0,6.690276841370135e-05
SeasonalNaive-24,NEW_BLOCK,2026-04-20,3.97,3.92,3.940169809962098,24,24,100.0,-0.029830190037902327
SeasonalNaive-24,NEW_BLOCK,2026-04-21,3.15,3.97,3.9904270779463085,24,24,100.0,0.8404270779463086
SeasonalNaive-24,NEW_BLOCK,2026-04-22,4.57,3.15,3.1662078830052574,24,24,100.0,-1.403792116994743
SeasonalNaive-24,NEW_BLOCK_RO,2026-03-09,0.0,0.0,0.0,24,24,100.0,0.0
SeasonalNaive-24,NEW_BLOCK_RO,2026-03-10,0.0,0.0,0.0,24,24,100.0,0.0
SeasonalNaive-24,NEW_BLOCK_RO,2026-03-11,0.0,0.0,0.0,24,24,100.0,0.0
SeasonalNaive-24,NEW_BLOCK_RO,2026-03-12,0.0,0.0,0.0,24,24,100.0,0.0
SeasonalNaive-24,NEW_BLOCK_RO,2026-03-13,0.0,0.0,0.0,24,24,100.0,0.0
SeasonalNaive-24,NEW_BLOCK_RO,2026-03-14,0.0,0.0,0.0,24,24,100.0,0.0
SeasonalNaive-24,NEW_BLOCK_RO,2026-03-15,0.0,0.0,0.0,24,24,100.0,0.0
SeasonalNaive-24,NEW_BLOCK_RO,2026-03-16,0.0,0.0,0.0,15,24,62.5,0.0
SeasonalNaive-24,NEW_BLOCK_RO,2026-03-17,0.04,0.0,0.0,24,24,100.0,-0.04
SeasonalNaive-24,NEW_BLOCK_RO,2026-03-18,0.02,0.04,0.04,24,24,100.0,0.02
SeasonalNaive-24,NEW_BLOCK_RO,2026-03-19,0.02,0.02,0.02,24,24,100.0,0.0
SeasonalNaive-24,NEW_BLOCK_RO,2026-03-20,0.02,0.02,0.02,24,24,100.0,0.0
SeasonalNaive-24,NEW_BLOCK_RO,2026-03-21,0.01,0.02,0.02,24,24,100.0,0.01
SeasonalNaive-24,NEW_BLOCK_RO,2026-03-22,0.0,0.01,0.01,24,24,100.0,0.01
SeasonalNaive-24,NEW_BLOCK_RO,2026-03-23,0.0,0.0,0.0,24,24,100.0,0.0
SeasonalNaive-24,NEW_BLOCK_RO,2026-03-24,0.0,0.0,0.0,24,24,100.0,0.0
SeasonalNaive-24,NEW_BLOCK_RO,2026-03-25,0.0,0.0,0.0,13,24,54.166666666666664,0.0
SeasonalNaive-24,NEW_BLOCK_RO,2026-03-26,0.0,0.0,0.0,24,24,100.0,0.0
SeasonalNaive-24,NEW_BLOCK_RO,2026-03-27,0.0,0.0,0.0,24,24,100.0,0.0
SeasonalNaive-24,NEW_BLOCK_RO,2026-03-28,0.03,0.0,0.0,24,24,100.0,-0.03
SeasonalNaive-24,NEW_BLOCK_RO,2026-03-29,0.02,0.03,0.03,24,24,100.0,0.009999999999999998
SeasonalNaive-24,NEW_BLOCK_RO,2026-03-30,0.01,0.02,0.02,24,24,100.0,0.01
SeasonalNaive-24,NEW_BLOCK_RO,2026-03-31,0.0,0.01,0.01,24,24,100.0,0.01
SeasonalNaive-24,NEW_BLOCK_RO,2026-04-01,0.0,0.0,0.0,24,24,100.0,0.0
SeasonalNaive-24,NEW_BLOCK_RO,2026-04-02,0.01,0.0,0.0,24,24,100.0,-0.01
SeasonalNaive-24,NEW_BLOCK_RO,2026-04-03,0.01,0.01,0.01,24,24,100.0,0.0
SeasonalNaive-24,NEW_BLOCK_RO,2026-04-04,0.0,0.01,0.01,24,24,100.0,0.01
SeasonalNaive-24,NEW_BLOCK_RO,2026-04-05,0.0,0.0,0.0,24,24,100.0,0.0
SeasonalNaive-24,NEW_BLOCK_RO,2026-04-06,0.02,0.0,0.0,24,24,100.0,-0.02
SeasonalNaive-24,NEW_BLOCK_RO,2026-04-07,0.01,0.02,0.02,24,24,100.0,0.01
SeasonalNaive-24,NEW_BLOCK_RO,2026-04-08,0.02,0.01,0.01,24,24,100.0,-0.01
SeasonalNaive-24,NEW_BLOCK_RO,2026-04-09,0.02,0.02,0.02,24,24,100.0,0.0
SeasonalNaive-24,NEW_BLOCK_RO,2026-04-10,0.02,0.02,0.02,24,24,100.0,0.0
SeasonalNaive-24,NEW_BLOCK_RO,2026-04-11,0.0,0.02,0.02,24,24,100.0,0.02
SeasonalNaive-24,NEW_BLOCK_RO,2026-04-12,0.0,0.0,0.0,24,24,100.0,0.0
SeasonalNaive-24,NEW_BLOCK_RO,2026-04-13,0.01,0.0,0.0,24,24,100.0,-0.01
SeasonalNaive-24,NEW_BLOCK_RO,2026-04-14,0.01,0.01,0.01,24,24,100.0,0.0
SeasonalNaive-24,NEW_BLOCK_RO,2026-04-15,0.0,0.01,0.01,24,24,100.0,0.01
SeasonalNaive-24,NEW_BLOCK_RO,2026-04-16,0.01,0.0,0.0,24,24,100.0,-0.01
SeasonalNaive-24,NEW_BLOCK_RO,2026-04-17,0.01,0.01,0.01,24,24,100.0,0.0
SeasonalNaive-24,NEW_BLOCK_RO,2026-04-18,0.0,0.01,0.01,24,24,100.0,0.01
SeasonalNaive-24,NEW_BLOCK_RO,2026-04-19,0.02,0.0,0.0,24,24,100.0,-0.02
SeasonalNaive-24,NEW_BLOCK_RO,2026-04-20,0.01,0.02,0.02,24,24,100.0,0.01
SeasonalNaive-24,NEW_BLOCK_RO,2026-04-21,0.01,0.01,0.01,24,24,100.0,0.0
SeasonalNaive-24,NEW_BLOCK_RO,2026-04-22,0.0,0.01,0.01,24,24,100.0,0.01
SeasonalNaive-24,TECH_PARK,2026-03-09,13.62,4.35,4.305818900683313,24,24,100.0,-9.314181099316686
SeasonalNaive-24,TECH_PARK,2026-03-10,12.42,13.62,13.48166745455327,24,24,100.0,1.0616674545532696
SeasonalNaive-24,TECH_PARK,2026-03-11,14.87,12.42,12.293855344019942,24,24,100.0,-2.576144655980057
SeasonalNaive-24,TECH_PARK,2026-03-12,15.95,14.87,14.71897173635882,24,24,100.0,-1.2310282636411785
SeasonalNaive-24,TECH_PARK,2026-03-13,14.65,15.95,15.788002635838815,24,24,100.0,1.1380026358388147
SeasonalNaive-24,TECH_PARK,2026-03-14,7.96,14.65,14.501206182761043,24,24,100.0,6.5412061827610435
SeasonalNaive-24,TECH_PARK,2026-03-15,3.62,7.96,7.879153666537741,24,24,100.0,4.259153666537741
SeasonalNaive-24,TECH_PARK,2026-03-16,10.98,2.44,2.4152179580844333,16,24,66.66666666666667,-8.564782041915567
SeasonalNaive-24,TECH_PARK,2026-03-17,11.68,16.47,16.302721217069923,24,24,100.0,4.622721217069923
SeasonalNaive-24,TECH_PARK,2026-03-18,9.98,11.68,11.561371209191057,24,24,100.0,1.5813712091910563
SeasonalNaive-24,TECH_PARK,2026-03-19,4.96,9.98,9.87863738593551,24,24,100.0,4.918637385935511
SeasonalNaive-24,TECH_PARK,2026-03-20,8.95,4.96,4.9096233902044215,24,24,100.0,-4.040376609795578
SeasonalNaive-24,TECH_PARK,2026-03-21,3.88,8.95,8.859098657727737,24,24,100.0,4.979098657727737
SeasonalNaive-24,TECH_PARK,2026-03-22,2.72,3.88,3.8405924907244264,24,24,100.0,1.1205924907244262
SeasonalNaive-24,TECH_PARK,2026-03-23,10.18,2.72,2.6923741172088764,24,24,100.0,-7.487625882791123
SeasonalNaive-24,TECH_PARK,2026-03-24,9.83,10.18,10.076606071024397,24,24,100.0,0.2466060710243969
SeasonalNaive-24,TECH_PARK,2026-03-25,5.81,6.920000000000001,6.8497165040755235,13,24,54.166666666666664,1.0397165040755239
SeasonalNaive-24,TECH_PARK,2026-03-26,11.45,10.726153846153846,10.617212864920976,24,24,100.0,-0.8327871350790232
SeasonalNaive-24,TECH_PARK,2026-03-27,13.96,11.45,11.333707221338836,24,24,100.0,-2.626292778661165
SeasonalNaive-24,TECH_PARK,2026-03-28,10.09,13.96,13.81821421920438,24,24,100.0,3.7282142192043803
SeasonalNaive-24,TECH_PARK,2026-03-29,4.29,10.09,9.987520162734398,24,24,100.0,5.697520162734398
SeasonalNaive-24,TECH_PARK,2026-03-30,12.35,4.29,4.246428295156647,24,24,100.0,-8.103571704843352
SeasonalNaive-24,TECH_PARK,2026-03-31,15.93,12.35,12.224566304238833,24,24,100.0,-3.705433695761167
SeasonalNaive-24,TECH_PARK,2026-04-01,13.16,15.93,15.768205767329926,24,24,100.0,2.6082057673299257
SeasonalNaive-24,TECH_PARK,2026-04-02,9.040000000000001,13.16,13.026339478848827,24,24,100.0,3.9863394788488264
SeasonalNaive-24,TECH_PARK,2026-04-03,4.78,9.040000000000001,8.948184566017737,24,24,100.0,4.168184566017737
SeasonalNaive-24,TECH_PARK,2026-04-04,7.7,4.78,4.7314515736244225,24,24,100.0,-2.9685484263755777
SeasonalNaive-24,TECH_PARK,2026-04-05,3.23,7.7,7.621794375922187,24,24,100.0,4.391794375922187
SeasonalNaive-24,TECH_PARK,2026-04-06,14.07,3.23,3.1971942641855406,24,24,100.0,-10.87280573581446
SeasonalNaive-24,TECH_PARK,2026-04-07,7.84,14.07,13.927096996003268,24,24,100.0,6.087096996003268
SeasonalNaive-24,TECH_PARK,2026-04-08,14.05,7.84,7.760372455484409,24,24,100.0,-6.289627544515592
SeasonalNaive-24,TECH_PARK,2026-04-09,10.11,14.05,13.90730012749438,24,24,100.0,3.797300127494381
SeasonalNaive-24,TECH_PARK,2026-04-10,14.45,10.11,10.007317031243286,24,24,100.0,-4.4426829687567135
SeasonalNaive-24,TECH_PARK,2026-04-11,5.7,14.45,14.303237497672155,24,24,100.0,8.603237497672154
SeasonalNaive-24,TECH_PARK,2026-04-12,1.6800000000000002,5.7,5.642107525033308,24,24,100.0,3.9621075250333075
SeasonalNaive-24,TECH_PARK,2026-04-13,12.66,1.6800000000000002,1.662936954746659,24,24,100.0,-10.997063045253341
SeasonalNaive-24,TECH_PARK,2026-04-14,3.73,12.66,12.531417766126609,24,24,100.0,8.801417766126608
SeasonalNaive-24,TECH_PARK,2026-04-15,9.39,3.73,3.6921159769077607,24,24,100.0,-5.697884023092239
SeasonalNaive-24,TECH_PARK,2026-04-16,10.32,9.39,9.29462976492329,24,24,100.0,-1.0253702350767107
SeasonalNaive-24,TECH_PARK,2026-04-17,14.08,10.32,10.21518415058662,24,24,100.0,-3.8648158494133806
SeasonalNaive-24,TECH_PARK,2026-04-18,6.8100000000000005,14.08,13.936995430257713,24,24,100.0,7.126995430257713
SeasonalNaive-24,TECH_PARK,2026-04-19,3.83,6.8100000000000005,6.740833727276636,24,24,100.0,2.9108337272766356
SeasonalNaive-24,TECH_PARK,2026-04-20,8.94,3.83,3.7911003194522044,24,24,100.0,-5.148899680547795
SeasonalNaive-24,TECH_PARK,2026-04-21,12.72,8.94,8.849200223473293,24,24,100.0,-3.8707997765267077
SeasonalNaive-24,TECH_PARK,2026-04-22,10.120000000000001,12.72,12.590808371653274,24,24,100.0,2.4708083716532734
